Fuente;País;Título;Categoría;Tipo de recurso;Formato;Año publicación;Mes publicación;Archivo original;URL fuente;URL portal
INE Venezuela - Instituto Nacional de Estadística;Venezuela;Anuario Estadístico 1909;Anuarios;Documento;PDF;2026;mayo;ANUARIO-ESTADISTICO-DE-VENEZUELA-1909.pdf;https://ine.gob.ve/wp-content/uploads/2026/05/ANUARIO-ESTADISTICO-DE-VENEZUELA-1909.pdf;https://ine.gob.ve/
INE Venezuela - Instituto Nacional de Estadística;Venezuela;Anuario Estadístico 1910;Anuarios;Documento;PDF;2026;mayo;ANUARIO-ESTADISTICO-DE-VENEZUELA-1910.pdf;https://ine.gob.ve/wp-content/uploads/2026/05/ANUARIO-ESTADISTICO-DE-VENEZUELA-1910.pdf;https://ine.gob.ve/
INE Venezuela - Instituto Nacional de Estadística;Venezuela;Anuario Estadístico 1911;Anuarios;Documento;PDF;2026;mayo;ANUARIO-ESTADISTICO-DE-VENEZUELA-1911.pdf;https://ine.gob.ve/wp-content/uploads/2026/05/ANUARIO-ESTADISTICO-DE-VENEZUELA-1911.pdf;https://ine.gob.ve/
INE Venezuela - Instituto Nacional de Estadística;Venezuela;Anuario Estadístico 1912;Anuarios;Documento;PDF;2026;mayo;ANUARIO-ESTADISTICO-DE-VENEZUELA-1912.pdf;https://ine.gob.ve/wp-content/uploads/2026/05/ANUARIO-ESTADISTICO-DE-VENEZUELA-1912.pdf;https://ine.gob.ve/
INE Venezuela - Instituto Nacional de Estadística;Venezuela;Anuario Estadístico 1938;Anuarios;Documento;PDF;2026;mayo;ANUARIO-ESTADISTICO-DE-VENEZUELA-1938.pdf;https://ine.gob.ve/wp-content/uploads/2026/05/ANUARIO-ESTADISTICO-DE-VENEZUELA-1938.pdf;https://ine.gob.ve/
INE Venezuela - Instituto Nacional de Estadística;Venezuela;Anuario Estadístico 1942;Anuarios;Documento;PDF;2026;mayo;ANUARIO-ESTADISTICO-DE-VENEZUELA-1942.pdf;https://ine.gob.ve/wp-content/uploads/2026/05/ANUARIO-ESTADISTICO-DE-VENEZUELA-1942.pdf;https://ine.gob.ve/
INE Venezuela - Instituto Nacional de Estadística;Venezuela;Anuario Estadístico 1943;Anuarios;Documento;PDF;2026;mayo;ANUARIO-ESTADISTICO-DE-VENEZUELA-1943.pdf;https://ine.gob.ve/wp-content/uploads/2026/05/ANUARIO-ESTADISTICO-DE-VENEZUELA-1943.pdf;https://ine.gob.ve/
INE Venezuela - Instituto Nacional de Estadística;Venezuela;Anuario Estadístico 1944;Anuarios;Documento;PDF;2026;mayo;ANUARIO-ESTADISTICO-DE-VENEZUELA-1944.pdf;https://ine.gob.ve/wp-content/uploads/2026/05/ANUARIO-ESTADISTICO-DE-VENEZUELA-1944.pdf;https://ine.gob.ve/
INE Venezuela - Instituto Nacional de Estadística;Venezuela;Anuario Estadístico 2003;Anuarios;Documento;PDF;2026;mayo;ANUARIO-ESTADISTICO-DE-VENEZUELA-2003.pdf;https://ine.gob.ve/wp-content/uploads/2026/05/ANUARIO-ESTADISTICO-DE-VENEZUELA-2003.pdf;https://ine.gob.ve/
INE Venezuela - Instituto Nacional de Estadística;Venezuela;Anuarios Estadísticos 1940;Anuarios;Documento;PDF;2026;mayo;ANUARIO-ESTADISTICO-DE-VENEZUELA-1940.pdf;https://ine.gob.ve/wp-content/uploads/2026/05/ANUARIO-ESTADISTICO-DE-VENEZUELA-1940.pdf;https://ine.gob.ve/
INE Venezuela - Instituto Nacional de Estadística;Venezuela;Amazonas 2001-2011;Censo 2001-2011;Dato tabular;XLS;2026;abril;Estado-Amazonas-Censo-2001-y-2011-1.xls;https://ine.gob.ve/wp-content/uploads/2026/04/Estado-Amazonas-Censo-2001-y-2011-1.xls;https://ine.gob.ve/
INE Venezuela - Instituto Nacional de Estadística;Venezuela;Amazonas 2001-2011;Censo 2001-2011;Dato tabular;XLS;2026;abril;Estado-Amazonas-Censo-2001-y-2011.xls;https://ine.gob.ve/wp-content/uploads/2026/04/Estado-Amazonas-Censo-2001-y-2011.xls;https://ine.gob.ve/
INE Venezuela - Instituto Nacional de Estadística;Venezuela;Anzoátegui 2001-2011;Censo 2001-2011;Dato tabular;XLS;2026;abril;Estado-Anzoategui-Censo-2001-y-2011-1.xls;https://ine.gob.ve/wp-content/uploads/2026/04/Estado-Anzoategui-Censo-2001-y-2011-1.xls;https://ine.gob.ve/
INE Venezuela - Instituto Nacional de Estadística;Venezuela;Anzoátegui 2001-2011;Censo 2001-2011;Dato tabular;XLS;2026;abril;Estado-Anzoategui-Censo-2001-y-2011.xls;https://ine.gob.ve/wp-content/uploads/2026/04/Estado-Anzoategui-Censo-2001-y-2011.xls;https://ine.gob.ve/
INE Venezuela - Instituto Nacional de Estadística;Venezuela;Apure 2001-2011;Censo 2001-2011;Dato tabular;XLS;2026;abril;Estado-Apure-Censo-2001-y-2011-1.xls;https://ine.gob.ve/wp-content/uploads/2026/04/Estado-Apure-Censo-2001-y-2011-1.xls;https://ine.gob.ve/
INE Venezuela - Instituto Nacional de Estadística;Venezuela;Apure 2001-2011;Censo 2001-2011;Dato tabular;XLS;2026;abril;Estado-Apure-Censo-2001-y-2011.xls;https://ine.gob.ve/wp-content/uploads/2026/04/Estado-Apure-Censo-2001-y-2011.xls;https://ine.gob.ve/
INE Venezuela - Instituto Nacional de Estadística;Venezuela;Aragua 2001-2011;Censo 2001-2011;Dato tabular;XLS;2026;abril;Estado-Aragua-Censo-2001-y-2011.xls;https://ine.gob.ve/wp-content/uploads/2026/04/Estado-Aragua-Censo-2001-y-2011.xls;https://ine.gob.ve/
INE Venezuela - Instituto Nacional de Estadística;Venezuela;Barinas 2001-2011;Censo 2001-2011;Dato tabular;XLS;2026;abril;Estado-Barinas-Censo-2001-y-2011.xls;https://ine.gob.ve/wp-content/uploads/2026/04/Estado-Barinas-Censo-2001-y-2011.xls;https://ine.gob.ve/
INE Venezuela - Instituto Nacional de Estadística;Venezuela;Bolívar 2001-2011;Censo 2001-2011;Dato tabular;XLS;2026;abril;Estado-Bolivar-Censo-2001-y-2011-1.xls;https://ine.gob.ve/wp-content/uploads/2026/04/Estado-Bolivar-Censo-2001-y-2011-1.xls;https://ine.gob.ve/
INE Venezuela - Instituto Nacional de Estadística;Venezuela;Bolívar 2001-2011;Censo 2001-2011;Dato tabular;XLS;2026;abril;Estado-Bolivar-Censo-2001-y-2011.xls;https://ine.gob.ve/wp-content/uploads/2026/04/Estado-Bolivar-Censo-2001-y-2011.xls;https://ine.gob.ve/
INE Venezuela - Instituto Nacional de Estadística;Venezuela;Carabobo 2001-2011;Censo 2001-2011;Dato tabular;XLS;2026;abril;Estado-Carabobo-Censo-2001-y-2011-1.xls;https://ine.gob.ve/wp-content/uploads/2026/04/Estado-Carabobo-Censo-2001-y-2011-1.xls;https://ine.gob.ve/
INE Venezuela - Instituto Nacional de Estadística;Venezuela;Carabobo 2001-2011;Censo 2001-2011;Dato tabular;XLS;2026;abril;Estado-Carabobo-Censo-2001-y-2011.xls;https://ine.gob.ve/wp-content/uploads/2026/04/Estado-Carabobo-Censo-2001-y-2011.xls;https://ine.gob.ve/
INE Venezuela - Instituto Nacional de Estadística;Venezuela;Cojedes 2001-2011;Censo 2001-2011;Dato tabular;XLS;2026;abril;Estado-Cojedes-Censo-2001-y-2011-1.xls;https://ine.gob.ve/wp-content/uploads/2026/04/Estado-Cojedes-Censo-2001-y-2011-1.xls;https://ine.gob.ve/
INE Venezuela - Instituto Nacional de Estadística;Venezuela;Cojedes 2001-2011;Censo 2001-2011;Dato tabular;XLS;2026;abril;Estado-Cojedes-Censo-2001-y-2011.xls;https://ine.gob.ve/wp-content/uploads/2026/04/Estado-Cojedes-Censo-2001-y-2011.xls;https://ine.gob.ve/
INE Venezuela - Instituto Nacional de Estadística;Venezuela;Delta Amacuro 2001-2011;Censo 2001-2011;Dato tabular;XLS;2026;abril;Estado-Delta-Amacuro-Censo-2001-y-2011-1.xls;https://ine.gob.ve/wp-content/uploads/2026/04/Estado-Delta-Amacuro-Censo-2001-y-2011-1.xls;https://ine.gob.ve/
INE Venezuela - Instituto Nacional de Estadística;Venezuela;Delta Amacuro 2001-2011;Censo 2001-2011;Dato tabular;XLS;2026;abril;Estado-Delta-Amacuro-Censo-2001-y-2011.xls;https://ine.gob.ve/wp-content/uploads/2026/04/Estado-Delta-Amacuro-Censo-2001-y-2011.xls;https://ine.gob.ve/
INE Venezuela - Instituto Nacional de Estadística;Venezuela;Dep. Federales;Censo 2001-2011;Dato tabular;XLS;2026;abril;Dependencias-Federales-Censo-2001-y-2011-1.xls;https://ine.gob.ve/wp-content/uploads/2026/04/Dependencias-Federales-Censo-2001-y-2011-1.xls;https://ine.gob.ve/
INE Venezuela - Instituto Nacional de Estadística;Venezuela;Dep. Federales 2001-2011;Censo 2001-2011;Dato tabular;XLS;2026;abril;Dependencias-Federales-Censo-2001-y-2011.xls;https://ine.gob.ve/wp-content/uploads/2026/04/Dependencias-Federales-Censo-2001-y-2011.xls;https://ine.gob.ve/
INE Venezuela - Instituto Nacional de Estadística;Venezuela;Distr. Capital 2001-2011;Censo 2001-2011;Dato tabular;XLS;2026;abril;Distrito-Capital-Censo-2001-y-2011-1.xls;https://ine.gob.ve/wp-content/uploads/2026/04/Distrito-Capital-Censo-2001-y-2011-1.xls;https://ine.gob.ve/
INE Venezuela - Instituto Nacional de Estadística;Venezuela;Distr. Capital 2001-2011;Censo 2001-2011;Dato tabular;XLS;2026;abril;Distrito-Capital-Censo-2001-y-2011.xls;https://ine.gob.ve/wp-content/uploads/2026/04/Distrito-Capital-Censo-2001-y-2011.xls;https://ine.gob.ve/
INE Venezuela - Instituto Nacional de Estadística;Venezuela;Falcón 2001-2011;Censo 2001-2011;Dato tabular;XLS;2026;abril;Estado-Falcon-Censo-2001-y-2011-1.xls;https://ine.gob.ve/wp-content/uploads/2026/04/Estado-Falcon-Censo-2001-y-2011-1.xls;https://ine.gob.ve/
INE Venezuela - Instituto Nacional de Estadística;Venezuela;Falcón 2001-2011;Censo 2001-2011;Dato tabular;XLS;2026;abril;Estado-Falcon-Censo-2001-y-2011.xls;https://ine.gob.ve/wp-content/uploads/2026/04/Estado-Falcon-Censo-2001-y-2011.xls;https://ine.gob.ve/
INE Venezuela - Instituto Nacional de Estadística;Venezuela;Guárico 2001-2011;Censo 2001-2011;Dato tabular;XLS;2026;abril;Estado-Guarico-Censo-2001-y-2011-1.xls;https://ine.gob.ve/wp-content/uploads/2026/04/Estado-Guarico-Censo-2001-y-2011-1.xls;https://ine.gob.ve/
INE Venezuela - Instituto Nacional de Estadística;Venezuela;Guárico 2001-2011;Censo 2001-2011;Dato tabular;XLS;2026;abril;Estado-Guarico-Censo-2001-y-2011.xls;https://ine.gob.ve/wp-content/uploads/2026/04/Estado-Guarico-Censo-2001-y-2011.xls;https://ine.gob.ve/
INE Venezuela - Instituto Nacional de Estadística;Venezuela;La Guaira 2001-2011;Censo 2001-2011;Dato tabular;XLS;2026;abril;Estado-La-Guaira-Censo-2001-y-2011-1.xls;https://ine.gob.ve/wp-content/uploads/2026/04/Estado-La-Guaira-Censo-2001-y-2011-1.xls;https://ine.gob.ve/
INE Venezuela - Instituto Nacional de Estadística;Venezuela;La Guaira 2001-2011;Censo 2001-2011;Dato tabular;XLS;2026;abril;Estado-La-Guaira-Censo-2001-y-2011.xls;https://ine.gob.ve/wp-content/uploads/2026/04/Estado-La-Guaira-Censo-2001-y-2011.xls;https://ine.gob.ve/
INE Venezuela - Instituto Nacional de Estadística;Venezuela;Lara 2001-2011;Censo 2001-2011;Dato tabular;XLS;2026;abril;Estado-Lara-Censo-2001-y-2011-1.xls;https://ine.gob.ve/wp-content/uploads/2026/04/Estado-Lara-Censo-2001-y-2011-1.xls;https://ine.gob.ve/
INE Venezuela - Instituto Nacional de Estadística;Venezuela;Lara 2001-2011;Censo 2001-2011;Dato tabular;XLS;2026;abril;Estado-Lara-Censo-2001-y-2011.xls;https://ine.gob.ve/wp-content/uploads/2026/04/Estado-Lara-Censo-2001-y-2011.xls;https://ine.gob.ve/
INE Venezuela - Instituto Nacional de Estadística;Venezuela;Miranda 2001-2011;Censo 2001-2011;Dato tabular;XLS;2026;abril;Estado-Miranda-Censo-2001-y-2011-1.xls;https://ine.gob.ve/wp-content/uploads/2026/04/Estado-Miranda-Censo-2001-y-2011-1.xls;https://ine.gob.ve/
INE Venezuela - Instituto Nacional de Estadística;Venezuela;Miranda 2001-2011;Censo 2001-2011;Dato tabular;XLS;2026;abril;Estado-Miranda-Censo-2001-y-2011.xls;https://ine.gob.ve/wp-content/uploads/2026/04/Estado-Miranda-Censo-2001-y-2011.xls;https://ine.gob.ve/
INE Venezuela - Instituto Nacional de Estadística;Venezuela;Monagas 2001-2011;Censo 2001-2011;Dato tabular;XLS;2026;abril;Estado-Monagas-Censo-2001-y-2011-1.xls;https://ine.gob.ve/wp-content/uploads/2026/04/Estado-Monagas-Censo-2001-y-2011-1.xls;https://ine.gob.ve/
INE Venezuela - Instituto Nacional de Estadística;Venezuela;Monagas 2001-2011;Censo 2001-2011;Dato tabular;XLS;2026;abril;Estado-Monagas-Censo-2001-y-2011.xls;https://ine.gob.ve/wp-content/uploads/2026/04/Estado-Monagas-Censo-2001-y-2011.xls;https://ine.gob.ve/
INE Venezuela - Instituto Nacional de Estadística;Venezuela;Mérida 2001-2011;Censo 2001-2011;Dato tabular;XLS;2026;abril;Estado-Merida-Censo-2001-y-2011-1.xls;https://ine.gob.ve/wp-content/uploads/2026/04/Estado-Merida-Censo-2001-y-2011-1.xls;https://ine.gob.ve/
INE Venezuela - Instituto Nacional de Estadística;Venezuela;Mérida 2001-2011;Censo 2001-2011;Dato tabular;XLS;2026;abril;Estado-Merida-Censo-2001-y-2011.xls;https://ine.gob.ve/wp-content/uploads/2026/04/Estado-Merida-Censo-2001-y-2011.xls;https://ine.gob.ve/
INE Venezuela - Instituto Nacional de Estadística;Venezuela;Nacional 2001-2011;Censo 2001-2011;Dato tabular;XLS;2026;abril;Nacional-Censo-2001-y-2011-1.xls;https://ine.gob.ve/wp-content/uploads/2026/04/Nacional-Censo-2001-y-2011-1.xls;https://ine.gob.ve/
INE Venezuela - Instituto Nacional de Estadística;Venezuela;Nacional 2001-2011;Censo 2001-2011;Dato tabular;XLS;2026;abril;Nacional-Censo-2001-y-2011.xls;https://ine.gob.ve/wp-content/uploads/2026/04/Nacional-Censo-2001-y-2011.xls;https://ine.gob.ve/
INE Venezuela - Instituto Nacional de Estadística;Venezuela;Nueva Esparta 2001-2011;Censo 2001-2011;Dato tabular;XLS;2026;abril;Estado-Nueva-Esparta-Censo-2001-y-2011.xls;https://ine.gob.ve/wp-content/uploads/2026/04/Estado-Nueva-Esparta-Censo-2001-y-2011.xls;https://ine.gob.ve/
INE Venezuela - Instituto Nacional de Estadística;Venezuela;Nueva Esparta 2001-2011;Censo 2001-2011;Dato tabular;XLS;2026;abril;estado-Nueva-Esparta-Censo-2001-y-2011.xls;https://ine.gob.ve/wp-content/uploads/2026/04/estado-Nueva-Esparta-Censo-2001-y-2011.xls;https://ine.gob.ve/
INE Venezuela - Instituto Nacional de Estadística;Venezuela;Portuguesa 2001-2011;Censo 2001-2011;Dato tabular;XLS;2026;abril;Estado-Portuguesa-Censo-2001-y-2011.xls;https://ine.gob.ve/wp-content/uploads/2026/04/Estado-Portuguesa-Censo-2001-y-2011.xls;https://ine.gob.ve/
INE Venezuela - Instituto Nacional de Estadística;Venezuela;Portuguesa 2001-2011;Censo 2001-2011;Dato tabular;XLS;2026;abril;Estado-Portuguesa.-Censo-2001-y-2011.xls;https://ine.gob.ve/wp-content/uploads/2026/04/Estado-Portuguesa.-Censo-2001-y-2011.xls;https://ine.gob.ve/
INE Venezuela - Instituto Nacional de Estadística;Venezuela;Sucre 2001-2011;Censo 2001-2011;Dato tabular;XLS;2026;abril;Estado-Sucre-Censo-2001-y-2011-1.xls;https://ine.gob.ve/wp-content/uploads/2026/04/Estado-Sucre-Censo-2001-y-2011-1.xls;https://ine.gob.ve/
INE Venezuela - Instituto Nacional de Estadística;Venezuela;Sucre 2001-2011;Censo 2001-2011;Dato tabular;XLS;2026;abril;Estado-Sucre-Censo-2001-y-2011.xls;https://ine.gob.ve/wp-content/uploads/2026/04/Estado-Sucre-Censo-2001-y-2011.xls;https://ine.gob.ve/
INE Venezuela - Instituto Nacional de Estadística;Venezuela;Trujillo 2001-2011;Censo 2001-2011;Dato tabular;XLS;2026;abril;Estado-Trujillo-Censo-2001-y-2011-1.xls;https://ine.gob.ve/wp-content/uploads/2026/04/Estado-Trujillo-Censo-2001-y-2011-1.xls;https://ine.gob.ve/
INE Venezuela - Instituto Nacional de Estadística;Venezuela;Trujillo 2001-2011;Censo 2001-2011;Dato tabular;XLS;2026;abril;Estado-Trujillo-Censo-2001-y-2011.xls;https://ine.gob.ve/wp-content/uploads/2026/04/Estado-Trujillo-Censo-2001-y-2011.xls;https://ine.gob.ve/
INE Venezuela - Instituto Nacional de Estadística;Venezuela;Táchira 2001-2011;Censo 2001-2011;Dato tabular;XLS;2026;abril;Estado-Tachira-Censo-2001-y-2011-1.xls;https://ine.gob.ve/wp-content/uploads/2026/04/Estado-Tachira-Censo-2001-y-2011-1.xls;https://ine.gob.ve/
INE Venezuela - Instituto Nacional de Estadística;Venezuela;Táchira 2001-2011;Censo 2001-2011;Dato tabular;XLS;2026;abril;Estado-Tachira-Censo-2001-y-2011.xls;https://ine.gob.ve/wp-content/uploads/2026/04/Estado-Tachira-Censo-2001-y-2011.xls;https://ine.gob.ve/
INE Venezuela - Instituto Nacional de Estadística;Venezuela;Yaracuy 2001-2011;Censo 2001-2011;Dato tabular;XLS;2026;abril;Estado-Yaracuy-Censo-2001-y-2011.xls;https://ine.gob.ve/wp-content/uploads/2026/04/Estado-Yaracuy-Censo-2001-y-2011.xls;https://ine.gob.ve/
INE Venezuela - Instituto Nacional de Estadística;Venezuela;Yaracuy 2001-2011;Censo 2001-2011;Dato tabular;XLS;2026;abril;estado-Yaracuy-Censo-2001-y-2011.xls;https://ine.gob.ve/wp-content/uploads/2026/04/estado-Yaracuy-Censo-2001-y-2011.xls;https://ine.gob.ve/
INE Venezuela - Instituto Nacional de Estadística;Venezuela;Zulia 2001-2011;Censo 2001-2011;Dato tabular;XLS;2026;abril;Estado-Zulia-Censo-2001-y-2011-1.xls;https://ine.gob.ve/wp-content/uploads/2026/04/Estado-Zulia-Censo-2001-y-2011-1.xls;https://ine.gob.ve/
INE Venezuela - Instituto Nacional de Estadística;Venezuela;Zulia 2001-2011;Censo 2001-2011;Dato tabular;XLS;2026;abril;Estado-Zulia-Censo-2001-y-2011.xls;https://ine.gob.ve/wp-content/uploads/2026/04/Estado-Zulia-Censo-2001-y-2011.xls;https://ine.gob.ve/
INE Venezuela - Instituto Nacional de Estadística;Venezuela;Municipios Censo 2011;Censo 2011;Documento;PDF;2025;septiembre;POBLACION-POR-MUNICIPIOS-CENSO-2011.pdf;https://ine.gob.ve/wp-content/uploads/2025/09/POBLACION-POR-MUNICIPIOS-CENSO-2011.pdf;https://ine.gob.ve/
INE Venezuela - Instituto Nacional de Estadística;Venezuela;Parroquias Censo 2011;Censo 2011;Documento;PDF;2025;octubre;P.-Censo-2011.pdf;https://ine.gob.ve/wp-content/uploads/2025/10/P.-Censo-2011.pdf;https://ine.gob.ve/
INE Venezuela - Instituto Nacional de Estadística;Venezuela;Población Indigena Censo 2011;Censo 2011;Documento;PDF;2025;septiembre;POBLACION-INDIGENA-CENSO-2011.pdf;https://ine.gob.ve/wp-content/uploads/2025/09/POBLACION-INDIGENA-CENSO-2011.pdf;https://ine.gob.ve/
INE Venezuela - Instituto Nacional de Estadística;Venezuela;Resumen Censo 2011;Censo 2011;Documento;PDF;2025;septiembre;CCENSO-2011-RESULTADOS-BASICOS.pdf;https://ine.gob.ve/wp-content/uploads/2025/09/CCENSO-2011-RESULTADOS-BASICOS.pdf;https://ine.gob.ve/
INE Venezuela - Instituto Nacional de Estadística;Venezuela;Agua 2011;Censo 2011;Dato tabular;XLS;2026;abril;Servicio-Agua-Censo-2011.xls;https://ine.gob.ve/wp-content/uploads/2026/04/Servicio-Agua-Censo-2011.xls;https://ine.gob.ve/
INE Venezuela - Instituto Nacional de Estadística;Venezuela;Alfabetismo;Censo 2011;Dato tabular;XLS;2026;abril;Alfabetismo-Censo-2011.xls;https://ine.gob.ve/wp-content/uploads/2026/04/Alfabetismo-Censo-2011.xls;https://ine.gob.ve/
INE Venezuela - Instituto Nacional de Estadística;Venezuela;Basura 2011;Censo 2011;Dato tabular;XLS;2026;abril;Servicio-Basura-Censo-2011.xls;https://ine.gob.ve/wp-content/uploads/2026/04/Servicio-Basura-Censo-2011.xls;https://ine.gob.ve/
INE Venezuela - Instituto Nacional de Estadística;Venezuela;Edad Escolar 2011;Censo 2011;Dato tabular;XLS;2026;abril;Edad-Escolar-Censo-2011.xls;https://ine.gob.ve/wp-content/uploads/2026/04/Edad-Escolar-Censo-2011.xls;https://ine.gob.ve/
INE Venezuela - Instituto Nacional de Estadística;Venezuela;Eliminación de Excretas 2011;Censo 2011;Dato tabular;XLS;2026;abril;Eliminacion-de-Excretas-Censo-2011.xls;https://ine.gob.ve/wp-content/uploads/2026/04/Eliminacion-de-Excretas-Censo-2011.xls;https://ine.gob.ve/
INE Venezuela - Instituto Nacional de Estadística;Venezuela;Eléctrico 2011;Censo 2011;Dato tabular;XLS;2026;abril;Servicio-Electrico-Censo-2011.xls;https://ine.gob.ve/wp-content/uploads/2026/04/Servicio-Electrico-Censo-2011.xls;https://ine.gob.ve/
INE Venezuela - Instituto Nacional de Estadística;Venezuela;Frecuencia Agua 2011;Censo 2011;Dato tabular;XLS;2026;abril;Frecuencia-Servicio-Agua-Censo-2011.xls;https://ine.gob.ve/wp-content/uploads/2026/04/Frecuencia-Servicio-Agua-Censo-2011.xls;https://ine.gob.ve/
INE Venezuela - Instituto Nacional de Estadística;Venezuela;Frecuencia Basura;Censo 2011;Dato tabular;XLS;2026;abril;Frecuencia-Servicio-Basura-Censo-2011.xls;https://ine.gob.ve/wp-content/uploads/2026/04/Frecuencia-Servicio-Basura-Censo-2011.xls;https://ine.gob.ve/
INE Venezuela - Instituto Nacional de Estadística;Venezuela;Gas Directo 2011;Censo 2011;Dato tabular;XLS;2026;abril;Servicio-Gas-Directo-Censo-2011.xls;https://ine.gob.ve/wp-content/uploads/2026/04/Servicio-Gas-Directo-Censo-2011.xls;https://ine.gob.ve/
INE Venezuela - Instituto Nacional de Estadística;Venezuela;Grupos de Edad 2011;Censo 2011;Dato tabular;XLS;2026;abril;Grupos-de-Edad-Censo-2011.xls;https://ine.gob.ve/wp-content/uploads/2026/04/Grupos-de-Edad-Censo-2011.xls;https://ine.gob.ve/
INE Venezuela - Instituto Nacional de Estadística;Venezuela;Por Sexo 2011;Censo 2011;Dato tabular;XLS;2026;abril;Por-Sexo-Censo-2011.xls;https://ine.gob.ve/wp-content/uploads/2026/04/Por-Sexo-Censo-2011.xls;https://ine.gob.ve/
INE Venezuela - Instituto Nacional de Estadística;Venezuela;Pueblos Indígenas 2011;Censo 2011;Dato tabular;XLS;2026;abril;Pueblos-Indigenas-Censo-2011.xls;https://ine.gob.ve/wp-content/uploads/2026/04/Pueblos-Indigenas-Censo-2011.xls;https://ine.gob.ve/
INE Venezuela - Instituto Nacional de Estadística;Venezuela;Situación Conyugal 2011;Censo 2011;Dato tabular;XLS;2026;abril;Situacion-Conyugal-Censo-2011.xls;https://ine.gob.ve/wp-content/uploads/2026/04/Situacion-Conyugal-Censo-2011.xls;https://ine.gob.ve/
INE Venezuela - Instituto Nacional de Estadística;Venezuela;Urbana/Rural 2011;Censo 2011;Dato tabular;XLS;2026;abril;Urbana-y-Rural-Censo-2011.xls;https://ine.gob.ve/wp-content/uploads/2026/04/Urbana-y-Rural-Censo-2011.xls;https://ine.gob.ve/
INE Venezuela - Instituto Nacional de Estadística;Venezuela;Auditiva;Censo 2011;Dato tabular;XLSX;2026;abril;Discapacidad-Auditiva-Censo-2011.xlsx;https://ine.gob.ve/wp-content/uploads/2026/04/Discapacidad-Auditiva-Censo-2011.xlsx;https://ine.gob.ve/
INE Venezuela - Instituto Nacional de Estadística;Venezuela;Censo 2011;Censo 2011;Dato tabular;XLSX;2026;abril;Servicios-Censo_2011.xlsx;https://ine.gob.ve/wp-content/uploads/2026/04/Servicios-Censo_2011.xlsx;https://ine.gob.ve/
INE Venezuela - Instituto Nacional de Estadística;Venezuela;Condición Vivienda 2011;Censo 2011;Dato tabular;XLSX;2026;abril;Condicion-Vivienda-Censo-2011.xlsx;https://ine.gob.ve/wp-content/uploads/2026/04/Condicion-Vivienda-Censo-2011.xlsx;https://ine.gob.ve/
INE Venezuela - Instituto Nacional de Estadística;Venezuela;Deficiencia Económica;Censo 2011;Dato tabular;XLSX;2026;abril;Deficiencia-Economica-Censo-2011.xlsx;https://ine.gob.ve/wp-content/uploads/2026/04/Deficiencia-Economica-Censo-2011.xlsx;https://ine.gob.ve/
INE Venezuela - Instituto Nacional de Estadística;Venezuela;Grupos de Edad 2011;Censo 2011;Dato tabular;XLSX;2026;abril;Poblacion-Grupos-Edad-Censo-2011-1.xlsx;https://ine.gob.ve/wp-content/uploads/2026/04/Poblacion-Grupos-Edad-Censo-2011-1.xlsx;https://ine.gob.ve/
INE Venezuela - Instituto Nacional de Estadística;Venezuela;Grupos de Edad 2011;Censo 2011;Dato tabular;XLSX;2026;abril;Poblacion-Grupos-Edad-Censo-2011.xlsx;https://ine.gob.ve/wp-content/uploads/2026/04/Poblacion-Grupos-Edad-Censo-2011.xlsx;https://ine.gob.ve/
INE Venezuela - Instituto Nacional de Estadística;Venezuela;Hacinamiento 2011;Censo 2011;Dato tabular;XLSX;2026;abril;Hacinamiento-Censo-2011.xlsx;https://ine.gob.ve/wp-content/uploads/2026/04/Hacinamiento-Censo-2011.xlsx;https://ine.gob.ve/
INE Venezuela - Instituto Nacional de Estadística;Venezuela;Lugar de Nacimiento 2011;Censo 2011;Dato tabular;XLSX;2026;abril;Lugar-Nacimiento-Censo-2011-1.xlsx;https://ine.gob.ve/wp-content/uploads/2026/04/Lugar-Nacimiento-Censo-2011-1.xlsx;https://ine.gob.ve/
INE Venezuela - Instituto Nacional de Estadística;Venezuela;Lugar de Nacimiento 2011;Censo 2011;Dato tabular;XLSX;2026;abril;Lugar-Nacimiento-Censo-2011.xlsx;https://ine.gob.ve/wp-content/uploads/2026/04/Lugar-Nacimiento-Censo-2011.xlsx;https://ine.gob.ve/
INE Venezuela - Instituto Nacional de Estadística;Venezuela;Mental/Cardiovascular;Censo 2011;Dato tabular;XLSX;2026;abril;Discapacidad-Cardiovascular-Censo-2011.xlsx;https://ine.gob.ve/wp-content/uploads/2026/04/Discapacidad-Cardiovascular-Censo-2011.xlsx;https://ine.gob.ve/
INE Venezuela - Instituto Nacional de Estadística;Venezuela;Mental/Intelectual;Censo 2011;Dato tabular;XLSX;2026;abril;Discapacidad-Mental-Intelectual-Censo-2011.xlsx;https://ine.gob.ve/wp-content/uploads/2026/04/Discapacidad-Mental-Intelectual-Censo-2011.xlsx;https://ine.gob.ve/
INE Venezuela - Instituto Nacional de Estadística;Venezuela;Mental/Psicosocial;Censo 2011;Dato tabular;XLSX;2026;abril;Discapacidad-Mental-Psicosocial-Censo-2011.xlsx;https://ine.gob.ve/wp-content/uploads/2026/04/Discapacidad-Mental-Psicosocial-Censo-2011.xlsx;https://ine.gob.ve/
INE Venezuela - Instituto Nacional de Estadística;Venezuela;Musculo/Esquelética;Censo 2011;Dato tabular;XLSX;2026;abril;Discapacidad-Musculo-Esquelatica-Censo-2011.xlsx;https://ine.gob.ve/wp-content/uploads/2026/04/Discapacidad-Musculo-Esquelatica-Censo-2011.xlsx;https://ine.gob.ve/
INE Venezuela - Instituto Nacional de Estadística;Venezuela;Nacido en Venezuela 2011;Censo 2011;Dato tabular;XLSX;2026;abril;Poblacion-Nacida-Venezuela-Censo-2011.xlsx;https://ine.gob.ve/wp-content/uploads/2026/04/Poblacion-Nacida-Venezuela-Censo-2011.xlsx;https://ine.gob.ve/
INE Venezuela - Instituto Nacional de Estadística;Venezuela;Nacidos en Venezuela 2011;Censo 2011;Dato tabular;XLSX;2026;abril;Poblacion-Nacida-en-Venezuela-Censo-2011.xlsx;https://ine.gob.ve/wp-content/uploads/2026/04/Poblacion-Nacida-en-Venezuela-Censo-2011.xlsx;https://ine.gob.ve/
INE Venezuela - Instituto Nacional de Estadística;Venezuela;Neurológica;Censo 2011;Dato tabular;XLSX;2026;abril;Discapacidad-Neurologica-Censo-2011.xlsx;https://ine.gob.ve/wp-content/uploads/2026/04/Discapacidad-Neurologica-Censo-2011.xlsx;https://ine.gob.ve/
INE Venezuela - Instituto Nacional de Estadística;Venezuela;Población por Sexo 2011;Censo 2011;Dato tabular;XLSX;2026;abril;Poblacion-Sexo-Censo-2011-1.xlsx;https://ine.gob.ve/wp-content/uploads/2026/04/Poblacion-Sexo-Censo-2011-1.xlsx;https://ine.gob.ve/
INE Venezuela - Instituto Nacional de Estadística;Venezuela;Por Sexo 2011;Censo 2011;Dato tabular;XLSX;2026;abril;Poblacion-Sexo-Censo-2011.xlsx;https://ine.gob.ve/wp-content/uploads/2026/04/Poblacion-Sexo-Censo-2011.xlsx;https://ine.gob.ve/
INE Venezuela - Instituto Nacional de Estadística;Venezuela;Respiratoria;Censo 2011;Dato tabular;XLSX;2026;abril;Discapacidad-Respitaroria-Censo-2011.xlsx;https://ine.gob.ve/wp-content/uploads/2026/04/Discapacidad-Respitaroria-Censo-2011.xlsx;https://ine.gob.ve/
INE Venezuela - Instituto Nacional de Estadística;Venezuela;Visual;Censo 2011;Dato tabular;XLSX;2026;abril;Discapacidad-Visual-Censo-2011.xlsx;https://ine.gob.ve/wp-content/uploads/2026/04/Discapacidad-Visual-Censo-2011.xlsx;https://ine.gob.ve/
INE Venezuela - Instituto Nacional de Estadística;Venezuela;Viviendas Ocupadas 2011;Censo 2011;Dato tabular;XLSX;2026;abril;Viviendas-Ocupadas-Censo-2011.xlsx;https://ine.gob.ve/wp-content/uploads/2026/04/Viviendas-Ocupadas-Censo-2011.xlsx;https://ine.gob.ve/
INE Venezuela - Instituto Nacional de Estadística;Venezuela;Viviendas, Hogares y Personas;Censo 2011;Dato tabular;XLSX;2026;junio;VIVIENDAS-HOGARES-Y-PERSONAS-CENSO-2011.xlsx;https://ine.gob.ve/wp-content/uploads/2026/06/VIVIENDAS-HOGARES-Y-PERSONAS-CENSO-2011.xlsx;https://ine.gob.ve/
INE Venezuela - Instituto Nacional de Estadística;Venezuela;Voz/Habla;Censo 2011;Dato tabular;XLSX;2026;abril;Discapacidad-Voz-Habla-Censo-2011.xlsx;https://ine.gob.ve/wp-content/uploads/2026/04/Discapacidad-Voz-Habla-Censo-2011.xlsx;https://ine.gob.ve/
INE Venezuela - Instituto Nacional de Estadística;Venezuela;Por Capítulo 1998-2018;Comercio exterior;Dato tabular;XLS;2026;abril;Exportaciones-po-Capitulo-1998-2018.xls;https://ine.gob.ve/wp-content/uploads/2026/04/Exportaciones-po-Capitulo-1998-2018.xls;https://ine.gob.ve/
INE Venezuela - Instituto Nacional de Estadística;Venezuela;Por Capítulo 1998-2018;Comercio exterior;Dato tabular;XLS;2026;abril;Importaciones-por-Capitulo-1998-2018.xls;https://ine.gob.ve/wp-content/uploads/2026/04/Importaciones-por-Capitulo-1998-2018.xls;https://ine.gob.ve/
INE Venezuela - Instituto Nacional de Estadística;Venezuela;Tabulados Básicos;Encuesta de hogares;Dato tabular;XLS;2026;abril;TRABAJO-2001-2023.xls;https://ine.gob.ve/wp-content/uploads/2026/04/TRABAJO-2001-2023.xls;https://ine.gob.ve/
INE Venezuela - Instituto Nacional de Estadística;Venezuela;Por Tipo;Encuesta de hogares;Dato tabular;XLSX;2026;abril;POR-TIPO-1998-2023.xlsx;https://ine.gob.ve/wp-content/uploads/2026/04/POR-TIPO-1998-2023.xlsx;https://ine.gob.ve/
INE Venezuela - Instituto Nacional de Estadística;Venezuela;Por Variable;Encuesta de hogares;Dato tabular;XLSX;2026;abril;POR-VARIABLE-1998-2023.xlsx;https://ine.gob.ve/wp-content/uploads/2026/04/POR-VARIABLE-1998-2023.xlsx;https://ine.gob.ve/
INE Venezuela - Instituto Nacional de Estadística;Venezuela;Divorcios;Estadísticas vitales;Dato tabular;XLS;2026;abril;DIVORCIOS.xls;https://ine.gob.ve/wp-content/uploads/2026/04/DIVORCIOS.xls;https://ine.gob.ve/
INE Venezuela - Instituto Nacional de Estadística;Venezuela;Por Entidad;Estadísticas vitales;Dato tabular;XLS;2026;abril;POR-ENTIDAD-Defunciones.xls;https://ine.gob.ve/wp-content/uploads/2026/04/POR-ENTIDAD-Defunciones.xls;https://ine.gob.ve/
INE Venezuela - Instituto Nacional de Estadística;Venezuela;Por Entidad;Estadísticas vitales;Dato tabular;XLS;2026;abril;POR-ENTIDAD-Matrimonios.xls;https://ine.gob.ve/wp-content/uploads/2026/04/POR-ENTIDAD-Matrimonios.xls;https://ine.gob.ve/
INE Venezuela - Instituto Nacional de Estadística;Venezuela;Por Entidad;Estadísticas vitales;Dato tabular;XLS;2026;abril;POR-ENTIDAD-nacimientos.xls;https://ine.gob.ve/wp-content/uploads/2026/04/POR-ENTIDAD-nacimientos.xls;https://ine.gob.ve/
INE Venezuela - Instituto Nacional de Estadística;Venezuela;Por Municipios;Estadísticas vitales;Dato tabular;XLS;2026;abril;POR-MUNICIPIOS-DEFUNCIONES.xls;https://ine.gob.ve/wp-content/uploads/2026/04/POR-MUNICIPIOS-DEFUNCIONES.xls;https://ine.gob.ve/
INE Venezuela - Instituto Nacional de Estadística;Venezuela;Por Municipios;Estadísticas vitales;Dato tabular;XLS;2026;abril;POR-MUNICIPIOS-Matrimonios.xls;https://ine.gob.ve/wp-content/uploads/2026/04/POR-MUNICIPIOS-Matrimonios.xls;https://ine.gob.ve/
INE Venezuela - Instituto Nacional de Estadística;Venezuela;Por Municipios;Estadísticas vitales;Dato tabular;XLS;2026;abril;POR-MUNICIPIOS-nacimientos.xls;https://ine.gob.ve/wp-content/uploads/2026/04/POR-MUNICIPIOS-nacimientos.xls;https://ine.gob.ve/
INE Venezuela - Instituto Nacional de Estadística;Venezuela;Suicidios;Estadísticas vitales;Dato tabular;XLS;2026;abril;SUICIDIOS.xls;https://ine.gob.ve/wp-content/uploads/2026/04/SUICIDIOS.xls;https://ine.gob.ve/
INE Venezuela - Instituto Nacional de Estadística;Venezuela;Amazonas;Otros recursos INE;Dato tabular;XLS;2026;abril;Amazonas.xls;https://ine.gob.ve/wp-content/uploads/2026/04/Amazonas.xls;https://ine.gob.ve/
INE Venezuela - Instituto Nacional de Estadística;Venezuela;Amazonas;Otros recursos INE;Dato tabular;XLS;2026;abril;Estado-Amazonas-1.xls;https://ine.gob.ve/wp-content/uploads/2026/04/Estado-Amazonas-1.xls;https://ine.gob.ve/
INE Venezuela - Instituto Nacional de Estadística;Venezuela;Amazonas;Otros recursos INE;Dato tabular;XLS;2026;abril;Estado-Amazonas.xls;https://ine.gob.ve/wp-content/uploads/2026/04/Estado-Amazonas.xls;https://ine.gob.ve/
INE Venezuela - Instituto Nacional de Estadística;Venezuela;Amazonas;Otros recursos INE;Dato tabular;XLS;2026;abril;Estado_Amazonas-3.xls;https://ine.gob.ve/wp-content/uploads/2026/04/Estado_Amazonas-3.xls;https://ine.gob.ve/
INE Venezuela - Instituto Nacional de Estadística;Venezuela;Anzoátegui;Otros recursos INE;Dato tabular;XLS;2026;abril;Anzoategui.xls;https://ine.gob.ve/wp-content/uploads/2026/04/Anzoategui.xls;https://ine.gob.ve/
INE Venezuela - Instituto Nacional de Estadística;Venezuela;Anzoátegui;Otros recursos INE;Dato tabular;XLS;2026;abril;Estado-Anzoategui-1.xls;https://ine.gob.ve/wp-content/uploads/2026/04/Estado-Anzoategui-1.xls;https://ine.gob.ve/
INE Venezuela - Instituto Nacional de Estadística;Venezuela;Anzoátegui;Otros recursos INE;Dato tabular;XLS;2026;abril;Estado-Anzoategui.xls;https://ine.gob.ve/wp-content/uploads/2026/04/Estado-Anzoategui.xls;https://ine.gob.ve/
INE Venezuela - Instituto Nacional de Estadística;Venezuela;Anzoátegui;Otros recursos INE;Dato tabular;XLS;2026;abril;Estado_Anzoategui-3.xls;https://ine.gob.ve/wp-content/uploads/2026/04/Estado_Anzoategui-3.xls;https://ine.gob.ve/
INE Venezuela - Instituto Nacional de Estadística;Venezuela;Apure;Otros recursos INE;Dato tabular;XLS;2026;abril;Apure.xls;https://ine.gob.ve/wp-content/uploads/2026/04/Apure.xls;https://ine.gob.ve/
INE Venezuela - Instituto Nacional de Estadística;Venezuela;Apure;Otros recursos INE;Dato tabular;XLS;2026;abril;Estado-Apure-1.xls;https://ine.gob.ve/wp-content/uploads/2026/04/Estado-Apure-1.xls;https://ine.gob.ve/
INE Venezuela - Instituto Nacional de Estadística;Venezuela;Apure;Otros recursos INE;Dato tabular;XLS;2026;abril;Estado-Apure.xls;https://ine.gob.ve/wp-content/uploads/2026/04/Estado-Apure.xls;https://ine.gob.ve/
INE Venezuela - Instituto Nacional de Estadística;Venezuela;Apure;Otros recursos INE;Dato tabular;XLS;2026;abril;Estado_Apure-3.xls;https://ine.gob.ve/wp-content/uploads/2026/04/Estado_Apure-3.xls;https://ine.gob.ve/
INE Venezuela - Instituto Nacional de Estadística;Venezuela;Barinas;Otros recursos INE;Dato tabular;XLS;2026;abril;Barinas.xls;https://ine.gob.ve/wp-content/uploads/2026/04/Barinas.xls;https://ine.gob.ve/
INE Venezuela - Instituto Nacional de Estadística;Venezuela;Barinas;Otros recursos INE;Dato tabular;XLS;2026;abril;Estado-Barinas-1.xls;https://ine.gob.ve/wp-content/uploads/2026/04/Estado-Barinas-1.xls;https://ine.gob.ve/
INE Venezuela - Instituto Nacional de Estadística;Venezuela;Barinas;Otros recursos INE;Dato tabular;XLS;2026;abril;Estado-Barinas.xls;https://ine.gob.ve/wp-content/uploads/2026/04/Estado-Barinas.xls;https://ine.gob.ve/
INE Venezuela - Instituto Nacional de Estadística;Venezuela;Barinas;Otros recursos INE;Dato tabular;XLS;2026;abril;Estado_Barinas-3.xls;https://ine.gob.ve/wp-content/uploads/2026/04/Estado_Barinas-3.xls;https://ine.gob.ve/
INE Venezuela - Instituto Nacional de Estadística;Venezuela;Bolívar;Otros recursos INE;Dato tabular;XLS;2026;abril;Bolivar.xls;https://ine.gob.ve/wp-content/uploads/2026/04/Bolivar.xls;https://ine.gob.ve/
INE Venezuela - Instituto Nacional de Estadística;Venezuela;Bolívar;Otros recursos INE;Dato tabular;XLS;2026;abril;Estado-Bolivar-1.xls;https://ine.gob.ve/wp-content/uploads/2026/04/Estado-Bolivar-1.xls;https://ine.gob.ve/
INE Venezuela - Instituto Nacional de Estadística;Venezuela;Bolívar;Otros recursos INE;Dato tabular;XLS;2026;abril;Estado-Bolivar.xls;https://ine.gob.ve/wp-content/uploads/2026/04/Estado-Bolivar.xls;https://ine.gob.ve/
INE Venezuela - Instituto Nacional de Estadística;Venezuela;Bolívar;Otros recursos INE;Dato tabular;XLS;2026;abril;Estado_Bolivar-4.xls;https://ine.gob.ve/wp-content/uploads/2026/04/Estado_Bolivar-4.xls;https://ine.gob.ve/
INE Venezuela - Instituto Nacional de Estadística;Venezuela;Carabobo;Otros recursos INE;Dato tabular;XLS;2026;abril;Carabobo.xls;https://ine.gob.ve/wp-content/uploads/2026/04/Carabobo.xls;https://ine.gob.ve/
INE Venezuela - Instituto Nacional de Estadística;Venezuela;Carabobo;Otros recursos INE;Dato tabular;XLS;2026;abril;Estado-Carabobo-1.xls;https://ine.gob.ve/wp-content/uploads/2026/04/Estado-Carabobo-1.xls;https://ine.gob.ve/
INE Venezuela - Instituto Nacional de Estadística;Venezuela;Carabobo;Otros recursos INE;Dato tabular;XLS;2026;abril;Estado-Carabobo.xls;https://ine.gob.ve/wp-content/uploads/2026/04/Estado-Carabobo.xls;https://ine.gob.ve/
INE Venezuela - Instituto Nacional de Estadística;Venezuela;Carabobo;Otros recursos INE;Dato tabular;XLS;2026;abril;Estado_Carabobo-4.xls;https://ine.gob.ve/wp-content/uploads/2026/04/Estado_Carabobo-4.xls;https://ine.gob.ve/
INE Venezuela - Instituto Nacional de Estadística;Venezuela;Cojedes;Otros recursos INE;Dato tabular;XLS;2026;abril;Cojedes.xls;https://ine.gob.ve/wp-content/uploads/2026/04/Cojedes.xls;https://ine.gob.ve/
INE Venezuela - Instituto Nacional de Estadística;Venezuela;Cojedes;Otros recursos INE;Dato tabular;XLS;2026;abril;Estado-Cojedes-1.xls;https://ine.gob.ve/wp-content/uploads/2026/04/Estado-Cojedes-1.xls;https://ine.gob.ve/
INE Venezuela - Instituto Nacional de Estadística;Venezuela;Cojedes;Otros recursos INE;Dato tabular;XLS;2026;abril;Estado-Cojedes.xls;https://ine.gob.ve/wp-content/uploads/2026/04/Estado-Cojedes.xls;https://ine.gob.ve/
INE Venezuela - Instituto Nacional de Estadística;Venezuela;Cojedes;Otros recursos INE;Dato tabular;XLS;2026;abril;Estado_Cojedes-5.xls;https://ine.gob.ve/wp-content/uploads/2026/04/Estado_Cojedes-5.xls;https://ine.gob.ve/
INE Venezuela - Instituto Nacional de Estadística;Venezuela;Delta Amacuro;Otros recursos INE;Dato tabular;XLS;2026;abril;Delta-Amacuro.xls;https://ine.gob.ve/wp-content/uploads/2026/04/Delta-Amacuro.xls;https://ine.gob.ve/
INE Venezuela - Instituto Nacional de Estadística;Venezuela;Delta Amacuro;Otros recursos INE;Dato tabular;XLS;2026;abril;Estado-Delta-Amacuro-1.xls;https://ine.gob.ve/wp-content/uploads/2026/04/Estado-Delta-Amacuro-1.xls;https://ine.gob.ve/
INE Venezuela - Instituto Nacional de Estadística;Venezuela;Delta Amacuro;Otros recursos INE;Dato tabular;XLS;2026;abril;Estado-Delta-Amacuro.xls;https://ine.gob.ve/wp-content/uploads/2026/04/Estado-Delta-Amacuro.xls;https://ine.gob.ve/
INE Venezuela - Instituto Nacional de Estadística;Venezuela;Delta Amacuro;Otros recursos INE;Dato tabular;XLS;2026;abril;Estado_DeltaAmacuro-4.xls;https://ine.gob.ve/wp-content/uploads/2026/04/Estado_DeltaAmacuro-4.xls;https://ine.gob.ve/
INE Venezuela - Instituto Nacional de Estadística;Venezuela;Dep. Federales;Otros recursos INE;Dato tabular;XLS;2026;abril;Dependencias-Federales-1.xls;https://ine.gob.ve/wp-content/uploads/2026/04/Dependencias-Federales-1.xls;https://ine.gob.ve/
INE Venezuela - Instituto Nacional de Estadística;Venezuela;Dep. Federales;Otros recursos INE;Dato tabular;XLS;2026;abril;Dependencias-Federales.xls;https://ine.gob.ve/wp-content/uploads/2026/04/Dependencias-Federales.xls;https://ine.gob.ve/
INE Venezuela - Instituto Nacional de Estadística;Venezuela;Dependencias Federales;Otros recursos INE;Dato tabular;XLS;2026;abril;Dependencias_Federales-3.xls;https://ine.gob.ve/wp-content/uploads/2026/04/Dependencias_Federales-3.xls;https://ine.gob.ve/
INE Venezuela - Instituto Nacional de Estadística;Venezuela;Distrito Capital;Otros recursos INE;Dato tabular;XLS;2026;abril;Distrito-Capital-1.xls;https://ine.gob.ve/wp-content/uploads/2026/04/Distrito-Capital-1.xls;https://ine.gob.ve/
INE Venezuela - Instituto Nacional de Estadística;Venezuela;Distrito Capital;Otros recursos INE;Dato tabular;XLS;2026;abril;Distrito-Capital-2.xls;https://ine.gob.ve/wp-content/uploads/2026/04/Distrito-Capital-2.xls;https://ine.gob.ve/
INE Venezuela - Instituto Nacional de Estadística;Venezuela;Distrito Capital;Otros recursos INE;Dato tabular;XLS;2026;abril;Distrito-Capital.xls;https://ine.gob.ve/wp-content/uploads/2026/04/Distrito-Capital.xls;https://ine.gob.ve/
INE Venezuela - Instituto Nacional de Estadística;Venezuela;Distrito Capital;Otros recursos INE;Dato tabular;XLS;2026;abril;Distrito_Capital-3.xls;https://ine.gob.ve/wp-content/uploads/2026/04/Distrito_Capital-3.xls;https://ine.gob.ve/
INE Venezuela - Instituto Nacional de Estadística;Venezuela;Falcón;Otros recursos INE;Dato tabular;XLS;2026;abril;Estado-Falcon-1.xls;https://ine.gob.ve/wp-content/uploads/2026/04/Estado-Falcon-1.xls;https://ine.gob.ve/
INE Venezuela - Instituto Nacional de Estadística;Venezuela;Falcón;Otros recursos INE;Dato tabular;XLS;2026;abril;Estado-Falcon.xls;https://ine.gob.ve/wp-content/uploads/2026/04/Estado-Falcon.xls;https://ine.gob.ve/
INE Venezuela - Instituto Nacional de Estadística;Venezuela;Falcón;Otros recursos INE;Dato tabular;XLS;2026;abril;Estado_Falcon-4.xls;https://ine.gob.ve/wp-content/uploads/2026/04/Estado_Falcon-4.xls;https://ine.gob.ve/
INE Venezuela - Instituto Nacional de Estadística;Venezuela;Falcón;Otros recursos INE;Dato tabular;XLS;2026;abril;Falcon.xls;https://ine.gob.ve/wp-content/uploads/2026/04/Falcon.xls;https://ine.gob.ve/
INE Venezuela - Instituto Nacional de Estadística;Venezuela;Guárico;Otros recursos INE;Dato tabular;XLS;2026;abril;Estado-Guarico-1.xls;https://ine.gob.ve/wp-content/uploads/2026/04/Estado-Guarico-1.xls;https://ine.gob.ve/
INE Venezuela - Instituto Nacional de Estadística;Venezuela;Guárico;Otros recursos INE;Dato tabular;XLS;2026;abril;Estado-Guarico.xls;https://ine.gob.ve/wp-content/uploads/2026/04/Estado-Guarico.xls;https://ine.gob.ve/
INE Venezuela - Instituto Nacional de Estadística;Venezuela;Guárico;Otros recursos INE;Dato tabular;XLS;2026;abril;Estado_Guarico-4.xls;https://ine.gob.ve/wp-content/uploads/2026/04/Estado_Guarico-4.xls;https://ine.gob.ve/
INE Venezuela - Instituto Nacional de Estadística;Venezuela;Guárico;Otros recursos INE;Dato tabular;XLS;2026;abril;Guarico.xls;https://ine.gob.ve/wp-content/uploads/2026/04/Guarico.xls;https://ine.gob.ve/
INE Venezuela - Instituto Nacional de Estadística;Venezuela;La Guaira;Otros recursos INE;Dato tabular;XLS;2026;abril;Estado-La-Guaira-1.xls;https://ine.gob.ve/wp-content/uploads/2026/04/Estado-La-Guaira-1.xls;https://ine.gob.ve/
INE Venezuela - Instituto Nacional de Estadística;Venezuela;La Guaira;Otros recursos INE;Dato tabular;XLS;2026;abril;Estado-La-Guaira.xls;https://ine.gob.ve/wp-content/uploads/2026/04/Estado-La-Guaira.xls;https://ine.gob.ve/
INE Venezuela - Instituto Nacional de Estadística;Venezuela;La Guaira;Otros recursos INE;Dato tabular;XLS;2026;abril;Estado_Vargas-4.xls;https://ine.gob.ve/wp-content/uploads/2026/04/Estado_Vargas-4.xls;https://ine.gob.ve/
INE Venezuela - Instituto Nacional de Estadística;Venezuela;La Guaira;Otros recursos INE;Dato tabular;XLS;2026;abril;Vargas.xls;https://ine.gob.ve/wp-content/uploads/2026/04/Vargas.xls;https://ine.gob.ve/
INE Venezuela - Instituto Nacional de Estadística;Venezuela;Lara;Otros recursos INE;Dato tabular;XLS;2026;abril;Estado-Lara-1.xls;https://ine.gob.ve/wp-content/uploads/2026/04/Estado-Lara-1.xls;https://ine.gob.ve/
INE Venezuela - Instituto Nacional de Estadística;Venezuela;Lara;Otros recursos INE;Dato tabular;XLS;2026;abril;Estado-Lara.xls;https://ine.gob.ve/wp-content/uploads/2026/04/Estado-Lara.xls;https://ine.gob.ve/
INE Venezuela - Instituto Nacional de Estadística;Venezuela;Lara;Otros recursos INE;Dato tabular;XLS;2026;abril;Estado_Lara-3.xls;https://ine.gob.ve/wp-content/uploads/2026/04/Estado_Lara-3.xls;https://ine.gob.ve/
INE Venezuela - Instituto Nacional de Estadística;Venezuela;Lara;Otros recursos INE;Dato tabular;XLS;2026;abril;Lara.xls;https://ine.gob.ve/wp-content/uploads/2026/04/Lara.xls;https://ine.gob.ve/
INE Venezuela - Instituto Nacional de Estadística;Venezuela;Miranda;Otros recursos INE;Dato tabular;XLS;2026;abril;Estado-Miranda-1.xls;https://ine.gob.ve/wp-content/uploads/2026/04/Estado-Miranda-1.xls;https://ine.gob.ve/
INE Venezuela - Instituto Nacional de Estadística;Venezuela;Miranda;Otros recursos INE;Dato tabular;XLS;2026;abril;Estado-Miranda.xls;https://ine.gob.ve/wp-content/uploads/2026/04/Estado-Miranda.xls;https://ine.gob.ve/
INE Venezuela - Instituto Nacional de Estadística;Venezuela;Miranda;Otros recursos INE;Dato tabular;XLS;2026;abril;Estado_Miranda-5.xls;https://ine.gob.ve/wp-content/uploads/2026/04/Estado_Miranda-5.xls;https://ine.gob.ve/
INE Venezuela - Instituto Nacional de Estadística;Venezuela;Miranda;Otros recursos INE;Dato tabular;XLS;2026;abril;Miranda.xls;https://ine.gob.ve/wp-content/uploads/2026/04/Miranda.xls;https://ine.gob.ve/
INE Venezuela - Instituto Nacional de Estadística;Venezuela;Monagas;Otros recursos INE;Dato tabular;XLS;2026;abril;Estado-Monagas-1.xls;https://ine.gob.ve/wp-content/uploads/2026/04/Estado-Monagas-1.xls;https://ine.gob.ve/
INE Venezuela - Instituto Nacional de Estadística;Venezuela;Monagas;Otros recursos INE;Dato tabular;XLS;2026;abril;Estado-Monagas.xls;https://ine.gob.ve/wp-content/uploads/2026/04/Estado-Monagas.xls;https://ine.gob.ve/
INE Venezuela - Instituto Nacional de Estadística;Venezuela;Monagas;Otros recursos INE;Dato tabular;XLS;2026;abril;Estado_Monagas-4.xls;https://ine.gob.ve/wp-content/uploads/2026/04/Estado_Monagas-4.xls;https://ine.gob.ve/
INE Venezuela - Instituto Nacional de Estadística;Venezuela;Monagas;Otros recursos INE;Dato tabular;XLS;2026;abril;Monagas.xls;https://ine.gob.ve/wp-content/uploads/2026/04/Monagas.xls;https://ine.gob.ve/
INE Venezuela - Instituto Nacional de Estadística;Venezuela;Mérida;Otros recursos INE;Dato tabular;XLS;2026;abril;Estado-Merida-1.xls;https://ine.gob.ve/wp-content/uploads/2026/04/Estado-Merida-1.xls;https://ine.gob.ve/
INE Venezuela - Instituto Nacional de Estadística;Venezuela;Mérida;Otros recursos INE;Dato tabular;XLS;2026;abril;Estado-Merida.xls;https://ine.gob.ve/wp-content/uploads/2026/04/Estado-Merida.xls;https://ine.gob.ve/
INE Venezuela - Instituto Nacional de Estadística;Venezuela;Mérida;Otros recursos INE;Dato tabular;XLS;2026;abril;Estado_Merida-4.xls;https://ine.gob.ve/wp-content/uploads/2026/04/Estado_Merida-4.xls;https://ine.gob.ve/
INE Venezuela - Instituto Nacional de Estadística;Venezuela;Mérida;Otros recursos INE;Dato tabular;XLS;2026;abril;Merida.xls;https://ine.gob.ve/wp-content/uploads/2026/04/Merida.xls;https://ine.gob.ve/
INE Venezuela - Instituto Nacional de Estadística;Venezuela;Nacional;Otros recursos INE;Dato tabular;XLS;2026;abril;Nacional-1.xls;https://ine.gob.ve/wp-content/uploads/2026/04/Nacional-1.xls;https://ine.gob.ve/
INE Venezuela - Instituto Nacional de Estadística;Venezuela;Nacional;Otros recursos INE;Dato tabular;XLS;2026;abril;Nacional.xls;https://ine.gob.ve/wp-content/uploads/2026/04/Nacional.xls;https://ine.gob.ve/
INE Venezuela - Instituto Nacional de Estadística;Venezuela;Nueva Esparta;Otros recursos INE;Dato tabular;XLS;2026;abril;Estado-Nueva-Esparta-1.xls;https://ine.gob.ve/wp-content/uploads/2026/04/Estado-Nueva-Esparta-1.xls;https://ine.gob.ve/
INE Venezuela - Instituto Nacional de Estadística;Venezuela;Nueva Esparta;Otros recursos INE;Dato tabular;XLS;2026;abril;Estado-Nueva-Esparta.xls;https://ine.gob.ve/wp-content/uploads/2026/04/Estado-Nueva-Esparta.xls;https://ine.gob.ve/
INE Venezuela - Instituto Nacional de Estadística;Venezuela;Nueva Esparta;Otros recursos INE;Dato tabular;XLS;2026;abril;Estado_NuevaEsparta-4.xls;https://ine.gob.ve/wp-content/uploads/2026/04/Estado_NuevaEsparta-4.xls;https://ine.gob.ve/
INE Venezuela - Instituto Nacional de Estadística;Venezuela;Nueva Esparta;Otros recursos INE;Dato tabular;XLS;2026;abril;Nueva-Esparta.xls;https://ine.gob.ve/wp-content/uploads/2026/04/Nueva-Esparta.xls;https://ine.gob.ve/
INE Venezuela - Instituto Nacional de Estadística;Venezuela;Portuguesa;Otros recursos INE;Dato tabular;XLS;2026;abril;Estado-Portuguesa-1.xls;https://ine.gob.ve/wp-content/uploads/2026/04/Estado-Portuguesa-1.xls;https://ine.gob.ve/
INE Venezuela - Instituto Nacional de Estadística;Venezuela;Portuguesa;Otros recursos INE;Dato tabular;XLS;2026;abril;Estado-Portuguesa.xls;https://ine.gob.ve/wp-content/uploads/2026/04/Estado-Portuguesa.xls;https://ine.gob.ve/
INE Venezuela - Instituto Nacional de Estadística;Venezuela;Portuguesa;Otros recursos INE;Dato tabular;XLS;2026;abril;Estado_Portuguesa-4.xls;https://ine.gob.ve/wp-content/uploads/2026/04/Estado_Portuguesa-4.xls;https://ine.gob.ve/
INE Venezuela - Instituto Nacional de Estadística;Venezuela;Portuguesa;Otros recursos INE;Dato tabular;XLS;2026;abril;Portuguesa.xls;https://ine.gob.ve/wp-content/uploads/2026/04/Portuguesa.xls;https://ine.gob.ve/
INE Venezuela - Instituto Nacional de Estadística;Venezuela;Sucre;Otros recursos INE;Dato tabular;XLS;2026;abril;Estado-Sucre-1.xls;https://ine.gob.ve/wp-content/uploads/2026/04/Estado-Sucre-1.xls;https://ine.gob.ve/
INE Venezuela - Instituto Nacional de Estadística;Venezuela;Sucre;Otros recursos INE;Dato tabular;XLS;2026;abril;Estado-Sucre.xls;https://ine.gob.ve/wp-content/uploads/2026/04/Estado-Sucre.xls;https://ine.gob.ve/
INE Venezuela - Instituto Nacional de Estadística;Venezuela;Sucre;Otros recursos INE;Dato tabular;XLS;2026;abril;Estado_Sucre-6.xls;https://ine.gob.ve/wp-content/uploads/2026/04/Estado_Sucre-6.xls;https://ine.gob.ve/
INE Venezuela - Instituto Nacional de Estadística;Venezuela;Sucre;Otros recursos INE;Dato tabular;XLS;2026;abril;Sucre.xls;https://ine.gob.ve/wp-content/uploads/2026/04/Sucre.xls;https://ine.gob.ve/
INE Venezuela - Instituto Nacional de Estadística;Venezuela;Tachira;Otros recursos INE;Dato tabular;XLS;2026;abril;Estado-Tachira.xls;https://ine.gob.ve/wp-content/uploads/2026/04/Estado-Tachira.xls;https://ine.gob.ve/
INE Venezuela - Instituto Nacional de Estadística;Venezuela;Trujillo;Otros recursos INE;Dato tabular;XLS;2026;abril;Estado-Trujillo-1.xls;https://ine.gob.ve/wp-content/uploads/2026/04/Estado-Trujillo-1.xls;https://ine.gob.ve/
INE Venezuela - Instituto Nacional de Estadística;Venezuela;Trujillo;Otros recursos INE;Dato tabular;XLS;2026;abril;Estado-Trujillo.xls;https://ine.gob.ve/wp-content/uploads/2026/04/Estado-Trujillo.xls;https://ine.gob.ve/
INE Venezuela - Instituto Nacional de Estadística;Venezuela;Trujillo;Otros recursos INE;Dato tabular;XLS;2026;abril;Estado_Trujillo-3.xls;https://ine.gob.ve/wp-content/uploads/2026/04/Estado_Trujillo-3.xls;https://ine.gob.ve/
INE Venezuela - Instituto Nacional de Estadística;Venezuela;Trujillo;Otros recursos INE;Dato tabular;XLS;2026;abril;Trujillo.xls;https://ine.gob.ve/wp-content/uploads/2026/04/Trujillo.xls;https://ine.gob.ve/
INE Venezuela - Instituto Nacional de Estadística;Venezuela;Táchira;Otros recursos INE;Dato tabular;XLS;2026;abril;Estado-Tachira-1.xls;https://ine.gob.ve/wp-content/uploads/2026/04/Estado-Tachira-1.xls;https://ine.gob.ve/
INE Venezuela - Instituto Nacional de Estadística;Venezuela;Táchira;Otros recursos INE;Dato tabular;XLS;2026;abril;Estado_Tachira-8.xls;https://ine.gob.ve/wp-content/uploads/2026/04/Estado_Tachira-8.xls;https://ine.gob.ve/
INE Venezuela - Instituto Nacional de Estadística;Venezuela;Táchira;Otros recursos INE;Dato tabular;XLS;2026;abril;Tachira.xls;https://ine.gob.ve/wp-content/uploads/2026/04/Tachira.xls;https://ine.gob.ve/
INE Venezuela - Instituto Nacional de Estadística;Venezuela;Yaracuy;Otros recursos INE;Dato tabular;XLS;2026;abril;Estado-Yaracuy-1.xls;https://ine.gob.ve/wp-content/uploads/2026/04/Estado-Yaracuy-1.xls;https://ine.gob.ve/
INE Venezuela - Instituto Nacional de Estadística;Venezuela;Yaracuy;Otros recursos INE;Dato tabular;XLS;2026;abril;Estado-Yaracuy.xls;https://ine.gob.ve/wp-content/uploads/2026/04/Estado-Yaracuy.xls;https://ine.gob.ve/
INE Venezuela - Instituto Nacional de Estadística;Venezuela;Yaracuy;Otros recursos INE;Dato tabular;XLS;2026;abril;Estado_Yaracuy-4.xls;https://ine.gob.ve/wp-content/uploads/2026/04/Estado_Yaracuy-4.xls;https://ine.gob.ve/
INE Venezuela - Instituto Nacional de Estadística;Venezuela;Yaracuy;Otros recursos INE;Dato tabular;XLS;2026;abril;Yaracuy.xls;https://ine.gob.ve/wp-content/uploads/2026/04/Yaracuy.xls;https://ine.gob.ve/
INE Venezuela - Instituto Nacional de Estadística;Venezuela;Zulia;Otros recursos INE;Dato tabular;XLS;2026;abril;Estado-Zulia-1.xls;https://ine.gob.ve/wp-content/uploads/2026/04/Estado-Zulia-1.xls;https://ine.gob.ve/
INE Venezuela - Instituto Nacional de Estadística;Venezuela;Zulia;Otros recursos INE;Dato tabular;XLS;2026;abril;Estado-Zulia.xls;https://ine.gob.ve/wp-content/uploads/2026/04/Estado-Zulia.xls;https://ine.gob.ve/
INE Venezuela - Instituto Nacional de Estadística;Venezuela;Zulia;Otros recursos INE;Dato tabular;XLS;2026;abril;Estado_Zulia-6.xls;https://ine.gob.ve/wp-content/uploads/2026/04/Estado_Zulia-6.xls;https://ine.gob.ve/
INE Venezuela - Instituto Nacional de Estadística;Venezuela;Zulia;Otros recursos INE;Dato tabular;XLS;2026;abril;Zulia.xls;https://ine.gob.ve/wp-content/uploads/2026/04/Zulia.xls;https://ine.gob.ve/
INE Venezuela - Instituto Nacional de Estadística;Venezuela;Estructura Poblacional;Población;Documento;PDF;2025;septiembre;Estructura-completa.pdf;https://ine.gob.ve/wp-content/uploads/2025/09/Estructura-completa.pdf;https://ine.gob.ve/
INE Venezuela - Instituto Nacional de Estadística;Venezuela;Población 1950-2050;Proyección de población;Documento;PDF;2026;marzo;1950-2050-REP.-BOL.-VENEZUELA-PROYECCION-POBLACION.pdf;https://ine.gob.ve/wp-content/uploads/2026/03/1950-2050-REP.-BOL.-VENEZUELA-PROYECCION-POBLACION.pdf;https://ine.gob.ve/
INE Venezuela - Instituto Nacional de Estadística;Venezuela;Edad Simple;Proyección de población;Dato tabular;XLS;2026;abril;EDAD-SIMPLE.xls;https://ine.gob.ve/wp-content/uploads/2026/04/EDAD-SIMPLE.xls;https://ine.gob.ve/
INE Venezuela - Instituto Nacional de Estadística;Venezuela;Esperanza de Vida;Proyección de población;Dato tabular;XLS;2026;abril;ESPERANZA-DE-VIDA.xls;https://ine.gob.ve/wp-content/uploads/2026/04/ESPERANZA-DE-VIDA.xls;https://ine.gob.ve/
INE Venezuela - Instituto Nacional de Estadística;Venezuela;Nacional;Proyección de población;Dato tabular;XLS;2026;abril;Nacional-36.xls;https://ine.gob.ve/wp-content/uploads/2026/04/Nacional-36.xls;https://ine.gob.ve/
INE Venezuela - Instituto Nacional de Estadística;Venezuela;7T FILVEN;Publicaciones;Documento;PDF;2025;julio;TRIPTICO-CONOCE-EL-INE-INTEGRADO.pdf;https://ine.gob.ve/wp-content/uploads/2025/07/TRIPTICO-CONOCE-EL-INE-INTEGRADO.pdf;https://ine.gob.ve/
INE Venezuela - Instituto Nacional de Estadística;Venezuela;Abril;Publicaciones;Documento;PDF;2026;febrero;Resumen_ABRIL_2025.pdf;https://ine.gob.ve/wp-content/uploads/2026/02/Resumen_ABRIL_2025.pdf;https://ine.gob.ve/
INE Venezuela - Instituto Nacional de Estadística;Venezuela;Abril;Publicaciones;Documento;PDF;2026;mayo;Resumen_ABRIL_2026.pdf;https://ine.gob.ve/wp-content/uploads/2026/05/Resumen_ABRIL_2026.pdf;https://ine.gob.ve/
INE Venezuela - Instituto Nacional de Estadística;Venezuela;Agosto;Publicaciones;Documento;PDF;2026;febrero;Resumen_AGOSTO_2025.pdf;https://ine.gob.ve/wp-content/uploads/2026/02/Resumen_AGOSTO_2025.pdf;https://ine.gob.ve/
INE Venezuela - Instituto Nacional de Estadística;Venezuela;Amazonas;Publicaciones;Documento;PDF;2025;noviembre;ESTADO-AMAZONAS.pdf;https://ine.gob.ve/wp-content/uploads/2025/11/ESTADO-AMAZONAS.pdf;https://ine.gob.ve/
INE Venezuela - Instituto Nacional de Estadística;Venezuela;Anzoátegui;Publicaciones;Documento;PDF;2025;noviembre;ESTADO-ANZOATEGUI.pdf;https://ine.gob.ve/wp-content/uploads/2025/11/ESTADO-ANZOATEGUI.pdf;https://ine.gob.ve/
INE Venezuela - Instituto Nacional de Estadística;Venezuela;Apure;Publicaciones;Documento;PDF;2025;noviembre;ESTADO-APURE.pdf;https://ine.gob.ve/wp-content/uploads/2025/11/ESTADO-APURE.pdf;https://ine.gob.ve/
INE Venezuela - Instituto Nacional de Estadística;Venezuela;Aviso Oficial Fe de Vida 2026;Publicaciones;Documento;PDF;2026;enero;AVISO-OFICIAL-FE-DE-VIDA-2026.pdf;https://ine.gob.ve/wp-content/uploads/2026/01/AVISO-OFICIAL-FE-DE-VIDA-2026.pdf;https://ine.gob.ve/
INE Venezuela - Instituto Nacional de Estadística;Venezuela;Barinas;Publicaciones;Documento;PDF;2025;noviembre;ESTADO-BARINAS.pdf;https://ine.gob.ve/wp-content/uploads/2025/11/ESTADO-BARINAS.pdf;https://ine.gob.ve/
INE Venezuela - Instituto Nacional de Estadística;Venezuela;Bolívar;Publicaciones;Documento;PDF;2025;noviembre;ESTADO-BOLIVAR.pdf;https://ine.gob.ve/wp-content/uploads/2025/11/ESTADO-BOLIVAR.pdf;https://ine.gob.ve/
INE Venezuela - Instituto Nacional de Estadística;Venezuela;CATÁLOGO ACADÉMICO;Publicaciones;Documento;PDF;2025;diciembre;CatalogoDic2025-modificado.pdf;https://ine.gob.ve/wp-content/uploads/2025/12/CatalogoDic2025-modificado.pdf;https://ine.gob.ve/
INE Venezuela - Instituto Nacional de Estadística;Venezuela;CODIGO_DE_PRACTICAS_DE_LAS_ESTADISTICA.pdf;Publicaciones;Documento;PDF;2024;agosto;CODIGO_DE_PRACTICAS_DE_LAS_ESTADISTICA.pdf;https://ine.gob.ve/wp-content/uploads/2024/08/CODIGO_DE_PRACTICAS_DE_LAS_ESTADISTICA.pdf;https://ine.gob.ve/
INE Venezuela - Instituto Nacional de Estadística;Venezuela;Carabobo;Publicaciones;Documento;PDF;2025;noviembre;ESTADO-CARABOBO.pdf;https://ine.gob.ve/wp-content/uploads/2025/11/ESTADO-CARABOBO.pdf;https://ine.gob.ve/
INE Venezuela - Instituto Nacional de Estadística;Venezuela;Cojedes;Publicaciones;Documento;PDF;2025;noviembre;ESTADO-COJEDES.pdf;https://ine.gob.ve/wp-content/uploads/2025/11/ESTADO-COJEDES.pdf;https://ine.gob.ve/
INE Venezuela - Instituto Nacional de Estadística;Venezuela;Defensa Integral de la Nación e Innovación en la Fuerza Armada Nacional Bolivariana;Publicaciones;Documento;PDF;2026;abril;ART1DEFENSAINTEGRAL.pdf;https://ine.gob.ve/wp-content/uploads/2026/04/ART1DEFENSAINTEGRAL.pdf;https://ine.gob.ve/
INE Venezuela - Instituto Nacional de Estadística;Venezuela;Delta Amacuro;Publicaciones;Documento;PDF;2025;noviembre;ESTADO-DELTA-AMACURO.pdf;https://ine.gob.ve/wp-content/uploads/2025/11/ESTADO-DELTA-AMACURO.pdf;https://ine.gob.ve/
INE Venezuela - Instituto Nacional de Estadística;Venezuela;Dependencias Federales;Publicaciones;Documento;PDF;2025;julio;Folleto-de-las-Dependencias-Federales.pdf;https://ine.gob.ve/wp-content/uploads/2025/07/Folleto-de-las-Dependencias-Federales.pdf;https://ine.gob.ve/
INE Venezuela - Instituto Nacional de Estadística;Venezuela;Diciembre;Publicaciones;Documento;PDF;2026;febrero;RESUMEN_NOTAS_DICIEMBRE_2025.pdf;https://ine.gob.ve/wp-content/uploads/2026/02/RESUMEN_NOTAS_DICIEMBRE_2025.pdf;https://ine.gob.ve/
INE Venezuela - Instituto Nacional de Estadística;Venezuela;Directrices;Publicaciones;Documento;PDF;2024;octubre;DIRECTRICES.pdf;https://ine.gob.ve/wp-content/uploads/2024/10/DIRECTRICES.pdf;https://ine.gob.ve/
INE Venezuela - Instituto Nacional de Estadística;Venezuela;Distrito Capital;Publicaciones;Documento;PDF;2025;julio;Folleto-Dto.-Capital_20250629_154732_0000.pdf;https://ine.gob.ve/wp-content/uploads/2025/07/Folleto-Dto.-Capital_20250629_154732_0000.pdf;https://ine.gob.ve/
INE Venezuela - Instituto Nacional de Estadística;Venezuela;Distrito Capital;Publicaciones;Documento;PDF;2025;noviembre;DISTRITO-CAPITAL.pdf;https://ine.gob.ve/wp-content/uploads/2025/11/DISTRITO-CAPITAL.pdf;https://ine.gob.ve/
INE Venezuela - Instituto Nacional de Estadística;Venezuela;Documento;Publicaciones;Documento;PDF;2025;julio;DOCUMENTO-SEGEN.pdf;https://ine.gob.ve/wp-content/uploads/2025/07/DOCUMENTO-SEGEN.pdf;https://ine.gob.ve/
INE Venezuela - Instituto Nacional de Estadística;Venezuela;Documento Técnico EHM;Publicaciones;Documento;PDF;2024;septiembre;DOCUMENTO-TECNICO-EHM.pdf;https://ine.gob.ve/wp-content/uploads/2024/09/DOCUMENTO-TECNICO-EHM.pdf;https://ine.gob.ve/
INE Venezuela - Instituto Nacional de Estadística;Venezuela;El Estado Docente y sus implicaciones jurídicas-filosóficas;Publicaciones;Documento;PDF;2026;abril;ART5ESTADODOCENTE.pdf;https://ine.gob.ve/wp-content/uploads/2026/04/ART5ESTADODOCENTE.pdf;https://ine.gob.ve/
INE Venezuela - Instituto Nacional de Estadística;Venezuela;Enero;Publicaciones;Documento;PDF;2026;febrero;RESUMEN_NOTAS_ENERO_2026.pdf;https://ine.gob.ve/wp-content/uploads/2026/02/RESUMEN_NOTAS_ENERO_2026.pdf;https://ine.gob.ve/
INE Venezuela - Instituto Nacional de Estadística;Venezuela;Enero;Publicaciones;Documento;PDF;2026;febrero;Resumen_ENERO_2025.pdf;https://ine.gob.ve/wp-content/uploads/2026/02/Resumen_ENERO_2025.pdf;https://ine.gob.ve/
INE Venezuela - Instituto Nacional de Estadística;Venezuela;Estado Amazonas;Publicaciones;Documento;PDF;2025;julio;Folleto-del-Estado-Amazonas-INE-2025.pdf;https://ine.gob.ve/wp-content/uploads/2025/07/Folleto-del-Estado-Amazonas-INE-2025.pdf;https://ine.gob.ve/
INE Venezuela - Instituto Nacional de Estadística;Venezuela;Estado Anzoátegui;Publicaciones;Documento;PDF;2025;julio;Folleto-del-Estado-Anzoategui-INE-2025.pdf;https://ine.gob.ve/wp-content/uploads/2025/07/Folleto-del-Estado-Anzoategui-INE-2025.pdf;https://ine.gob.ve/
INE Venezuela - Instituto Nacional de Estadística;Venezuela;Estado Apure;Publicaciones;Documento;PDF;2025;julio;Folleto-del-Estado-Apure-INE-2025.pdf;https://ine.gob.ve/wp-content/uploads/2025/07/Folleto-del-Estado-Apure-INE-2025.pdf;https://ine.gob.ve/
INE Venezuela - Instituto Nacional de Estadística;Venezuela;Estado Barinas;Publicaciones;Documento;PDF;2025;julio;Folleto-Estado-Barinas_20250623_102124_0000.pdf;https://ine.gob.ve/wp-content/uploads/2025/07/Folleto-Estado-Barinas_20250623_102124_0000.pdf;https://ine.gob.ve/
INE Venezuela - Instituto Nacional de Estadística;Venezuela;Estado Bolívar;Publicaciones;Documento;PDF;2025;julio;Folleto-del-Estado-Bolivar-INE-2025.pdf;https://ine.gob.ve/wp-content/uploads/2025/07/Folleto-del-Estado-Bolivar-INE-2025.pdf;https://ine.gob.ve/
INE Venezuela - Instituto Nacional de Estadística;Venezuela;Estado Carabobo;Publicaciones;Documento;PDF;2025;julio;Folleto-del-Estado-Carabobo-INE-2025.pdf;https://ine.gob.ve/wp-content/uploads/2025/07/Folleto-del-Estado-Carabobo-INE-2025.pdf;https://ine.gob.ve/
INE Venezuela - Instituto Nacional de Estadística;Venezuela;Estado Cojedes;Publicaciones;Documento;PDF;2025;julio;Estado-Cojedes.pdf;https://ine.gob.ve/wp-content/uploads/2025/07/Estado-Cojedes.pdf;https://ine.gob.ve/
INE Venezuela - Instituto Nacional de Estadística;Venezuela;Estado Delta Amacuro;Publicaciones;Documento;PDF;2025;julio;Folleto-del-Estado-Delta-Amacuro-INE-2025.pdf;https://ine.gob.ve/wp-content/uploads/2025/07/Folleto-del-Estado-Delta-Amacuro-INE-2025.pdf;https://ine.gob.ve/
INE Venezuela - Instituto Nacional de Estadística;Venezuela;Estado Falcón;Publicaciones;Documento;PDF;2025;julio;Folleto-del-Estado-Falcon-INE-2025.pdf;https://ine.gob.ve/wp-content/uploads/2025/07/Folleto-del-Estado-Falcon-INE-2025.pdf;https://ine.gob.ve/
INE Venezuela - Instituto Nacional de Estadística;Venezuela;Estado Guárico;Publicaciones;Documento;PDF;2025;julio;Estado-Guarico_20250620_153508_0000.pdf;https://ine.gob.ve/wp-content/uploads/2025/07/Estado-Guarico_20250620_153508_0000.pdf;https://ine.gob.ve/
INE Venezuela - Instituto Nacional de Estadística;Venezuela;Estado La Guaira;Publicaciones;Documento;PDF;2025;julio;Estado-La-Guaira.pdf;https://ine.gob.ve/wp-content/uploads/2025/07/Estado-La-Guaira.pdf;https://ine.gob.ve/
INE Venezuela - Instituto Nacional de Estadística;Venezuela;Estado Lara;Publicaciones;Documento;PDF;2025;julio;Folleto-del-Estado-Lara-INE-2025.pdf;https://ine.gob.ve/wp-content/uploads/2025/07/Folleto-del-Estado-Lara-INE-2025.pdf;https://ine.gob.ve/
INE Venezuela - Instituto Nacional de Estadística;Venezuela;Estado Miranda;Publicaciones;Documento;PDF;2025;julio;Folleto-del-Estado-Miranda-INE-2025.pdf;https://ine.gob.ve/wp-content/uploads/2025/07/Folleto-del-Estado-Miranda-INE-2025.pdf;https://ine.gob.ve/
INE Venezuela - Instituto Nacional de Estadística;Venezuela;Estado Monagas;Publicaciones;Documento;PDF;2025;julio;Folleto-del-Estado-Monagas-INE-2025.pdf;https://ine.gob.ve/wp-content/uploads/2025/07/Folleto-del-Estado-Monagas-INE-2025.pdf;https://ine.gob.ve/
INE Venezuela - Instituto Nacional de Estadística;Venezuela;Estado Mérida;Publicaciones;Documento;PDF;2025;julio;Folleto-del-Estado-Merida-INE-2025.pdf;https://ine.gob.ve/wp-content/uploads/2025/07/Folleto-del-Estado-Merida-INE-2025.pdf;https://ine.gob.ve/
INE Venezuela - Instituto Nacional de Estadística;Venezuela;Estado Nueva Esparta;Publicaciones;Documento;PDF;2025;julio;Folleto-Nueva-Esparta-_20250628_141737_0000.pdf;https://ine.gob.ve/wp-content/uploads/2025/07/Folleto-Nueva-Esparta-_20250628_141737_0000.pdf;https://ine.gob.ve/
INE Venezuela - Instituto Nacional de Estadística;Venezuela;Estado Portuguesa;Publicaciones;Documento;PDF;2025;julio;Folleto-Portuguesa-_20250629_131617_0000.pdf;https://ine.gob.ve/wp-content/uploads/2025/07/Folleto-Portuguesa-_20250629_131617_0000.pdf;https://ine.gob.ve/
INE Venezuela - Instituto Nacional de Estadística;Venezuela;Estado Sucre;Publicaciones;Documento;PDF;2025;julio;Folleto-del-Estado-Sucre-INE-2025.pdf;https://ine.gob.ve/wp-content/uploads/2025/07/Folleto-del-Estado-Sucre-INE-2025.pdf;https://ine.gob.ve/
INE Venezuela - Instituto Nacional de Estadística;Venezuela;Estado Trujillo;Publicaciones;Documento;PDF;2025;julio;Estado-Trujillo.pdf;https://ine.gob.ve/wp-content/uploads/2025/07/Estado-Trujillo.pdf;https://ine.gob.ve/
INE Venezuela - Instituto Nacional de Estadística;Venezuela;Estado Táchira;Publicaciones;Documento;PDF;2025;julio;Folleto-Estado-Tachira.pdf;https://ine.gob.ve/wp-content/uploads/2025/07/Folleto-Estado-Tachira.pdf;https://ine.gob.ve/
INE Venezuela - Instituto Nacional de Estadística;Venezuela;Estado Yaracuy;Publicaciones;Documento;PDF;2025;julio;Estado-Yaracuy_20250619_231832_0000.pdf;https://ine.gob.ve/wp-content/uploads/2025/07/Estado-Yaracuy_20250619_231832_0000.pdf;https://ine.gob.ve/
INE Venezuela - Instituto Nacional de Estadística;Venezuela;Estado Zulia;Publicaciones;Documento;PDF;2025;julio;Folleto-del-Estado-Zulia-INE-2025.pdf;https://ine.gob.ve/wp-content/uploads/2025/07/Folleto-del-Estado-Zulia-INE-2025.pdf;https://ine.gob.ve/
INE Venezuela - Instituto Nacional de Estadística;Venezuela;Estadísticas Basadas en Registros;Publicaciones;Documento;PDF;2024;septiembre;ESTADISTICAS-BASADAS-EN-REGISTROS.pdf;https://ine.gob.ve/wp-content/uploads/2024/09/ESTADISTICAS-BASADAS-EN-REGISTROS.pdf;https://ine.gob.ve/
INE Venezuela - Instituto Nacional de Estadística;Venezuela;Estudio de la narrativa audiovisual como espacio de autodescubrimiento;Publicaciones;Documento;PDF;2026;abril;ART6CINEYSUBJETIVIDAD.pdf;https://ine.gob.ve/wp-content/uploads/2026/04/ART6CINEYSUBJETIVIDAD.pdf;https://ine.gob.ve/
INE Venezuela - Instituto Nacional de Estadística;Venezuela;Falcón;Publicaciones;Documento;PDF;2025;noviembre;ESTADO-FALCON.pdf;https://ine.gob.ve/wp-content/uploads/2025/11/ESTADO-FALCON.pdf;https://ine.gob.ve/
INE Venezuela - Instituto Nacional de Estadística;Venezuela;Febrero;Publicaciones;Documento;PDF;2026;febrero;Resumen_FEBRERO_2025.pdf;https://ine.gob.ve/wp-content/uploads/2026/02/Resumen_FEBRERO_2025.pdf;https://ine.gob.ve/
INE Venezuela - Instituto Nacional de Estadística;Venezuela;Febrero;Publicaciones;Documento;PDF;2026;marzo;febrero.pdf;https://ine.gob.ve/wp-content/uploads/2026/03/febrero.pdf;https://ine.gob.ve/
INE Venezuela - Instituto Nacional de Estadística;Venezuela;Flyer;Publicaciones;Documento;PDF;2024;octubre;Flyer-Avance-Nuevo-Portal-Web-INE-11102024-Final.pdf;https://ine.gob.ve/wp-content/uploads/2024/10/Flyer-Avance-Nuevo-Portal-Web-INE-11102024-Final.pdf;https://ine.gob.ve/
INE Venezuela - Instituto Nacional de Estadística;Venezuela;Folleto en PDF;Publicaciones;Documento;PDF;2024;septiembre;TRANSICION-DEMOGRAFICA.pdf;https://ine.gob.ve/wp-content/uploads/2024/09/TRANSICION-DEMOGRAFICA.pdf;https://ine.gob.ve/
INE Venezuela - Instituto Nacional de Estadística;Venezuela;Formato de Fe de Vida 2026;Publicaciones;Documento;PDF;2026;enero;FORMATO-DE-FE-DE-VIDA-2026.pdf;https://ine.gob.ve/wp-content/uploads/2026/01/FORMATO-DE-FE-DE-VIDA-2026.pdf;https://ine.gob.ve/
INE Venezuela - Instituto Nacional de Estadística;Venezuela;Gestion y Mantenimiento;Publicaciones;Documento;PDF;2024;octubre;GESTION-Y-MANTENIMIENTO.pdf;https://ine.gob.ve/wp-content/uploads/2024/10/GESTION-Y-MANTENIMIENTO.pdf;https://ine.gob.ve/
INE Venezuela - Instituto Nacional de Estadística;Venezuela;Grandes Misiones Habitacionales;Publicaciones;Documento;PDF;2026;abril;Grandes_Misiones_habitacionales_de_Venezuela_CHN.pdf;https://ine.gob.ve/wp-content/uploads/2026/04/Grandes_Misiones_habitacionales_de_Venezuela_CHN.pdf;https://ine.gob.ve/
INE Venezuela - Instituto Nacional de Estadística;Venezuela;Guárico;Publicaciones;Documento;PDF;2025;noviembre;ESTADO-GUARICO.pdf;https://ine.gob.ve/wp-content/uploads/2025/11/ESTADO-GUARICO.pdf;https://ine.gob.ve/
INE Venezuela - Instituto Nacional de Estadística;Venezuela;INE – FILVEN;Publicaciones;Documento;PDF;2025;julio;TRIPTICO-INTEGRADO-LA-JUVENTUD-7T-FILVEN-JULIO-2025.pdf;https://ine.gob.ve/wp-content/uploads/2025/07/TRIPTICO-INTEGRADO-LA-JUVENTUD-7T-FILVEN-JULIO-2025.pdf;https://ine.gob.ve/
INE Venezuela - Instituto Nacional de Estadística;Venezuela;Industrial;Publicaciones;Documento;PDF;2026;marzo;25-anos-Encuesta-Industrial-.pdf;https://ine.gob.ve/wp-content/uploads/2026/03/25-anos-Encuesta-Industrial-.pdf;https://ine.gob.ve/
INE Venezuela - Instituto Nacional de Estadística;Venezuela;Julio;Publicaciones;Documento;PDF;2026;febrero;Resumen_JULIO_2025.pdf;https://ine.gob.ve/wp-content/uploads/2026/02/Resumen_JULIO_2025.pdf;https://ine.gob.ve/
INE Venezuela - Instituto Nacional de Estadística;Venezuela;Julio;Publicaciones;Documento;PDF;2026;agosto;Noticias-Julio-31.pdf;https://ine.gob.ve/wp-content/uploads/2026/08/Noticias-Julio-31.pdf;https://ine.gob.ve/
INE Venezuela - Instituto Nacional de Estadística;Venezuela;Junio;Publicaciones;Documento;PDF;2026;febrero;Resumen_JUNIO_2025.pdf;https://ine.gob.ve/wp-content/uploads/2026/02/Resumen_JUNIO_2025.pdf;https://ine.gob.ve/
INE Venezuela - Instituto Nacional de Estadística;Venezuela;Junio;Publicaciones;Documento;PDF;2026;junio;Noticias-12-06-al-19-06.pdf;https://ine.gob.ve/wp-content/uploads/2026/06/Noticias-12-06-al-19-06.pdf;https://ine.gob.ve/
INE Venezuela - Instituto Nacional de Estadística;Venezuela;La Guaira;Publicaciones;Documento;PDF;2025;noviembre;ESTADO-LA-GUAIRA.pdf;https://ine.gob.ve/wp-content/uploads/2025/11/ESTADO-LA-GUAIRA.pdf;https://ine.gob.ve/
INE Venezuela - Instituto Nacional de Estadística;Venezuela;Lara;Publicaciones;Documento;PDF;2025;noviembre;ESTADO-LARA.pdf;https://ine.gob.ve/wp-content/uploads/2025/11/ESTADO-LARA.pdf;https://ine.gob.ve/
INE Venezuela - Instituto Nacional de Estadística;Venezuela;Las escala subregional y local en la planificación;Publicaciones;Documento;PDF;2026;abril;E3LASESCALASSUBREGIONAL.pdf;https://ine.gob.ve/wp-content/uploads/2026/04/E3LASESCALASSUBREGIONAL.pdf;https://ine.gob.ve/
INE Venezuela - Instituto Nacional de Estadística;Venezuela;Manual;Publicaciones;Documento;PDF;2024;octubre;MANUAL.pdf;https://ine.gob.ve/wp-content/uploads/2024/10/MANUAL.pdf;https://ine.gob.ve/
INE Venezuela - Instituto Nacional de Estadística;Venezuela;Mapa Pobreza XII Censo;Publicaciones;Documento;PDF;2026;marzo;Mapa-de-la-Pobreza-Basado-en-los-resultados-del-XII-CENSO-GENERAL.pdf;https://ine.gob.ve/wp-content/uploads/2026/03/Mapa-de-la-Pobreza-Basado-en-los-resultados-del-XII-CENSO-GENERAL.pdf;https://ine.gob.ve/
INE Venezuela - Instituto Nacional de Estadística;Venezuela;Marzo;Publicaciones;Documento;PDF;2026;febrero;Resumen_MARZO_2025.pdf;https://ine.gob.ve/wp-content/uploads/2026/02/Resumen_MARZO_2025.pdf;https://ine.gob.ve/
INE Venezuela - Instituto Nacional de Estadística;Venezuela;Marzo;Publicaciones;Documento;PDF;2026;marzo;Resumen_MARZO_2026.pdf;https://ine.gob.ve/wp-content/uploads/2026/03/Resumen_MARZO_2026.pdf;https://ine.gob.ve/
INE Venezuela - Instituto Nacional de Estadística;Venezuela;Mayo;Publicaciones;Documento;PDF;2026;febrero;Resumen_MAYO_2025.pdf;https://ine.gob.ve/wp-content/uploads/2026/02/Resumen_MAYO_2025.pdf;https://ine.gob.ve/
INE Venezuela - Instituto Nacional de Estadística;Venezuela;Mayo;Publicaciones;Documento;PDF;2026;junio;Resumen_MAYO_2026-1.pdf;https://ine.gob.ve/wp-content/uploads/2026/06/Resumen_MAYO_2026-1.pdf;https://ine.gob.ve/
INE Venezuela - Instituto Nacional de Estadística;Venezuela;Miranda;Publicaciones;Documento;PDF;2025;noviembre;ESTADO-MIRANDA.pdf;https://ine.gob.ve/wp-content/uploads/2025/11/ESTADO-MIRANDA.pdf;https://ine.gob.ve/
INE Venezuela - Instituto Nacional de Estadística;Venezuela;Monagas;Publicaciones;Documento;PDF;2025;noviembre;ESTADO-MONAGAS.pdf;https://ine.gob.ve/wp-content/uploads/2025/11/ESTADO-MONAGAS.pdf;https://ine.gob.ve/
INE Venezuela - Instituto Nacional de Estadística;Venezuela;Mérida;Publicaciones;Documento;PDF;2025;noviembre;ESTADO-MERIDA.pdf;https://ine.gob.ve/wp-content/uploads/2025/11/ESTADO-MERIDA.pdf;https://ine.gob.ve/
INE Venezuela - Instituto Nacional de Estadística;Venezuela;Nacional;Publicaciones;Documento;PDF;2025;julio;Folleto-Nacional-Venezuela-y-las-7T.pdf;https://ine.gob.ve/wp-content/uploads/2025/07/Folleto-Nacional-Venezuela-y-las-7T.pdf;https://ine.gob.ve/
INE Venezuela - Instituto Nacional de Estadística;Venezuela;Noticias-Agosto1.pdf;Publicaciones;Documento;PDF;2026;agosto;Noticias-Agosto1.pdf;https://ine.gob.ve/wp-content/uploads/2026/08/Noticias-Agosto1.pdf;https://ine.gob.ve/
INE Venezuela - Instituto Nacional de Estadística;Venezuela;Noticias-Agosto2.pdf;Publicaciones;Documento;PDF;2026;agosto;Noticias-Agosto2.pdf;https://ine.gob.ve/wp-content/uploads/2026/08/Noticias-Agosto2.pdf;https://ine.gob.ve/
INE Venezuela - Instituto Nacional de Estadística;Venezuela;Noviembre;Publicaciones;Documento;PDF;2026;febrero;Notas_Nov_2025.pdf;https://ine.gob.ve/wp-content/uploads/2026/02/Notas_Nov_2025.pdf;https://ine.gob.ve/
INE Venezuela - Instituto Nacional de Estadística;Venezuela;Nueva Esparta;Publicaciones;Documento;PDF;2025;noviembre;ESTADO-NUEVA-ESPARTA.pdf;https://ine.gob.ve/wp-content/uploads/2025/11/ESTADO-NUEVA-ESPARTA.pdf;https://ine.gob.ve/
INE Venezuela - Instituto Nacional de Estadística;Venezuela;Octubre;Publicaciones;Documento;PDF;2026;febrero;Resumen_OCTUBRE_2025.pdf;https://ine.gob.ve/wp-content/uploads/2026/02/Resumen_OCTUBRE_2025.pdf;https://ine.gob.ve/
INE Venezuela - Instituto Nacional de Estadística;Venezuela;PLAN DE LA PATRIA 7T;Publicaciones;Documento;PDF;2025;junio;7TLeyPlanPatriaF.pdf;https://ine.gob.ve/wp-content/uploads/2025/06/7TLeyPlanPatriaF.pdf;https://ine.gob.ve/
INE Venezuela - Instituto Nacional de Estadística;Venezuela;Plan-Patria-2019-2025-1.pdf;Publicaciones;Documento;PDF;2024;agosto;Plan-Patria-2019-2025-1.pdf;https://ine.gob.ve/wp-content/uploads/2024/08/Plan-Patria-2019-2025-1.pdf;https://ine.gob.ve/
INE Venezuela - Instituto Nacional de Estadística;Venezuela;Plan_Estrategico_2014-2019.pdf;Publicaciones;Documento;PDF;2024;agosto;Plan_Estrategico_2014-2019.pdf;https://ine.gob.ve/wp-content/uploads/2024/08/Plan_Estrategico_2014-2019.pdf;https://ine.gob.ve/
INE Venezuela - Instituto Nacional de Estadística;Venezuela;Portal Web;Publicaciones;Documento;PDF;2025;julio;TRIPTICO-INTEGRADO-PORTAL-WEB.pdf;https://ine.gob.ve/wp-content/uploads/2025/07/TRIPTICO-INTEGRADO-PORTAL-WEB.pdf;https://ine.gob.ve/
INE Venezuela - Instituto Nacional de Estadística;Venezuela;Portuguesa;Publicaciones;Documento;PDF;2025;noviembre;ESTADO-PORTUGUESA.pdf;https://ine.gob.ve/wp-content/uploads/2025/11/ESTADO-PORTUGUESA.pdf;https://ine.gob.ve/
INE Venezuela - Instituto Nacional de Estadística;Venezuela;Programación;Publicaciones;Documento;PDF;2025;julio;PROGRAMACION-FILVEN-09-07-25.pdf;https://ine.gob.ve/wp-content/uploads/2025/07/PROGRAMACION-FILVEN-09-07-25.pdf;https://ine.gob.ve/
INE Venezuela - Instituto Nacional de Estadística;Venezuela;Registros Administrativos Economicos;Publicaciones;Documento;PDF;2024;octubre;REGISTROS-ADMINISTRATIVOS-ECONOMICOS.pdf;https://ine.gob.ve/wp-content/uploads/2024/10/REGISTROS-ADMINISTRATIVOS-ECONOMICOS.pdf;https://ine.gob.ve/
INE Venezuela - Instituto Nacional de Estadística;Venezuela;Revista ÁGORA;Publicaciones;Documento;PDF;2026;abril;REVISTA-AGORA-1.pdf;https://ine.gob.ve/wp-content/uploads/2026/04/REVISTA-AGORA-1.pdf;https://ine.gob.ve/
INE Venezuela - Instituto Nacional de Estadística;Venezuela;Septiembre;Publicaciones;Documento;PDF;2026;febrero;Resumen_SEPTIEMBRE_2025.pdf;https://ine.gob.ve/wp-content/uploads/2026/02/Resumen_SEPTIEMBRE_2025.pdf;https://ine.gob.ve/
INE Venezuela - Instituto Nacional de Estadística;Venezuela;Sistema de Registros;Publicaciones;Documento;PDF;2024;octubre;SISTEMA-DE-REGISTROS.pdf;https://ine.gob.ve/wp-content/uploads/2024/10/SISTEMA-DE-REGISTROS.pdf;https://ine.gob.ve/
INE Venezuela - Instituto Nacional de Estadística;Venezuela;Sistema-Estadistico-y-Geografico-Nacional.pdf;Publicaciones;Documento;PDF;2024;agosto;Sistema-Estadistico-y-Geografico-Nacional.pdf;https://ine.gob.ve/wp-content/uploads/2024/08/Sistema-Estadistico-y-Geografico-Nacional.pdf;https://ine.gob.ve/
INE Venezuela - Instituto Nacional de Estadística;Venezuela;Sucre;Publicaciones;Documento;PDF;2025;noviembre;ESTADO-SUCRE.pdf;https://ine.gob.ve/wp-content/uploads/2025/11/ESTADO-SUCRE.pdf;https://ine.gob.ve/
INE Venezuela - Instituto Nacional de Estadística;Venezuela;Síntesis;Publicaciones;Documento;PDF;2024;agosto;Resumen_de_estadisticas_1999-2023.pdf;https://ine.gob.ve/wp-content/uploads/2024/08/Resumen_de_estadisticas_1999-2023.pdf;https://ine.gob.ve/
INE Venezuela - Instituto Nacional de Estadística;Venezuela;Tipología Sociales. Síntesis e impulso de dinámicas sociales.;Publicaciones;Documento;PDF;2026;abril;Tipologia.pdf;https://ine.gob.ve/wp-content/uploads/2026/04/Tipologia.pdf;https://ine.gob.ve/
INE Venezuela - Instituto Nacional de Estadística;Venezuela;Trujillo;Publicaciones;Documento;PDF;2026;julio;Estado-Trujillo.pdf;https://ine.gob.ve/wp-content/uploads/2026/07/Estado-Trujillo.pdf;https://ine.gob.ve/
INE Venezuela - Instituto Nacional de Estadística;Venezuela;Táchira;Publicaciones;Documento;PDF;2025;noviembre;ESTADO-TACHIRA.pdf;https://ine.gob.ve/wp-content/uploads/2025/11/ESTADO-TACHIRA.pdf;https://ine.gob.ve/
INE Venezuela - Instituto Nacional de Estadística;Venezuela;Uso intensivo de datos e inteligencia artificial para las políticas públicas;Publicaciones;Documento;PDF;2026;abril;ART2GOBDELFUTURO.pdf;https://ine.gob.ve/wp-content/uploads/2026/04/ART2GOBDELFUTURO.pdf;https://ine.gob.ve/
INE Venezuela - Instituto Nacional de Estadística;Venezuela;Yaracuy;Publicaciones;Documento;PDF;2025;noviembre;ESTADO-YARACUY.pdf;https://ine.gob.ve/wp-content/uploads/2025/11/ESTADO-YARACUY.pdf;https://ine.gob.ve/
INE Venezuela - Instituto Nacional de Estadística;Venezuela;Zulia;Publicaciones;Documento;PDF;2025;noviembre;ESTADO-ZULIA.pdf;https://ine.gob.ve/wp-content/uploads/2025/11/ESTADO-ZULIA.pdf;https://ine.gob.ve/
INE Venezuela - Instituto Nacional de Estadística;Venezuela;visión metodológica para la clasificación de paisajes ecológicos;Publicaciones;Documento;PDF;2026;abril;vision-metodologica.pdf;https://ine.gob.ve/wp-content/uploads/2026/04/vision-metodologica.pdf;https://ine.gob.ve/
INE Venezuela - Instituto Nacional de Estadística;Venezuela;Aragua;Vivienda y servicios;Documento;PDF;2025;noviembre;ESTADO-ARAGUA.pdf;https://ine.gob.ve/wp-content/uploads/2025/11/ESTADO-ARAGUA.pdf;https://ine.gob.ve/
INE Venezuela - Instituto Nacional de Estadística;Venezuela;Censo de zonas afectadas del estado Vargas;Vivienda y servicios;Documento;PDF;2026;julio;CENSO-DE-ESTRUCTURAS-VIVIENDAS-Y-PERSONAS-EN-LAS-ZONAS-AFECTADAS-DEL-ESTADO-VARGAS.pdf;https://ine.gob.ve/wp-content/uploads/2026/07/CENSO-DE-ESTRUCTURAS-VIVIENDAS-Y-PERSONAS-EN-LAS-ZONAS-AFECTADAS-DEL-ESTADO-VARGAS.pdf;https://ine.gob.ve/
INE Venezuela - Instituto Nacional de Estadística;Venezuela;Encuesta Hogares 1967-1997;Vivienda y servicios;Documento;PDF;2026;marzo;ENCUESTA-DE-HOGARES-POR-MUESTREO-1967-1997_compressed.pdf;https://ine.gob.ve/wp-content/uploads/2026/03/ENCUESTA-DE-HOGARES-POR-MUESTREO-1967-1997_compressed.pdf;https://ine.gob.ve/
INE Venezuela - Instituto Nacional de Estadística;Venezuela;Estado Aragua;Vivienda y servicios;Documento;PDF;2025;julio;Estado-Aragua_compressed.pdf;https://ine.gob.ve/wp-content/uploads/2025/07/Estado-Aragua_compressed.pdf;https://ine.gob.ve/
INE Venezuela - Instituto Nacional de Estadística;Venezuela;Vivienda;Vivienda y servicios;Documento;PDF;2026;julio;VIVIENDA.pdf;https://ine.gob.ve/wp-content/uploads/2026/07/VIVIENDA.pdf;https://ine.gob.ve/
INE Venezuela - Instituto Nacional de Estadística;Venezuela;Aragua;Vivienda y servicios;Dato tabular;XLS;2026;abril;Aragua.xls;https://ine.gob.ve/wp-content/uploads/2026/04/Aragua.xls;https://ine.gob.ve/
INE Venezuela - Instituto Nacional de Estadística;Venezuela;Aragua;Vivienda y servicios;Dato tabular;XLS;2026;abril;Estado-Aragua-1.xls;https://ine.gob.ve/wp-content/uploads/2026/04/Estado-Aragua-1.xls;https://ine.gob.ve/
INE Venezuela - Instituto Nacional de Estadística;Venezuela;Aragua;Vivienda y servicios;Dato tabular;XLS;2026;abril;Estado-Aragua.xls;https://ine.gob.ve/wp-content/uploads/2026/04/Estado-Aragua.xls;https://ine.gob.ve/
INE Venezuela - Instituto Nacional de Estadística;Venezuela;Aragua;Vivienda y servicios;Dato tabular;XLS;2026;abril;Estado_Aragua-3.xls;https://ine.gob.ve/wp-content/uploads/2026/04/Estado_Aragua-3.xls;https://ine.gob.ve/
