ID recurso;Título;Categoría;Formato;URL fuente;Hoja;Filas detectadas;Columnas detectadas;Celdas con valor;Estado extracción;Error
estado_amazonas_censo_2001_y_2011_1;Amazonas 2001-2011;Censo 2001-2011;XLS;https://ine.gob.ve/wp-content/uploads/2026/04/Estado-Amazonas-Censo-2001-y-2011-1.xls;Por Variables;35;12;204;OK;
estado_amazonas_censo_2001_y_2011;Amazonas 2001-2011;Censo 2001-2011;XLS;https://ine.gob.ve/wp-content/uploads/2026/04/Estado-Amazonas-Censo-2001-y-2011.xls;Pobres y Extremos;34;11;186;OK;
estado_anzoategui_censo_2001_y_2011_1;Anzoátegui 2001-2011;Censo 2001-2011;XLS;https://ine.gob.ve/wp-content/uploads/2026/04/Estado-Anzoategui-Censo-2001-y-2011-1.xls;Por Vriables;63;12;512;OK;
estado_anzoategui_censo_2001_y_2011;Anzoátegui 2001-2011;Censo 2001-2011;XLS;https://ine.gob.ve/wp-content/uploads/2026/04/Estado-Anzoategui-Censo-2001-y-2011.xls;Pobres y Extremos;63;11;466;OK;
estado_apure_censo_2001_y_2011_1;Apure 2001-2011;Censo 2001-2011;XLS;https://ine.gob.ve/wp-content/uploads/2026/04/Estado-Apure-Censo-2001-y-2011-1.xls;Por Variables;35;12;204;OK;
estado_apure_censo_2001_y_2011;Apure 2001-2011;Censo 2001-2011;XLS;https://ine.gob.ve/wp-content/uploads/2026/04/Estado-Apure-Censo-2001-y-2011.xls;Pobres y Extremos;34;11;186;OK;
estado_aragua_censo_2001_y_2011;Aragua 2001-2011;Censo 2001-2011;XLS;https://ine.gob.ve/wp-content/uploads/2026/04/Estado-Aragua-Censo-2001-y-2011.xls;Por Variables;57;12;446;OK;
estado_barinas_censo_2001_y_2011;Barinas 2001-2011;Censo 2001-2011;XLS;https://ine.gob.ve/wp-content/uploads/2026/04/Estado-Barinas-Censo-2001-y-2011.xls;Pobres y Extremos;45;11;286;OK;
estado_bolivar_censo_2001_y_2011_1;Bolívar 2001-2011;Censo 2001-2011;XLS;https://ine.gob.ve/wp-content/uploads/2026/04/Estado-Bolivar-Censo-2001-y-2011-1.xls;Por Variables;43;12;292;OK;
estado_bolivar_censo_2001_y_2011;Bolívar 2001-2011;Censo 2001-2011;XLS;https://ine.gob.ve/wp-content/uploads/2026/04/Estado-Bolivar-Censo-2001-y-2011.xls;Pobres y Extremos;43;11;266;OK;
estado_carabobo_censo_2001_y_2011_1;Carabobo 2001-2011;Censo 2001-2011;XLS;https://ine.gob.ve/wp-content/uploads/2026/04/Estado-Carabobo-Censo-2001-y-2011-1.xls;Por Variables;49;12;358;OK;
estado_carabobo_censo_2001_y_2011;Carabobo 2001-2011;Censo 2001-2011;XLS;https://ine.gob.ve/wp-content/uploads/2026/04/Estado-Carabobo-Censo-2001-y-2011.xls;Pobres y Extremos;49;11;326;OK;
estado_cojedes_censo_2001_y_2011_1;Cojedes 2001-2011;Censo 2001-2011;XLS;https://ine.gob.ve/wp-content/uploads/2026/04/Estado-Cojedes-Censo-2001-y-2011-1.xls;Por Variables;39;12;248;OK;
estado_cojedes_censo_2001_y_2011;Cojedes 2001-2011;Censo 2001-2011;XLS;https://ine.gob.ve/wp-content/uploads/2026/04/Estado-Cojedes-Censo-2001-y-2011.xls;Pobres y Extremos;38;11;226;OK;
estado_delta_amacuro_censo_2001_y_2011_1;Delta Amacuro 2001-2011;Censo 2001-2011;XLS;https://ine.gob.ve/wp-content/uploads/2026/04/Estado-Delta-Amacuro-Censo-2001-y-2011-1.xls;Por Variables;29;12;138;OK;
estado_delta_amacuro_censo_2001_y_2011;Delta Amacuro 2001-2011;Censo 2001-2011;XLS;https://ine.gob.ve/wp-content/uploads/2026/04/Estado-Delta-Amacuro-Censo-2001-y-2011.xls;Pobres y Extremos;29;11;126;OK;
dependencias_federales_censo_2001_y_2011_1;Dep. Federales;Censo 2001-2011;XLS;https://ine.gob.ve/wp-content/uploads/2026/04/Dependencias-Federales-Censo-2001-y-2011-1.xls;Por Variables;28;12;116;OK;
dependencias_federales_censo_2001_y_2011;Dep. Federales 2001-2011;Censo 2001-2011;XLS;https://ine.gob.ve/wp-content/uploads/2026/04/Dependencias-Federales-Censo-2001-y-2011.xls;Pobres y Extremos;26;11;106;OK;
distrito_capital_censo_2001_y_2011_1;Distr. Capital 2001-2011;Censo 2001-2011;XLS;https://ine.gob.ve/wp-content/uploads/2026/04/Distrito-Capital-Censo-2001-y-2011-1.xls;Por Variables;64;12;534;OK;
distrito_capital_censo_2001_y_2011;Distr. Capital 2001-2011;Censo 2001-2011;XLS;https://ine.gob.ve/wp-content/uploads/2026/04/Distrito-Capital-Censo-2001-y-2011.xls;POBREZA;65;11;486;OK;
estado_falcon_censo_2001_y_2011_1;Falcón 2001-2011;Censo 2001-2011;XLS;https://ine.gob.ve/wp-content/uploads/2026/04/Estado-Falcon-Censo-2001-y-2011-1.xls;Por Variables;71;12;600;OK;
estado_falcon_censo_2001_y_2011;Falcón 2001-2011;Censo 2001-2011;XLS;https://ine.gob.ve/wp-content/uploads/2026/04/Estado-Falcon-Censo-2001-y-2011.xls;Pobres y Extremos;73;11;546;OK;
estado_guarico_censo_2001_y_2011_1;Guárico 2001-2011;Censo 2001-2011;XLS;https://ine.gob.ve/wp-content/uploads/2026/04/Estado-Guarico-Censo-2001-y-2011-1.xls;Por Variables;51;12;380;OK;
estado_guarico_censo_2001_y_2011;Guárico 2001-2011;Censo 2001-2011;XLS;https://ine.gob.ve/wp-content/uploads/2026/04/Estado-Guarico-Censo-2001-y-2011.xls;Pobres y Extremos;53;11;346;OK;
estado_la_guaira_censo_2001_y_2011_1;La Guaira 2001-2011;Censo 2001-2011;XLS;https://ine.gob.ve/wp-content/uploads/2026/04/Estado-La-Guaira-Censo-2001-y-2011-1.xls;Por Variables;44;12;292;OK;
estado_la_guaira_censo_2001_y_2011;La Guaira 2001-2011;Censo 2001-2011;XLS;https://ine.gob.ve/wp-content/uploads/2026/04/Estado-La-Guaira-Censo-2001-y-2011.xls;Pobres y Extremos;44;11;266;OK;
estado_lara_censo_2001_y_2011_1;Lara 2001-2011;Censo 2001-2011;XLS;https://ine.gob.ve/wp-content/uploads/2026/04/Estado-Lara-Censo-2001-y-2011-1.xls;Por Variables;39;12;248;OK;
estado_lara_censo_2001_y_2011;Lara 2001-2011;Censo 2001-2011;XLS;https://ine.gob.ve/wp-content/uploads/2026/04/Estado-Lara-Censo-2001-y-2011.xls;Pobres y Extremos;39;11;226;OK;
estado_miranda_censo_2001_y_2011_1;Miranda 2001-2011;Censo 2001-2011;XLS;https://ine.gob.ve/wp-content/uploads/2026/04/Estado-Miranda-Censo-2001-y-2011-1.xls;Por Variables ;63;12;512;OK;
estado_miranda_censo_2001_y_2011;Miranda 2001-2011;Censo 2001-2011;XLS;https://ine.gob.ve/wp-content/uploads/2026/04/Estado-Miranda-Censo-2001-y-2011.xls;Pobres y Extremos;63;11;466;OK;
estado_monagas_censo_2001_y_2011_1;Monagas 2001-2011;Censo 2001-2011;XLS;https://ine.gob.ve/wp-content/uploads/2026/04/Estado-Monagas-Censo-2001-y-2011-1.xls;Por Variables;47;12;336;OK;
estado_monagas_censo_2001_y_2011;Monagas 2001-2011;Censo 2001-2011;XLS;https://ine.gob.ve/wp-content/uploads/2026/04/Estado-Monagas-Censo-2001-y-2011.xls;Pobres y Extremos;47;11;306;OK;
estado_merida_censo_2001_y_2011_1;Mérida 2001-2011;Censo 2001-2011;XLS;https://ine.gob.ve/wp-content/uploads/2026/04/Estado-Merida-Censo-2001-y-2011-1.xls;Por Variables;67;12;556;OK;
estado_merida_censo_2001_y_2011;Mérida 2001-2011;Censo 2001-2011;XLS;https://ine.gob.ve/wp-content/uploads/2026/04/Estado-Merida-Censo-2001-y-2011.xls;Pobres y Extremos;66;11;506;OK;
nacional_censo_2001_y_2011_1;Nacional 2001-2011;Censo 2001-2011;XLS;https://ine.gob.ve/wp-content/uploads/2026/04/Nacional-Censo-2001-y-2011-1.xls;Variables;77;12;602;OK;
nacional_censo_2001_y_2011;Nacional 2001-2011;Censo 2001-2011;XLS;https://ine.gob.ve/wp-content/uploads/2026/04/Nacional-Censo-2001-y-2011.xls;Pobres;74;11;548;OK;
estado_nueva_esparta_censo_2001_y_2011;Nueva Esparta 2001-2011;Censo 2001-2011;XLS;https://ine.gob.ve/wp-content/uploads/2026/04/Estado-Nueva-Esparta-Censo-2001-y-2011.xls;Pobres y Extremos;43;11;266;OK;
estado_nueva_esparta_censo_2001_y_2011;Nueva Esparta 2001-2011;Censo 2001-2011;XLS;https://ine.gob.ve/wp-content/uploads/2026/04/estado-Nueva-Esparta-Censo-2001-y-2011.xls;Por Variables;44;12;292;OK;
estado_portuguesa_censo_2001_y_2011;Portuguesa 2001-2011;Censo 2001-2011;XLS;https://ine.gob.ve/wp-content/uploads/2026/04/Estado-Portuguesa-Censo-2001-y-2011.xls;Pobres y Extremos;49;11;326;OK;
estado_portuguesa_censo_2001_y_2011;Portuguesa 2001-2011;Censo 2001-2011;XLS;https://ine.gob.ve/wp-content/uploads/2026/04/Estado-Portuguesa.-Censo-2001-y-2011.xls;Por variables;49;12;358;OK;
estado_sucre_censo_2001_y_2011_1;Sucre 2001-2011;Censo 2001-2011;XLS;https://ine.gob.ve/wp-content/uploads/2026/04/Estado-Sucre-Censo-2001-y-2011-1.xls;Por Variables;51;12;380;OK;
estado_sucre_censo_2001_y_2011;Sucre 2001-2011;Censo 2001-2011;XLS;https://ine.gob.ve/wp-content/uploads/2026/04/Estado-Sucre-Censo-2001-y-2011.xls;Pobres y Extremos;51;11;346;OK;
estado_trujillo_censo_2001_y_2011_1;Trujillo 2001-2011;Censo 2001-2011;XLS;https://ine.gob.ve/wp-content/uploads/2026/04/Estado-Trujillo-Censo-2001-y-2011-1.xls;Por Variables;61;12;490;OK;
estado_trujillo_censo_2001_y_2011;Trujillo 2001-2011;Censo 2001-2011;XLS;https://ine.gob.ve/wp-content/uploads/2026/04/Estado-Trujillo-Censo-2001-y-2011.xls;Pobres y Extremos;60;11;446;OK;
estado_tachira_censo_2001_y_2011_1;Táchira 2001-2011;Censo 2001-2011;XLS;https://ine.gob.ve/wp-content/uploads/2026/04/Estado-Tachira-Censo-2001-y-2011-1.xls;Por Variables;78;12;688;OK;
estado_tachira_censo_2001_y_2011;Táchira 2001-2011;Censo 2001-2011;XLS;https://ine.gob.ve/wp-content/uploads/2026/04/Estado-Tachira-Censo-2001-y-2011.xls;Pobres y Extremos;79;11;626;OK;
estado_yaracuy_censo_2001_y_2011;Yaracuy 2001-2011;Censo 2001-2011;XLS;https://ine.gob.ve/wp-content/uploads/2026/04/Estado-Yaracuy-Censo-2001-y-2011.xls;Pobres y Extremos;48;11;326;OK;
estado_yaracuy_censo_2001_y_2011;Yaracuy 2001-2011;Censo 2001-2011;XLS;https://ine.gob.ve/wp-content/uploads/2026/04/estado-Yaracuy-Censo-2001-y-2011.xls;Por Variables;49;12;358;OK;
estado_zulia_censo_2001_y_2011_1;Zulia 2001-2011;Censo 2001-2011;XLS;https://ine.gob.ve/wp-content/uploads/2026/04/Estado-Zulia-Censo-2001-y-2011-1.xls;Por Variables;63;12;512;OK;
estado_zulia_censo_2001_y_2011;Zulia 2001-2011;Censo 2001-2011;XLS;https://ine.gob.ve/wp-content/uploads/2026/04/Estado-Zulia-Censo-2001-y-2011.xls;Pobres y Extremos;63;11;466;OK;
servicio_agua_censo_2011;Agua 2011;Censo 2011;XLS;https://ine.gob.ve/wp-content/uploads/2026/04/Servicio-Agua-Censo-2011.xls;Servicio de Agua;1137;15;15820;OK;
alfabetismo_censo_2011;Alfabetismo;Censo 2011;XLS;https://ine.gob.ve/wp-content/uploads/2026/04/Alfabetismo-Censo-2011.xls;Población Indígena;85;9;387;OK;
servicio_basura_censo_2011;Basura 2011;Censo 2011;XLS;https://ine.gob.ve/wp-content/uploads/2026/04/Servicio-Basura-Censo-2011.xls;Servicio de Basura;1137;12;12430;OK;
edad_escolar_censo_2011;Edad Escolar 2011;Censo 2011;XLS;https://ine.gob.ve/wp-content/uploads/2026/04/Edad-Escolar-Censo-2011.xls;Población Indígena;160;14;763;OK;
eliminacion_de_excretas_censo_2011;Eliminación de Excretas 2011;Censo 2011;XLS;https://ine.gob.ve/wp-content/uploads/2026/04/Eliminacion-de-Excretas-Censo-2011.xls;Eliminación de Excretas;1137;11;11300;OK;
servicio_electrico_censo_2011;Eléctrico 2011;Censo 2011;XLS;https://ine.gob.ve/wp-content/uploads/2026/04/Servicio-Electrico-Censo-2011.xls;Servicio Eléctrico;1137;12;12430;OK;
frecuencia_servicio_agua_censo_2011;Frecuencia Agua 2011;Censo 2011;XLS;https://ine.gob.ve/wp-content/uploads/2026/04/Frecuencia-Servicio-Agua-Censo-2011.xls;Frecuencia Servicio Agua;1137;10;10170;OK;
frecuencia_servicio_basura_censo_2011;Frecuencia Basura;Censo 2011;XLS;https://ine.gob.ve/wp-content/uploads/2026/04/Frecuencia-Servicio-Basura-Censo-2011.xls;Frecuencia Servicio Basura;1137;10;10170;OK;
servicio_gas_directo_censo_2011;Gas Directo 2011;Censo 2011;XLS;https://ine.gob.ve/wp-content/uploads/2026/04/Servicio-Gas-Directo-Censo-2011.xls;Gas Directo;1137;8;7910;OK;
grupos_de_edad_censo_2011;Grupos de Edad 2011;Censo 2011;XLS;https://ine.gob.ve/wp-content/uploads/2026/04/Grupos-de-Edad-Censo-2011.xls;Población Indígena;535;10;2637;OK;
por_sexo_censo_2011;Por Sexo 2011;Censo 2011;XLS;https://ine.gob.ve/wp-content/uploads/2026/04/Por-Sexo-Censo-2011.xls;Población Indígena;35;11;165;OK;
pueblos_indigenas_censo_2011;Pueblos Indígenas 2011;Censo 2011;XLS;https://ine.gob.ve/wp-content/uploads/2026/04/Pueblos-Indigenas-Censo-2011.xls;Población Indígena;721;8;2858;OK;
situacion_conyugal_censo_2011;Situación Conyugal 2011;Censo 2011;XLS;https://ine.gob.ve/wp-content/uploads/2026/04/Situacion-Conyugal-Censo-2011.xls;Población Indígena;84;15;619;OK;
urbana_y_rural_censo_2011;Urbana/Rural 2011;Censo 2011;XLS;https://ine.gob.ve/wp-content/uploads/2026/04/Urbana-y-Rural-Censo-2011.xls;Población Indígena;34;10;138;OK;
discapacidad_auditiva_censo_2011;Auditiva;Censo 2011;XLSX;https://ine.gob.ve/wp-content/uploads/2026/04/Discapacidad-Auditiva-Censo-2011.xlsx;Discapacidad Auditiva;1137;10;7910;OK;
servicios_censo_2011;Censo 2011;Censo 2011;XLSX;https://ine.gob.ve/wp-content/uploads/2026/04/Servicios-Censo_2011.xlsx;Sheet1;1144;8;7916;OK;
servicios_censo_2011;Censo 2011;Censo 2011;XLSX;https://ine.gob.ve/wp-content/uploads/2026/04/Servicios-Censo_2011.xlsx;Sheet2;1144;8;7916;OK;
servicios_censo_2011;Censo 2011;Censo 2011;XLSX;https://ine.gob.ve/wp-content/uploads/2026/04/Servicios-Censo_2011.xlsx;Sheet3;1144;9;9045;OK;
servicios_censo_2011;Censo 2011;Censo 2011;XLSX;https://ine.gob.ve/wp-content/uploads/2026/04/Servicios-Censo_2011.xlsx;Servicios Básicos;1136;11;7909;OK;
condicion_vivienda_censo_2011;Condición Vivienda 2011;Censo 2011;XLSX;https://ine.gob.ve/wp-content/uploads/2026/04/Condicion-Vivienda-Censo-2011.xlsx;Condición de la Vivienda;1272;11;7910;OK;
deficiencia_economica_censo_2011;Deficiencia Económica;Censo 2011;XLSX;https://ine.gob.ve/wp-content/uploads/2026/04/Deficiencia-Economica-Censo-2011.xlsx;Deficiencia Económica;1143;11;7909;OK;
poblacion_grupos_edad_censo_2011_1;Grupos de Edad 2011;Censo 2011;XLSX;https://ine.gob.ve/wp-content/uploads/2026/04/Poblacion-Grupos-Edad-Censo-2011-1.xlsx;Grupos de Edad;35;24;623;OK;
poblacion_grupos_edad_censo_2011;Grupos de Edad 2011;Censo 2011;XLSX;https://ine.gob.ve/wp-content/uploads/2026/04/Poblacion-Grupos-Edad-Censo-2011.xlsx;Población por Edad;1186;26;28249;OK;
hacinamiento_censo_2011;Hacinamiento 2011;Censo 2011;XLSX;https://ine.gob.ve/wp-content/uploads/2026/04/Hacinamiento-Censo-2011.xlsx;Hacinamiento;1141;10;7909;OK;
lugar_nacimiento_censo_2011_1;Lugar de Nacimiento 2011;Censo 2011;XLSX;https://ine.gob.ve/wp-content/uploads/2026/04/Lugar-Nacimiento-Censo-2011-1.xlsx;Lugar de Nacimiento;36;7;165;OK;
lugar_nacimiento_censo_2011;Lugar de Nacimiento 2011;Censo 2011;XLSX;https://ine.gob.ve/wp-content/uploads/2026/04/Lugar-Nacimiento-Censo-2011.xlsx;Lugar de Nacimiento;1144;9;9040;OK;
discapacidad_cardiovascular_censo_2011;Mental/Cardiovascular;Censo 2011;XLSX;https://ine.gob.ve/wp-content/uploads/2026/04/Discapacidad-Cardiovascular-Censo-2011.xlsx;Discapacidad Cardiovascular;1148;10;7910;OK;
discapacidad_mental_intelectual_censo_2011;Mental/Intelectual;Censo 2011;XLSX;https://ine.gob.ve/wp-content/uploads/2026/04/Discapacidad-Mental-Intelectual-Censo-2011.xlsx;Discapacidad Mental-Intelectual;1148;10;7910;OK;
discapacidad_mental_psicosocial_censo_2011;Mental/Psicosocial;Censo 2011;XLSX;https://ine.gob.ve/wp-content/uploads/2026/04/Discapacidad-Mental-Psicosocial-Censo-2011.xlsx;Discapacidad Mental-Psicosocial;1148;10;7910;OK;
discapacidad_musculo_esquelatica_censo_2011;Musculo/Esquelética;Censo 2011;XLSX;https://ine.gob.ve/wp-content/uploads/2026/04/Discapacidad-Musculo-Esquelatica-Censo-2011.xlsx;Discapacida Musculo Esquelética;1149;10;7910;OK;
poblacion_nacida_venezuela_censo_2011;Nacido en Venezuela 2011;Censo 2011;XLSX;https://ine.gob.ve/wp-content/uploads/2026/04/Poblacion-Nacida-Venezuela-Censo-2011.xlsx;Nacimiento en Vzla;35;8;137;OK;
poblacion_nacida_en_venezuela_censo_2011;Nacidos en Venezuela 2011;Censo 2011;XLSX;https://ine.gob.ve/wp-content/uploads/2026/04/Poblacion-Nacida-en-Venezuela-Censo-2011.xlsx;Nacimiento en Venezuela;1147;10;7909;OK;
discapacidad_neurologica_censo_2011;Neurológica;Censo 2011;XLSX;https://ine.gob.ve/wp-content/uploads/2026/04/Discapacidad-Neurologica-Censo-2011.xlsx;Discapacidad Neurológica;1148;10;7910;OK;
poblacion_sexo_censo_2011_1;Población por Sexo 2011;Censo 2011;XLSX;https://ine.gob.ve/wp-content/uploads/2026/04/Poblacion-Sexo-Censo-2011-1.xlsx;Población por Sexo;34;9;137;OK;
poblacion_sexo_censo_2011;Por Sexo 2011;Censo 2011;XLSX;https://ine.gob.ve/wp-content/uploads/2026/04/Poblacion-Sexo-Censo-2011.xlsx;Población por Sexo;1137;11;7909;OK;
discapacidad_respitaroria_censo_2011;Respiratoria;Censo 2011;XLSX;https://ine.gob.ve/wp-content/uploads/2026/04/Discapacidad-Respitaroria-Censo-2011.xlsx;Discapacidad Respiratoria;1148;10;7910;OK;
discapacidad_visual_censo_2011;Visual;Censo 2011;XLSX;https://ine.gob.ve/wp-content/uploads/2026/04/Discapacidad-Visual-Censo-2011.xlsx;Discapacidad Visual;1137;10;7910;OK;
viviendas_ocupadas_censo_2011;Viviendas Ocupadas 2011;Censo 2011;XLSX;https://ine.gob.ve/wp-content/uploads/2026/04/Viviendas-Ocupadas-Censo-2011.xlsx;Condición de Ocupación;1138;12;10169;OK;
viviendas_hogares_y_personas_censo_2011;Viviendas, Hogares y Personas;Censo 2011;XLSX;https://ine.gob.ve/wp-content/uploads/2026/06/VIVIENDAS-HOGARES-Y-PERSONAS-CENSO-2011.xlsx;RESUMEN NACIONAL;59;4;119;OK;
viviendas_hogares_y_personas_censo_2011;Viviendas, Hogares y Personas;Censo 2011;XLSX;https://ine.gob.ve/wp-content/uploads/2026/06/VIVIENDAS-HOGARES-Y-PERSONAS-CENSO-2011.xlsx;VIVIENDA ENTIDAD;29;11;271;OK;
viviendas_hogares_y_personas_censo_2011;Viviendas, Hogares y Personas;Censo 2011;XLSX;https://ine.gob.ve/wp-content/uploads/2026/06/VIVIENDAS-HOGARES-Y-PERSONAS-CENSO-2011.xlsx;VIVIENDA MUNICIPIO;340;12;3382;OK;
viviendas_hogares_y_personas_censo_2011;Viviendas, Hogares y Personas;Censo 2011;XLSX;https://ine.gob.ve/wp-content/uploads/2026/06/VIVIENDAS-HOGARES-Y-PERSONAS-CENSO-2011.xlsx;VIVIENDA PARROQUIA;1132;13;11302;OK;
viviendas_hogares_y_personas_censo_2011;Viviendas, Hogares y Personas;Censo 2011;XLSX;https://ine.gob.ve/wp-content/uploads/2026/06/VIVIENDAS-HOGARES-Y-PERSONAS-CENSO-2011.xlsx;HOGARES ENTIDAD;31;25;649;OK;
viviendas_hogares_y_personas_censo_2011;Viviendas, Hogares y Personas;Censo 2011;XLSX;https://ine.gob.ve/wp-content/uploads/2026/06/VIVIENDAS-HOGARES-Y-PERSONAS-CENSO-2011.xlsx;HOGARES MUNICIPIO;342;25;8113;OK;
viviendas_hogares_y_personas_censo_2011;Viviendas, Hogares y Personas;Censo 2011;XLSX;https://ine.gob.ve/wp-content/uploads/2026/06/VIVIENDAS-HOGARES-Y-PERSONAS-CENSO-2011.xlsx;HOGARES PARROQUIA;1134;25;27122;OK;
viviendas_hogares_y_personas_censo_2011;Viviendas, Hogares y Personas;Censo 2011;XLSX;https://ine.gob.ve/wp-content/uploads/2026/06/VIVIENDAS-HOGARES-Y-PERSONAS-CENSO-2011.xlsx;PERSONAS ENTIDAD;30;30;784;OK;
viviendas_hogares_y_personas_censo_2011;Viviendas, Hogares y Personas;Censo 2011;XLSX;https://ine.gob.ve/wp-content/uploads/2026/06/VIVIENDAS-HOGARES-Y-PERSONAS-CENSO-2011.xlsx;PERSONAS MUNICIPIO;341;30;9803;OK;
viviendas_hogares_y_personas_censo_2011;Viviendas, Hogares y Personas;Censo 2011;XLSX;https://ine.gob.ve/wp-content/uploads/2026/06/VIVIENDAS-HOGARES-Y-PERSONAS-CENSO-2011.xlsx;PERSONAS PARROQUIA;1133;30;32771;OK;
discapacidad_voz_habla_censo_2011;Voz/Habla;Censo 2011;XLSX;https://ine.gob.ve/wp-content/uploads/2026/04/Discapacidad-Voz-Habla-Censo-2011.xlsx;Discapacidad Voz y Habla;1148;10;7910;OK;
exportaciones_po_capitulo_1998_2018;Por Capítulo 1998-2018;Comercio exterior;XLS;https://ine.gob.ve/wp-content/uploads/2026/04/Exportaciones-po-Capitulo-1998-2018.xls;Exportaciones Capítulo;107;23;2132;OK;
importaciones_por_capitulo_1998_2018;Por Capítulo 1998-2018;Comercio exterior;XLS;https://ine.gob.ve/wp-content/uploads/2026/04/Importaciones-por-Capitulo-1998-2018.xls;Importaciones Capítulo;107;23;2182;OK;
trabajo_2001_2023;Tabulados Básicos;Encuesta de hogares;XLS;https://ine.gob.ve/wp-content/uploads/2026/04/TRABAJO-2001-2023.xls;NACIONAL;776;49;29868;OK;
por_tipo_1998_2023;Por Tipo;Encuesta de hogares;XLSX;https://ine.gob.ve/wp-content/uploads/2026/04/POR-TIPO-1998-2023.xlsx;NBI;30;12;300;OK;
por_variable_1998_2023;Por Variable;Encuesta de hogares;XLSX;https://ine.gob.ve/wp-content/uploads/2026/04/POR-VARIABLE-1998-2023.xlsx;NBI;30;7;165;OK;
divorcios;Divorcios;Estadísticas vitales;XLS;https://ine.gob.ve/wp-content/uploads/2026/04/DIVORCIOS.xls;DIVORCIOS;30;24;602;OK;
por_entidad_defunciones;Por Entidad;Estadísticas vitales;XLS;https://ine.gob.ve/wp-content/uploads/2026/04/POR-ENTIDAD-Defunciones.xls;DEFUNCIONES;30;24;630;OK;
por_entidad_matrimonios;Por Entidad;Estadísticas vitales;XLS;https://ine.gob.ve/wp-content/uploads/2026/04/POR-ENTIDAD-Matrimonios.xls;MATRIMONIOS;30;23;602;OK;
por_entidad_nacimientos;Por Entidad;Estadísticas vitales;XLS;https://ine.gob.ve/wp-content/uploads/2026/04/POR-ENTIDAD-nacimientos.xls;NACIMIENTOS;30;24;628;OK;
por_municipios_defunciones;Por Municipios;Estadísticas vitales;XLS;https://ine.gob.ve/wp-content/uploads/2026/04/POR-MUNICIPIOS-DEFUNCIONES.xls;DEFUNCIONES;409;7;2388;OK;
por_municipios_matrimonios;Por Municipios;Estadísticas vitales;XLS;https://ine.gob.ve/wp-content/uploads/2026/04/POR-MUNICIPIOS-Matrimonios.xls;MATRIMONIOS;373;7;2178;OK;
por_municipios_nacimientos;Por Municipios;Estadísticas vitales;XLS;https://ine.gob.ve/wp-content/uploads/2026/04/POR-MUNICIPIOS-nacimientos.xls;NACIMIENTOS;407;7;2377;OK;
suicidios;Suicidios;Estadísticas vitales;XLS;https://ine.gob.ve/wp-content/uploads/2026/04/SUICIDIOS.xls;SUICIDIOS;30;26;603;OK;
amazonas;Amazonas;Otros recursos INE;XLS;https://ine.gob.ve/wp-content/uploads/2026/04/Amazonas.xls;n_CEN;666;77;50624;OK;
estado_amazonas_1;Amazonas;Otros recursos INE;XLS;https://ine.gob.ve/wp-content/uploads/2026/04/Estado-Amazonas-1.xls;Estado Amazonas;36;53;1303;OK;
estado_amazonas;Amazonas;Otros recursos INE;XLS;https://ine.gob.ve/wp-content/uploads/2026/04/Estado-Amazonas.xls;Estado Amazonas;78;13;807;OK;
estado_amazonas_3;Amazonas;Otros recursos INE;XLS;https://ine.gob.ve/wp-content/uploads/2026/04/Estado_Amazonas-3.xls;Estado Amazonas;36;53;1303;OK;
anzoategui;Anzoátegui;Otros recursos INE;XLS;https://ine.gob.ve/wp-content/uploads/2026/04/Anzoategui.xls;n_CEN;1384;77;105211;OK;
estado_anzoategui_1;Anzoátegui;Otros recursos INE;XLS;https://ine.gob.ve/wp-content/uploads/2026/04/Estado-Anzoategui-1.xls;Estado Anzoátegui;78;53;3487;OK;
estado_anzoategui;Anzoátegui;Otros recursos INE;XLS;https://ine.gob.ve/wp-content/uploads/2026/04/Estado-Anzoategui.xls;Estado Anzoátegui;78;13;807;OK;
estado_anzoategui_3;Anzoátegui;Otros recursos INE;XLS;https://ine.gob.ve/wp-content/uploads/2026/04/Estado_Anzoategui-3.xls;Estado Anzoátegui;78;53;3487;OK;
apure;Apure;Otros recursos INE;XLS;https://ine.gob.ve/wp-content/uploads/2026/04/Apure.xls;n_CEN;1392;77;105839;OK;
estado_apure_1;Apure;Otros recursos INE;XLS;https://ine.gob.ve/wp-content/uploads/2026/04/Estado-Apure-1.xls;Estado Apure;36;53;1303;OK;
estado_apure;Apure;Otros recursos INE;XLS;https://ine.gob.ve/wp-content/uploads/2026/04/Estado-Apure.xls;Estado Apure;78;13;807;OK;
estado_apure_3;Apure;Otros recursos INE;XLS;https://ine.gob.ve/wp-content/uploads/2026/04/Estado_Apure-3.xls;Estado Apure;36;53;1303;OK;
barinas;Barinas;Otros recursos INE;XLS;https://ine.gob.ve/wp-content/uploads/2026/04/Barinas.xls;n_CEN;2011;77;152836;OK;
estado_barinas_1;Barinas;Otros recursos INE;XLS;https://ine.gob.ve/wp-content/uploads/2026/04/Estado-Barinas-1.xls;Estado Barinas;51;53;2083;OK;
estado_barinas;Barinas;Otros recursos INE;XLS;https://ine.gob.ve/wp-content/uploads/2026/04/Estado-Barinas.xls;Estado Barinas;78;13;807;OK;
estado_barinas_3;Barinas;Otros recursos INE;XLS;https://ine.gob.ve/wp-content/uploads/2026/04/Estado_Barinas-3.xls;Estado Barinas;51;53;2083;OK;
bolivar;Bolívar;Otros recursos INE;XLS;https://ine.gob.ve/wp-content/uploads/2026/04/Bolivar.xls;n_CEN;1810;77;137582;OK;
estado_bolivar_1;Bolívar;Otros recursos INE;XLS;https://ine.gob.ve/wp-content/uploads/2026/04/Estado-Bolivar-1.xls;Estado Bolívar;48;53;1927;OK;
estado_bolivar;Bolívar;Otros recursos INE;XLS;https://ine.gob.ve/wp-content/uploads/2026/04/Estado-Bolivar.xls;Estado Bolívar;78;13;807;OK;
estado_bolivar_4;Bolívar;Otros recursos INE;XLS;https://ine.gob.ve/wp-content/uploads/2026/04/Estado_Bolivar-4.xls;Estado Bolívar;48;53;1927;OK;
carabobo;Carabobo;Otros recursos INE;XLS;https://ine.gob.ve/wp-content/uploads/2026/04/Carabobo.xls;n_CEN;388;77;29489;OK;
estado_carabobo_1;Carabobo;Otros recursos INE;XLS;https://ine.gob.ve/wp-content/uploads/2026/04/Estado-Carabobo-1.xls;Estado Carabobo;57;53;2395;OK;
estado_carabobo;Carabobo;Otros recursos INE;XLS;https://ine.gob.ve/wp-content/uploads/2026/04/Estado-Carabobo.xls;Estado Carabobo;78;13;807;OK;
estado_carabobo_4;Carabobo;Otros recursos INE;XLS;https://ine.gob.ve/wp-content/uploads/2026/04/Estado_Carabobo-4.xls;Estado Carabobo;57;53;2395;OK;
cojedes;Cojedes;Otros recursos INE;XLS;https://ine.gob.ve/wp-content/uploads/2026/04/Cojedes.xls;n_CEN;537;77;40813;OK;
estado_cojedes_1;Cojedes;Otros recursos INE;XLS;https://ine.gob.ve/wp-content/uploads/2026/04/Estado-Cojedes-1.xls;Estado Cojedes;42;53;1615;OK;
estado_cojedes;Cojedes;Otros recursos INE;XLS;https://ine.gob.ve/wp-content/uploads/2026/04/Estado-Cojedes.xls;Estado Cojedes;78;13;807;OK;
estado_cojedes_5;Cojedes;Otros recursos INE;XLS;https://ine.gob.ve/wp-content/uploads/2026/04/Estado_Cojedes-5.xls;Estado Cojedes;42;53;1615;OK;
delta_amacuro;Delta Amacuro;Otros recursos INE;XLS;https://ine.gob.ve/wp-content/uploads/2026/04/Delta-Amacuro.xls;n_CEN;587;77;44626;OK;
estado_delta_amacuro_1;Delta Amacuro;Otros recursos INE;XLS;https://ine.gob.ve/wp-content/uploads/2026/04/Estado-Delta-Amacuro-1.xls;Estado Delta Amacuro;27;53;835;OK;
estado_delta_amacuro;Delta Amacuro;Otros recursos INE;XLS;https://ine.gob.ve/wp-content/uploads/2026/04/Estado-Delta-Amacuro.xls;Estado Delta Amacuro;78;13;807;OK;
estado_deltaamacuro_4;Delta Amacuro;Otros recursos INE;XLS;https://ine.gob.ve/wp-content/uploads/2026/04/Estado_DeltaAmacuro-4.xls;Estado Delta Amacuro;27;53;835;OK;
dependencias_federales_1;Dep. Federales;Otros recursos INE;XLS;https://ine.gob.ve/wp-content/uploads/2026/04/Dependencias-Federales-1.xls;Dependencias Federales;12;53;211;OK;
dependencias_federales;Dep. Federales;Otros recursos INE;XLS;https://ine.gob.ve/wp-content/uploads/2026/04/Dependencias-Federales.xls;Dependencias Federales;78;13;807;OK;
dependencias_federales_3;Dependencias Federales;Otros recursos INE;XLS;https://ine.gob.ve/wp-content/uploads/2026/04/Dependencias_Federales-3.xls;Dependencias Federales;12;53;211;OK;
distrito_capital_1;Distrito Capital;Otros recursos INE;XLS;https://ine.gob.ve/wp-content/uploads/2026/04/Distrito-Capital-1.xls;Distrito Capital;81;53;3643;OK;
distrito_capital_2;Distrito Capital;Otros recursos INE;XLS;https://ine.gob.ve/wp-content/uploads/2026/04/Distrito-Capital-2.xls;n_CEN;29;77;2205;OK;
distrito_capital;Distrito Capital;Otros recursos INE;XLS;https://ine.gob.ve/wp-content/uploads/2026/04/Distrito-Capital.xls;Distrito Capital;78;13;807;OK;
distrito_capital_3;Distrito Capital;Otros recursos INE;XLS;https://ine.gob.ve/wp-content/uploads/2026/04/Distrito_Capital-3.xls;Distrito Capital;81;53;3643;OK;
estado_falcon_1;Falcón;Otros recursos INE;XLS;https://ine.gob.ve/wp-content/uploads/2026/04/Estado-Falcon-1.xls;Estado Falcón;90;53;4111;OK;
estado_falcon;Falcón;Otros recursos INE;XLS;https://ine.gob.ve/wp-content/uploads/2026/04/Estado-Falcon.xls;Estado Falcón;78;13;807;OK;
estado_falcon_4;Falcón;Otros recursos INE;XLS;https://ine.gob.ve/wp-content/uploads/2026/04/Estado_Falcon-4.xls;Estado Falcón;90;53;4111;OK;
falcon;Falcón;Otros recursos INE;XLS;https://ine.gob.ve/wp-content/uploads/2026/04/Falcon.xls;n_CEN;2086;77;158537;OK;
estado_guarico_1;Guárico;Otros recursos INE;XLS;https://ine.gob.ve/wp-content/uploads/2026/04/Estado-Guarico-1.xls;Estado Guárico;60;53;2551;OK;
estado_guarico;Guárico;Otros recursos INE;XLS;https://ine.gob.ve/wp-content/uploads/2026/04/Estado-Guarico.xls;Estado Guárico;78;13;807;OK;
estado_guarico_4;Guárico;Otros recursos INE;XLS;https://ine.gob.ve/wp-content/uploads/2026/04/Estado_Guarico-4.xls;Estado Guárico;60;53;2551;OK;
guarico;Guárico;Otros recursos INE;XLS;https://ine.gob.ve/wp-content/uploads/2026/04/Guarico.xls;n_CEN;2450;77;186201;OK;
estado_la_guaira_1;La Guaira;Otros recursos INE;XLS;https://ine.gob.ve/wp-content/uploads/2026/04/Estado-La-Guaira-1.xls;Estado Vargas;48;53;1927;OK;
estado_la_guaira;La Guaira;Otros recursos INE;XLS;https://ine.gob.ve/wp-content/uploads/2026/04/Estado-La-Guaira.xls;Estado Vargas;78;13;807;OK;
estado_vargas_4;La Guaira;Otros recursos INE;XLS;https://ine.gob.ve/wp-content/uploads/2026/04/Estado_Vargas-4.xls;Estado Vargas;48;53;1927;OK;
vargas;La Guaira;Otros recursos INE;XLS;https://ine.gob.ve/wp-content/uploads/2026/04/Vargas.xls;n_CEN;164;77;12465;OK;
estado_lara_1;Lara;Otros recursos INE;XLS;https://ine.gob.ve/wp-content/uploads/2026/04/Estado-Lara-1.xls;Indice de Masculinidad ENT;86;55;4159;OK;
estado_lara_1;Lara;Otros recursos INE;XLS;https://ine.gob.ve/wp-content/uploads/2026/04/Estado-Lara-1.xls;Estado Lara;42;53;1615;OK;
estado_lara;Lara;Otros recursos INE;XLS;https://ine.gob.ve/wp-content/uploads/2026/04/Estado-Lara.xls;Estado Lara;78;13;807;OK;
estado_lara_3;Lara;Otros recursos INE;XLS;https://ine.gob.ve/wp-content/uploads/2026/04/Estado_Lara-3.xls;Indice de Masculinidad ENT;86;55;4159;OK;
estado_lara_3;Lara;Otros recursos INE;XLS;https://ine.gob.ve/wp-content/uploads/2026/04/Estado_Lara-3.xls;Estado Lara;42;53;1615;OK;
lara;Lara;Otros recursos INE;XLS;https://ine.gob.ve/wp-content/uploads/2026/04/Lara.xls;n_CEN;2231;77;169557;OK;
estado_miranda_1;Miranda;Otros recursos INE;XLS;https://ine.gob.ve/wp-content/uploads/2026/04/Estado-Miranda-1.xls;Estado Miranda;78;53;3487;OK;
estado_miranda;Miranda;Otros recursos INE;XLS;https://ine.gob.ve/wp-content/uploads/2026/04/Estado-Miranda.xls;Estado Miranda;78;13;807;OK;
estado_miranda_5;Miranda;Otros recursos INE;XLS;https://ine.gob.ve/wp-content/uploads/2026/04/Estado_Miranda-5.xls;Estado Miranda;78;53;3487;OK;
miranda;Miranda;Otros recursos INE;XLS;https://ine.gob.ve/wp-content/uploads/2026/04/Miranda.xls;n_CEN;699;77;53125;OK;
estado_monagas_1;Monagas;Otros recursos INE;XLS;https://ine.gob.ve/wp-content/uploads/2026/04/Estado-Monagas-1.xls;Estado Monagas;54;53;2239;OK;
estado_monagas;Monagas;Otros recursos INE;XLS;https://ine.gob.ve/wp-content/uploads/2026/04/Estado-Monagas.xls;Estado Monagas;78;13;807;OK;
estado_monagas_4;Monagas;Otros recursos INE;XLS;https://ine.gob.ve/wp-content/uploads/2026/04/Estado_Monagas-4.xls;Estado Monagas;54;53;2239;OK;
monagas;Monagas;Otros recursos INE;XLS;https://ine.gob.ve/wp-content/uploads/2026/04/Monagas.xls;n_CEN;796;77;60507;OK;
estado_merida_1;Mérida;Otros recursos INE;XLS;https://ine.gob.ve/wp-content/uploads/2026/04/Estado-Merida-1.xls;Estado Mérida;84;53;3799;OK;
estado_merida;Mérida;Otros recursos INE;XLS;https://ine.gob.ve/wp-content/uploads/2026/04/Estado-Merida.xls;Estado Mérida;78;13;807;OK;
estado_merida_4;Mérida;Otros recursos INE;XLS;https://ine.gob.ve/wp-content/uploads/2026/04/Estado_Merida-4.xls;Estado Mérida;84;53;3799;OK;
merida;Mérida;Otros recursos INE;XLS;https://ine.gob.ve/wp-content/uploads/2026/04/Merida.xls;n_CEN;1649;77;125325;OK;
nacional_1;Nacional;Otros recursos INE;XLS;https://ine.gob.ve/wp-content/uploads/2026/04/Nacional-1.xls;Resumen Entidad;93;53;4113;OK;
nacional;Nacional;Otros recursos INE;XLS;https://ine.gob.ve/wp-content/uploads/2026/04/Nacional.xls;Nacional;78;13;807;OK;
estado_nueva_esparta_1;Nueva Esparta;Otros recursos INE;XLS;https://ine.gob.ve/wp-content/uploads/2026/04/Estado-Nueva-Esparta-1.xls;Indice de Masculinidad ENT;86;55;4159;OK;
estado_nueva_esparta_1;Nueva Esparta;Otros recursos INE;XLS;https://ine.gob.ve/wp-content/uploads/2026/04/Estado-Nueva-Esparta-1.xls;Estado Nueva Esparta;48;53;1927;OK;
estado_nueva_esparta;Nueva Esparta;Otros recursos INE;XLS;https://ine.gob.ve/wp-content/uploads/2026/04/Estado-Nueva-Esparta.xls;Estado Nueva Esparta;78;13;807;OK;
estado_nuevaesparta_4;Nueva Esparta;Otros recursos INE;XLS;https://ine.gob.ve/wp-content/uploads/2026/04/Estado_NuevaEsparta-4.xls;Indice de Masculinidad ENT;86;55;4159;OK;
estado_nuevaesparta_4;Nueva Esparta;Otros recursos INE;XLS;https://ine.gob.ve/wp-content/uploads/2026/04/Estado_NuevaEsparta-4.xls;Estado Nueva Esparta;48;53;1927;OK;
nueva_esparta;Nueva Esparta;Otros recursos INE;XLS;https://ine.gob.ve/wp-content/uploads/2026/04/Nueva-Esparta.xls;n_CEN;69;77;5245;OK;
estado_portuguesa_1;Portuguesa;Otros recursos INE;XLS;https://ine.gob.ve/wp-content/uploads/2026/04/Estado-Portuguesa-1.xls;Estado Portuguesa;57;53;2395;OK;
estado_portuguesa;Portuguesa;Otros recursos INE;XLS;https://ine.gob.ve/wp-content/uploads/2026/04/Estado-Portuguesa.xls;Estado Portuguesa;78;13;807;OK;
estado_portuguesa_4;Portuguesa;Otros recursos INE;XLS;https://ine.gob.ve/wp-content/uploads/2026/04/Estado_Portuguesa-4.xls;Estado Portuguesa;57;53;2395;OK;
portuguesa;Portuguesa;Otros recursos INE;XLS;https://ine.gob.ve/wp-content/uploads/2026/04/Portuguesa.xls;n_CEN;1600;77;121601;OK;
estado_sucre_1;Sucre;Otros recursos INE;XLS;https://ine.gob.ve/wp-content/uploads/2026/04/Estado-Sucre-1.xls;Estado Sucre;60;53;2551;OK;
estado_sucre;Sucre;Otros recursos INE;XLS;https://ine.gob.ve/wp-content/uploads/2026/04/Estado-Sucre.xls;Estado Sucre;78;13;807;OK;
estado_sucre_6;Sucre;Otros recursos INE;XLS;https://ine.gob.ve/wp-content/uploads/2026/04/Estado_Sucre-6.xls;Estado Sucre;60;53;2551;OK;
sucre;Sucre;Otros recursos INE;XLS;https://ine.gob.ve/wp-content/uploads/2026/04/Sucre.xls;n_CEN;874;77;66431;OK;
estado_tachira;Tachira;Otros recursos INE;XLS;https://ine.gob.ve/wp-content/uploads/2026/04/Estado-Tachira.xls;Estado Táchira;78;13;807;OK;
estado_trujillo_1;Trujillo;Otros recursos INE;XLS;https://ine.gob.ve/wp-content/uploads/2026/04/Estado-Trujillo-1.xls;Estado Trujillo;75;53;3331;OK;
estado_trujillo;Trujillo;Otros recursos INE;XLS;https://ine.gob.ve/wp-content/uploads/2026/04/Estado-Trujillo.xls;Estado Trujillo;78;13;807;OK;
estado_trujillo_3;Trujillo;Otros recursos INE;XLS;https://ine.gob.ve/wp-content/uploads/2026/04/Estado_Trujillo-3.xls;Estado Trujillo;75;53;3331;OK;
trujillo;Trujillo;Otros recursos INE;XLS;https://ine.gob.ve/wp-content/uploads/2026/04/Trujillo.xls;n_CEN;1527;77;116054;OK;
estado_tachira_1;Táchira;Otros recursos INE;XLS;https://ine.gob.ve/wp-content/uploads/2026/04/Estado-Tachira-1.xls;Estado Táchira;102;53;4735;OK;
estado_tachira_8;Táchira;Otros recursos INE;XLS;https://ine.gob.ve/wp-content/uploads/2026/04/Estado_Tachira-8.xls;Estado Táchira;102;53;4735;OK;
tachira;Táchira;Otros recursos INE;XLS;https://ine.gob.ve/wp-content/uploads/2026/04/Tachira.xls;n_CEN;1761;77;133843;OK;
estado_yaracuy_1;Yaracuy;Otros recursos INE;XLS;https://ine.gob.ve/wp-content/uploads/2026/04/Estado-Yaracuy-1.xls;Estado Yaracuy;57;53;2395;OK;
estado_yaracuy;Yaracuy;Otros recursos INE;XLS;https://ine.gob.ve/wp-content/uploads/2026/04/Estado-Yaracuy.xls;Estado Yaracuy;78;13;807;OK;
estado_yaracuy_4;Yaracuy;Otros recursos INE;XLS;https://ine.gob.ve/wp-content/uploads/2026/04/Estado_Yaracuy-4.xls;Estado Yaracuy;57;53;2395;OK;
yaracuy;Yaracuy;Otros recursos INE;XLS;https://ine.gob.ve/wp-content/uploads/2026/04/Yaracuy.xls;n_CEN;958;77;72810;OK;
estado_zulia_1;Zulia;Otros recursos INE;XLS;https://ine.gob.ve/wp-content/uploads/2026/04/Estado-Zulia-1.xls;Estado Zulia;78;53;3487;OK;
estado_zulia;Zulia;Otros recursos INE;XLS;https://ine.gob.ve/wp-content/uploads/2026/04/Estado-Zulia.xls;Estado Zulia;78;13;807;OK;
estado_zulia_6;Zulia;Otros recursos INE;XLS;https://ine.gob.ve/wp-content/uploads/2026/04/Estado_Zulia-6.xls;Estado Zulia;78;53;3487;OK;
zulia;Zulia;Otros recursos INE;XLS;https://ine.gob.ve/wp-content/uploads/2026/04/Zulia.xls;n_CEN;4825;77;366769;OK;
edad_simple;Edad Simple;Proyección de población;XLS;https://ine.gob.ve/wp-content/uploads/2026/04/EDAD-SIMPLE.xls;Edad Simple;318;13;3687;OK;
esperanza_de_vida;Esperanza de Vida;Proyección de población;XLS;https://ine.gob.ve/wp-content/uploads/2026/04/ESPERANZA-DE-VIDA.xls;Esperanza de Vida;34;10;217;OK;
nacional_36;Nacional;Proyección de población;XLS;https://ine.gob.ve/wp-content/uploads/2026/04/Nacional-36.xls;Resumen Entidad;93;53;4113;OK;
aragua;Aragua;Vivienda y servicios;XLS;https://ine.gob.ve/wp-content/uploads/2026/04/Aragua.xls;n_CEN;671;77;50997;OK;
estado_aragua_1;Aragua;Vivienda y servicios;XLS;https://ine.gob.ve/wp-content/uploads/2026/04/Estado-Aragua-1.xls;Estado Aragua;69;53;3019;OK;
estado_aragua;Aragua;Vivienda y servicios;XLS;https://ine.gob.ve/wp-content/uploads/2026/04/Estado-Aragua.xls;Estado Aragua;78;13;807;OK;
estado_aragua_3;Aragua;Vivienda y servicios;XLS;https://ine.gob.ve/wp-content/uploads/2026/04/Estado_Aragua-3.xls;Estado Aragua;69;53;3019;OK;
