País OVE;País Banco Mundial;Código ISO 2;Código ISO 3;Región;Nivel de ingreso;Año;Área temática;ID área;Subárea;ID subárea;Código indicador;Indicador;Valor;Fuente;Fecha descarga;Error descarga
Venezuela;Venezuela, RB;VE;VEN;Latin America & Caribbean;Not classified;1960;Educación;educacion;Alfabetización;alfabetizacion;SE.ADT.LITR.ZS;Tasa de alfabetización adulta;;Banco Mundial - World Development Indicators;2026-07-13;
Venezuela;Venezuela, RB;VE;VEN;Latin America & Caribbean;Not classified;1961;Educación;educacion;Alfabetización;alfabetizacion;SE.ADT.LITR.ZS;Tasa de alfabetización adulta;;Banco Mundial - World Development Indicators;2026-07-13;
Venezuela;Venezuela, RB;VE;VEN;Latin America & Caribbean;Not classified;1962;Educación;educacion;Alfabetización;alfabetizacion;SE.ADT.LITR.ZS;Tasa de alfabetización adulta;;Banco Mundial - World Development Indicators;2026-07-13;
Venezuela;Venezuela, RB;VE;VEN;Latin America & Caribbean;Not classified;1963;Educación;educacion;Alfabetización;alfabetizacion;SE.ADT.LITR.ZS;Tasa de alfabetización adulta;;Banco Mundial - World Development Indicators;2026-07-13;
Venezuela;Venezuela, RB;VE;VEN;Latin America & Caribbean;Not classified;1964;Educación;educacion;Alfabetización;alfabetizacion;SE.ADT.LITR.ZS;Tasa de alfabetización adulta;;Banco Mundial - World Development Indicators;2026-07-13;
Venezuela;Venezuela, RB;VE;VEN;Latin America & Caribbean;Not classified;1965;Educación;educacion;Alfabetización;alfabetizacion;SE.ADT.LITR.ZS;Tasa de alfabetización adulta;;Banco Mundial - World Development Indicators;2026-07-13;
Venezuela;Venezuela, RB;VE;VEN;Latin America & Caribbean;Not classified;1966;Educación;educacion;Alfabetización;alfabetizacion;SE.ADT.LITR.ZS;Tasa de alfabetización adulta;;Banco Mundial - World Development Indicators;2026-07-13;
Venezuela;Venezuela, RB;VE;VEN;Latin America & Caribbean;Not classified;1967;Educación;educacion;Alfabetización;alfabetizacion;SE.ADT.LITR.ZS;Tasa de alfabetización adulta;;Banco Mundial - World Development Indicators;2026-07-13;
Venezuela;Venezuela, RB;VE;VEN;Latin America & Caribbean;Not classified;1968;Educación;educacion;Alfabetización;alfabetizacion;SE.ADT.LITR.ZS;Tasa de alfabetización adulta;;Banco Mundial - World Development Indicators;2026-07-13;
Venezuela;Venezuela, RB;VE;VEN;Latin America & Caribbean;Not classified;1969;Educación;educacion;Alfabetización;alfabetizacion;SE.ADT.LITR.ZS;Tasa de alfabetización adulta;;Banco Mundial - World Development Indicators;2026-07-13;
Venezuela;Venezuela, RB;VE;VEN;Latin America & Caribbean;Not classified;1970;Educación;educacion;Alfabetización;alfabetizacion;SE.ADT.LITR.ZS;Tasa de alfabetización adulta;;Banco Mundial - World Development Indicators;2026-07-13;
Venezuela;Venezuela, RB;VE;VEN;Latin America & Caribbean;Not classified;1971;Educación;educacion;Alfabetización;alfabetizacion;SE.ADT.LITR.ZS;Tasa de alfabetización adulta;;Banco Mundial - World Development Indicators;2026-07-13;
Venezuela;Venezuela, RB;VE;VEN;Latin America & Caribbean;Not classified;1972;Educación;educacion;Alfabetización;alfabetizacion;SE.ADT.LITR.ZS;Tasa de alfabetización adulta;;Banco Mundial - World Development Indicators;2026-07-13;
Venezuela;Venezuela, RB;VE;VEN;Latin America & Caribbean;Not classified;1973;Educación;educacion;Alfabetización;alfabetizacion;SE.ADT.LITR.ZS;Tasa de alfabetización adulta;;Banco Mundial - World Development Indicators;2026-07-13;
Venezuela;Venezuela, RB;VE;VEN;Latin America & Caribbean;Not classified;1974;Educación;educacion;Alfabetización;alfabetizacion;SE.ADT.LITR.ZS;Tasa de alfabetización adulta;;Banco Mundial - World Development Indicators;2026-07-13;
Venezuela;Venezuela, RB;VE;VEN;Latin America & Caribbean;Not classified;1975;Educación;educacion;Alfabetización;alfabetizacion;SE.ADT.LITR.ZS;Tasa de alfabetización adulta;;Banco Mundial - World Development Indicators;2026-07-13;
Venezuela;Venezuela, RB;VE;VEN;Latin America & Caribbean;Not classified;1976;Educación;educacion;Alfabetización;alfabetizacion;SE.ADT.LITR.ZS;Tasa de alfabetización adulta;;Banco Mundial - World Development Indicators;2026-07-13;
Venezuela;Venezuela, RB;VE;VEN;Latin America & Caribbean;Not classified;1977;Educación;educacion;Alfabetización;alfabetizacion;SE.ADT.LITR.ZS;Tasa de alfabetización adulta;;Banco Mundial - World Development Indicators;2026-07-13;
Venezuela;Venezuela, RB;VE;VEN;Latin America & Caribbean;Not classified;1978;Educación;educacion;Alfabetización;alfabetizacion;SE.ADT.LITR.ZS;Tasa de alfabetización adulta;;Banco Mundial - World Development Indicators;2026-07-13;
Venezuela;Venezuela, RB;VE;VEN;Latin America & Caribbean;Not classified;1979;Educación;educacion;Alfabetización;alfabetizacion;SE.ADT.LITR.ZS;Tasa de alfabetización adulta;;Banco Mundial - World Development Indicators;2026-07-13;
Venezuela;Venezuela, RB;VE;VEN;Latin America & Caribbean;Not classified;1980;Educación;educacion;Alfabetización;alfabetizacion;SE.ADT.LITR.ZS;Tasa de alfabetización adulta;;Banco Mundial - World Development Indicators;2026-07-13;
Venezuela;Venezuela, RB;VE;VEN;Latin America & Caribbean;Not classified;1981;Educación;educacion;Alfabetización;alfabetizacion;SE.ADT.LITR.ZS;Tasa de alfabetización adulta;84.7300033569336;Banco Mundial - World Development Indicators;2026-07-13;
Venezuela;Venezuela, RB;VE;VEN;Latin America & Caribbean;Not classified;1982;Educación;educacion;Alfabetización;alfabetizacion;SE.ADT.LITR.ZS;Tasa de alfabetización adulta;;Banco Mundial - World Development Indicators;2026-07-13;
Venezuela;Venezuela, RB;VE;VEN;Latin America & Caribbean;Not classified;1983;Educación;educacion;Alfabetización;alfabetizacion;SE.ADT.LITR.ZS;Tasa de alfabetización adulta;;Banco Mundial - World Development Indicators;2026-07-13;
Venezuela;Venezuela, RB;VE;VEN;Latin America & Caribbean;Not classified;1984;Educación;educacion;Alfabetización;alfabetizacion;SE.ADT.LITR.ZS;Tasa de alfabetización adulta;;Banco Mundial - World Development Indicators;2026-07-13;
Venezuela;Venezuela, RB;VE;VEN;Latin America & Caribbean;Not classified;1985;Educación;educacion;Alfabetización;alfabetizacion;SE.ADT.LITR.ZS;Tasa de alfabetización adulta;;Banco Mundial - World Development Indicators;2026-07-13;
Venezuela;Venezuela, RB;VE;VEN;Latin America & Caribbean;Not classified;1986;Educación;educacion;Alfabetización;alfabetizacion;SE.ADT.LITR.ZS;Tasa de alfabetización adulta;;Banco Mundial - World Development Indicators;2026-07-13;
Venezuela;Venezuela, RB;VE;VEN;Latin America & Caribbean;Not classified;1987;Educación;educacion;Alfabetización;alfabetizacion;SE.ADT.LITR.ZS;Tasa de alfabetización adulta;;Banco Mundial - World Development Indicators;2026-07-13;
Venezuela;Venezuela, RB;VE;VEN;Latin America & Caribbean;Not classified;1988;Educación;educacion;Alfabetización;alfabetizacion;SE.ADT.LITR.ZS;Tasa de alfabetización adulta;;Banco Mundial - World Development Indicators;2026-07-13;
Venezuela;Venezuela, RB;VE;VEN;Latin America & Caribbean;Not classified;1989;Educación;educacion;Alfabetización;alfabetizacion;SE.ADT.LITR.ZS;Tasa de alfabetización adulta;;Banco Mundial - World Development Indicators;2026-07-13;
Venezuela;Venezuela, RB;VE;VEN;Latin America & Caribbean;Not classified;1990;Educación;educacion;Alfabetización;alfabetizacion;SE.ADT.LITR.ZS;Tasa de alfabetización adulta;89.8300018310547;Banco Mundial - World Development Indicators;2026-07-13;
Venezuela;Venezuela, RB;VE;VEN;Latin America & Caribbean;Not classified;1991;Educación;educacion;Alfabetización;alfabetizacion;SE.ADT.LITR.ZS;Tasa de alfabetización adulta;;Banco Mundial - World Development Indicators;2026-07-13;
Venezuela;Venezuela, RB;VE;VEN;Latin America & Caribbean;Not classified;1992;Educación;educacion;Alfabetización;alfabetizacion;SE.ADT.LITR.ZS;Tasa de alfabetización adulta;;Banco Mundial - World Development Indicators;2026-07-13;
Venezuela;Venezuela, RB;VE;VEN;Latin America & Caribbean;Not classified;1993;Educación;educacion;Alfabetización;alfabetizacion;SE.ADT.LITR.ZS;Tasa de alfabetización adulta;;Banco Mundial - World Development Indicators;2026-07-13;
Venezuela;Venezuela, RB;VE;VEN;Latin America & Caribbean;Not classified;1994;Educación;educacion;Alfabetización;alfabetizacion;SE.ADT.LITR.ZS;Tasa de alfabetización adulta;;Banco Mundial - World Development Indicators;2026-07-13;
Venezuela;Venezuela, RB;VE;VEN;Latin America & Caribbean;Not classified;1995;Educación;educacion;Alfabetización;alfabetizacion;SE.ADT.LITR.ZS;Tasa de alfabetización adulta;;Banco Mundial - World Development Indicators;2026-07-13;
Venezuela;Venezuela, RB;VE;VEN;Latin America & Caribbean;Not classified;1996;Educación;educacion;Alfabetización;alfabetizacion;SE.ADT.LITR.ZS;Tasa de alfabetización adulta;;Banco Mundial - World Development Indicators;2026-07-13;
Venezuela;Venezuela, RB;VE;VEN;Latin America & Caribbean;Not classified;1997;Educación;educacion;Alfabetización;alfabetizacion;SE.ADT.LITR.ZS;Tasa de alfabetización adulta;;Banco Mundial - World Development Indicators;2026-07-13;
Venezuela;Venezuela, RB;VE;VEN;Latin America & Caribbean;Not classified;1998;Educación;educacion;Alfabetización;alfabetizacion;SE.ADT.LITR.ZS;Tasa de alfabetización adulta;;Banco Mundial - World Development Indicators;2026-07-13;
Venezuela;Venezuela, RB;VE;VEN;Latin America & Caribbean;Not classified;1999;Educación;educacion;Alfabetización;alfabetizacion;SE.ADT.LITR.ZS;Tasa de alfabetización adulta;;Banco Mundial - World Development Indicators;2026-07-13;
Venezuela;Venezuela, RB;VE;VEN;Latin America & Caribbean;Not classified;2000;Educación;educacion;Alfabetización;alfabetizacion;SE.ADT.LITR.ZS;Tasa de alfabetización adulta;;Banco Mundial - World Development Indicators;2026-07-13;
Venezuela;Venezuela, RB;VE;VEN;Latin America & Caribbean;Not classified;2001;Educación;educacion;Alfabetización;alfabetizacion;SE.ADT.LITR.ZS;Tasa de alfabetización adulta;92.9800033569336;Banco Mundial - World Development Indicators;2026-07-13;
Venezuela;Venezuela, RB;VE;VEN;Latin America & Caribbean;Not classified;2002;Educación;educacion;Alfabetización;alfabetizacion;SE.ADT.LITR.ZS;Tasa de alfabetización adulta;;Banco Mundial - World Development Indicators;2026-07-13;
Venezuela;Venezuela, RB;VE;VEN;Latin America & Caribbean;Not classified;2003;Educación;educacion;Alfabetización;alfabetizacion;SE.ADT.LITR.ZS;Tasa de alfabetización adulta;;Banco Mundial - World Development Indicators;2026-07-13;
Venezuela;Venezuela, RB;VE;VEN;Latin America & Caribbean;Not classified;2004;Educación;educacion;Alfabetización;alfabetizacion;SE.ADT.LITR.ZS;Tasa de alfabetización adulta;;Banco Mundial - World Development Indicators;2026-07-13;
Venezuela;Venezuela, RB;VE;VEN;Latin America & Caribbean;Not classified;2005;Educación;educacion;Alfabetización;alfabetizacion;SE.ADT.LITR.ZS;Tasa de alfabetización adulta;94.3707013803128;Banco Mundial - World Development Indicators;2026-07-13;
Venezuela;Venezuela, RB;VE;VEN;Latin America & Caribbean;Not classified;2006;Educación;educacion;Alfabetización;alfabetizacion;SE.ADT.LITR.ZS;Tasa de alfabetización adulta;94.6620701964151;Banco Mundial - World Development Indicators;2026-07-13;
Venezuela;Venezuela, RB;VE;VEN;Latin America & Caribbean;Not classified;2007;Educación;educacion;Alfabetización;alfabetizacion;SE.ADT.LITR.ZS;Tasa de alfabetización adulta;95.1500015258789;Banco Mundial - World Development Indicators;2026-07-13;
Venezuela;Venezuela, RB;VE;VEN;Latin America & Caribbean;Not classified;2008;Educación;educacion;Alfabetización;alfabetizacion;SE.ADT.LITR.ZS;Tasa de alfabetización adulta;95.3116995541662;Banco Mundial - World Development Indicators;2026-07-13;
Venezuela;Venezuela, RB;VE;VEN;Latin America & Caribbean;Not classified;2009;Educación;educacion;Alfabetización;alfabetizacion;SE.ADT.LITR.ZS;Tasa de alfabetización adulta;95.5100021362305;Banco Mundial - World Development Indicators;2026-07-13;
Venezuela;Venezuela, RB;VE;VEN;Latin America & Caribbean;Not classified;2010;Educación;educacion;Alfabetización;alfabetizacion;SE.ADT.LITR.ZS;Tasa de alfabetización adulta;95.3924213233743;Banco Mundial - World Development Indicators;2026-07-13;
Venezuela;Venezuela, RB;VE;VEN;Latin America & Caribbean;Not classified;2011;Educación;educacion;Alfabetización;alfabetizacion;SE.ADT.LITR.ZS;Tasa de alfabetización adulta;94.7699966430664;Banco Mundial - World Development Indicators;2026-07-13;
Venezuela;Venezuela, RB;VE;VEN;Latin America & Caribbean;Not classified;2012;Educación;educacion;Alfabetización;alfabetizacion;SE.ADT.LITR.ZS;Tasa de alfabetización adulta;95.9871889937429;Banco Mundial - World Development Indicators;2026-07-13;
Venezuela;Venezuela, RB;VE;VEN;Latin America & Caribbean;Not classified;2013;Educación;educacion;Alfabetización;alfabetizacion;SE.ADT.LITR.ZS;Tasa de alfabetización adulta;;Banco Mundial - World Development Indicators;2026-07-13;
Venezuela;Venezuela, RB;VE;VEN;Latin America & Caribbean;Not classified;2014;Educación;educacion;Alfabetización;alfabetizacion;SE.ADT.LITR.ZS;Tasa de alfabetización adulta;;Banco Mundial - World Development Indicators;2026-07-13;
Venezuela;Venezuela, RB;VE;VEN;Latin America & Caribbean;Not classified;2015;Educación;educacion;Alfabetización;alfabetizacion;SE.ADT.LITR.ZS;Tasa de alfabetización adulta;96.6100006103516;Banco Mundial - World Development Indicators;2026-07-13;
Venezuela;Venezuela, RB;VE;VEN;Latin America & Caribbean;Not classified;2016;Educación;educacion;Alfabetización;alfabetizacion;SE.ADT.LITR.ZS;Tasa de alfabetización adulta;97.129997253418;Banco Mundial - World Development Indicators;2026-07-13;
Venezuela;Venezuela, RB;VE;VEN;Latin America & Caribbean;Not classified;2017;Educación;educacion;Alfabetización;alfabetizacion;SE.ADT.LITR.ZS;Tasa de alfabetización adulta;97.1837183128414;Banco Mundial - World Development Indicators;2026-07-13;
Venezuela;Venezuela, RB;VE;VEN;Latin America & Caribbean;Not classified;2018;Educación;educacion;Alfabetización;alfabetizacion;SE.ADT.LITR.ZS;Tasa de alfabetización adulta;;Banco Mundial - World Development Indicators;2026-07-13;
Venezuela;Venezuela, RB;VE;VEN;Latin America & Caribbean;Not classified;2019;Educación;educacion;Alfabetización;alfabetizacion;SE.ADT.LITR.ZS;Tasa de alfabetización adulta;;Banco Mundial - World Development Indicators;2026-07-13;
Venezuela;Venezuela, RB;VE;VEN;Latin America & Caribbean;Not classified;2020;Educación;educacion;Alfabetización;alfabetizacion;SE.ADT.LITR.ZS;Tasa de alfabetización adulta;;Banco Mundial - World Development Indicators;2026-07-13;
Venezuela;Venezuela, RB;VE;VEN;Latin America & Caribbean;Not classified;2021;Educación;educacion;Alfabetización;alfabetizacion;SE.ADT.LITR.ZS;Tasa de alfabetización adulta;;Banco Mundial - World Development Indicators;2026-07-13;
Venezuela;Venezuela, RB;VE;VEN;Latin America & Caribbean;Not classified;2022;Educación;educacion;Alfabetización;alfabetizacion;SE.ADT.LITR.ZS;Tasa de alfabetización adulta;;Banco Mundial - World Development Indicators;2026-07-13;
Venezuela;Venezuela, RB;VE;VEN;Latin America & Caribbean;Not classified;2023;Educación;educacion;Alfabetización;alfabetizacion;SE.ADT.LITR.ZS;Tasa de alfabetización adulta;;Banco Mundial - World Development Indicators;2026-07-13;
Venezuela;Venezuela, RB;VE;VEN;Latin America & Caribbean;Not classified;2024;Educación;educacion;Alfabetización;alfabetizacion;SE.ADT.LITR.ZS;Tasa de alfabetización adulta;;Banco Mundial - World Development Indicators;2026-07-13;
Venezuela;Venezuela, RB;VE;VEN;Latin America & Caribbean;Not classified;2025;Educación;educacion;Alfabetización;alfabetizacion;SE.ADT.LITR.ZS;Tasa de alfabetización adulta;;Banco Mundial - World Development Indicators;2026-07-13;
Venezuela;Venezuela, RB;VE;VEN;Latin America & Caribbean;Not classified;1960;Educación;educacion;Escolarización;escolarizacion;SE.PRM.ENRR;Tasa bruta de escolarización primaria;;Banco Mundial - World Development Indicators;2026-07-13;The read operation timed out
Venezuela;Venezuela, RB;VE;VEN;Latin America & Caribbean;Not classified;1961;Educación;educacion;Escolarización;escolarizacion;SE.PRM.ENRR;Tasa bruta de escolarización primaria;;Banco Mundial - World Development Indicators;2026-07-13;The read operation timed out
Venezuela;Venezuela, RB;VE;VEN;Latin America & Caribbean;Not classified;1962;Educación;educacion;Escolarización;escolarizacion;SE.PRM.ENRR;Tasa bruta de escolarización primaria;;Banco Mundial - World Development Indicators;2026-07-13;The read operation timed out
Venezuela;Venezuela, RB;VE;VEN;Latin America & Caribbean;Not classified;1963;Educación;educacion;Escolarización;escolarizacion;SE.PRM.ENRR;Tasa bruta de escolarización primaria;;Banco Mundial - World Development Indicators;2026-07-13;The read operation timed out
Venezuela;Venezuela, RB;VE;VEN;Latin America & Caribbean;Not classified;1964;Educación;educacion;Escolarización;escolarizacion;SE.PRM.ENRR;Tasa bruta de escolarización primaria;;Banco Mundial - World Development Indicators;2026-07-13;The read operation timed out
Venezuela;Venezuela, RB;VE;VEN;Latin America & Caribbean;Not classified;1965;Educación;educacion;Escolarización;escolarizacion;SE.PRM.ENRR;Tasa bruta de escolarización primaria;;Banco Mundial - World Development Indicators;2026-07-13;The read operation timed out
Venezuela;Venezuela, RB;VE;VEN;Latin America & Caribbean;Not classified;1966;Educación;educacion;Escolarización;escolarizacion;SE.PRM.ENRR;Tasa bruta de escolarización primaria;;Banco Mundial - World Development Indicators;2026-07-13;The read operation timed out
Venezuela;Venezuela, RB;VE;VEN;Latin America & Caribbean;Not classified;1967;Educación;educacion;Escolarización;escolarizacion;SE.PRM.ENRR;Tasa bruta de escolarización primaria;;Banco Mundial - World Development Indicators;2026-07-13;The read operation timed out
Venezuela;Venezuela, RB;VE;VEN;Latin America & Caribbean;Not classified;1968;Educación;educacion;Escolarización;escolarizacion;SE.PRM.ENRR;Tasa bruta de escolarización primaria;;Banco Mundial - World Development Indicators;2026-07-13;The read operation timed out
Venezuela;Venezuela, RB;VE;VEN;Latin America & Caribbean;Not classified;1969;Educación;educacion;Escolarización;escolarizacion;SE.PRM.ENRR;Tasa bruta de escolarización primaria;;Banco Mundial - World Development Indicators;2026-07-13;The read operation timed out
Venezuela;Venezuela, RB;VE;VEN;Latin America & Caribbean;Not classified;1970;Educación;educacion;Escolarización;escolarizacion;SE.PRM.ENRR;Tasa bruta de escolarización primaria;;Banco Mundial - World Development Indicators;2026-07-13;The read operation timed out
Venezuela;Venezuela, RB;VE;VEN;Latin America & Caribbean;Not classified;1971;Educación;educacion;Escolarización;escolarizacion;SE.PRM.ENRR;Tasa bruta de escolarización primaria;;Banco Mundial - World Development Indicators;2026-07-13;The read operation timed out
Venezuela;Venezuela, RB;VE;VEN;Latin America & Caribbean;Not classified;1972;Educación;educacion;Escolarización;escolarizacion;SE.PRM.ENRR;Tasa bruta de escolarización primaria;;Banco Mundial - World Development Indicators;2026-07-13;The read operation timed out
Venezuela;Venezuela, RB;VE;VEN;Latin America & Caribbean;Not classified;1973;Educación;educacion;Escolarización;escolarizacion;SE.PRM.ENRR;Tasa bruta de escolarización primaria;;Banco Mundial - World Development Indicators;2026-07-13;The read operation timed out
Venezuela;Venezuela, RB;VE;VEN;Latin America & Caribbean;Not classified;1974;Educación;educacion;Escolarización;escolarizacion;SE.PRM.ENRR;Tasa bruta de escolarización primaria;;Banco Mundial - World Development Indicators;2026-07-13;The read operation timed out
Venezuela;Venezuela, RB;VE;VEN;Latin America & Caribbean;Not classified;1975;Educación;educacion;Escolarización;escolarizacion;SE.PRM.ENRR;Tasa bruta de escolarización primaria;;Banco Mundial - World Development Indicators;2026-07-13;The read operation timed out
Venezuela;Venezuela, RB;VE;VEN;Latin America & Caribbean;Not classified;1976;Educación;educacion;Escolarización;escolarizacion;SE.PRM.ENRR;Tasa bruta de escolarización primaria;;Banco Mundial - World Development Indicators;2026-07-13;The read operation timed out
Venezuela;Venezuela, RB;VE;VEN;Latin America & Caribbean;Not classified;1977;Educación;educacion;Escolarización;escolarizacion;SE.PRM.ENRR;Tasa bruta de escolarización primaria;;Banco Mundial - World Development Indicators;2026-07-13;The read operation timed out
Venezuela;Venezuela, RB;VE;VEN;Latin America & Caribbean;Not classified;1978;Educación;educacion;Escolarización;escolarizacion;SE.PRM.ENRR;Tasa bruta de escolarización primaria;;Banco Mundial - World Development Indicators;2026-07-13;The read operation timed out
Venezuela;Venezuela, RB;VE;VEN;Latin America & Caribbean;Not classified;1979;Educación;educacion;Escolarización;escolarizacion;SE.PRM.ENRR;Tasa bruta de escolarización primaria;;Banco Mundial - World Development Indicators;2026-07-13;The read operation timed out
Venezuela;Venezuela, RB;VE;VEN;Latin America & Caribbean;Not classified;1980;Educación;educacion;Escolarización;escolarizacion;SE.PRM.ENRR;Tasa bruta de escolarización primaria;;Banco Mundial - World Development Indicators;2026-07-13;The read operation timed out
Venezuela;Venezuela, RB;VE;VEN;Latin America & Caribbean;Not classified;1981;Educación;educacion;Escolarización;escolarizacion;SE.PRM.ENRR;Tasa bruta de escolarización primaria;;Banco Mundial - World Development Indicators;2026-07-13;The read operation timed out
Venezuela;Venezuela, RB;VE;VEN;Latin America & Caribbean;Not classified;1982;Educación;educacion;Escolarización;escolarizacion;SE.PRM.ENRR;Tasa bruta de escolarización primaria;;Banco Mundial - World Development Indicators;2026-07-13;The read operation timed out
Venezuela;Venezuela, RB;VE;VEN;Latin America & Caribbean;Not classified;1983;Educación;educacion;Escolarización;escolarizacion;SE.PRM.ENRR;Tasa bruta de escolarización primaria;;Banco Mundial - World Development Indicators;2026-07-13;The read operation timed out
Venezuela;Venezuela, RB;VE;VEN;Latin America & Caribbean;Not classified;1984;Educación;educacion;Escolarización;escolarizacion;SE.PRM.ENRR;Tasa bruta de escolarización primaria;;Banco Mundial - World Development Indicators;2026-07-13;The read operation timed out
Venezuela;Venezuela, RB;VE;VEN;Latin America & Caribbean;Not classified;1985;Educación;educacion;Escolarización;escolarizacion;SE.PRM.ENRR;Tasa bruta de escolarización primaria;;Banco Mundial - World Development Indicators;2026-07-13;The read operation timed out
Venezuela;Venezuela, RB;VE;VEN;Latin America & Caribbean;Not classified;1986;Educación;educacion;Escolarización;escolarizacion;SE.PRM.ENRR;Tasa bruta de escolarización primaria;;Banco Mundial - World Development Indicators;2026-07-13;The read operation timed out
Venezuela;Venezuela, RB;VE;VEN;Latin America & Caribbean;Not classified;1987;Educación;educacion;Escolarización;escolarizacion;SE.PRM.ENRR;Tasa bruta de escolarización primaria;;Banco Mundial - World Development Indicators;2026-07-13;The read operation timed out
Venezuela;Venezuela, RB;VE;VEN;Latin America & Caribbean;Not classified;1988;Educación;educacion;Escolarización;escolarizacion;SE.PRM.ENRR;Tasa bruta de escolarización primaria;;Banco Mundial - World Development Indicators;2026-07-13;The read operation timed out
Venezuela;Venezuela, RB;VE;VEN;Latin America & Caribbean;Not classified;1989;Educación;educacion;Escolarización;escolarizacion;SE.PRM.ENRR;Tasa bruta de escolarización primaria;;Banco Mundial - World Development Indicators;2026-07-13;The read operation timed out
Venezuela;Venezuela, RB;VE;VEN;Latin America & Caribbean;Not classified;1990;Educación;educacion;Escolarización;escolarizacion;SE.PRM.ENRR;Tasa bruta de escolarización primaria;;Banco Mundial - World Development Indicators;2026-07-13;The read operation timed out
Venezuela;Venezuela, RB;VE;VEN;Latin America & Caribbean;Not classified;1991;Educación;educacion;Escolarización;escolarizacion;SE.PRM.ENRR;Tasa bruta de escolarización primaria;;Banco Mundial - World Development Indicators;2026-07-13;The read operation timed out
Venezuela;Venezuela, RB;VE;VEN;Latin America & Caribbean;Not classified;1992;Educación;educacion;Escolarización;escolarizacion;SE.PRM.ENRR;Tasa bruta de escolarización primaria;;Banco Mundial - World Development Indicators;2026-07-13;The read operation timed out
Venezuela;Venezuela, RB;VE;VEN;Latin America & Caribbean;Not classified;1993;Educación;educacion;Escolarización;escolarizacion;SE.PRM.ENRR;Tasa bruta de escolarización primaria;;Banco Mundial - World Development Indicators;2026-07-13;The read operation timed out
Venezuela;Venezuela, RB;VE;VEN;Latin America & Caribbean;Not classified;1994;Educación;educacion;Escolarización;escolarizacion;SE.PRM.ENRR;Tasa bruta de escolarización primaria;;Banco Mundial - World Development Indicators;2026-07-13;The read operation timed out
Venezuela;Venezuela, RB;VE;VEN;Latin America & Caribbean;Not classified;1995;Educación;educacion;Escolarización;escolarizacion;SE.PRM.ENRR;Tasa bruta de escolarización primaria;;Banco Mundial - World Development Indicators;2026-07-13;The read operation timed out
Venezuela;Venezuela, RB;VE;VEN;Latin America & Caribbean;Not classified;1996;Educación;educacion;Escolarización;escolarizacion;SE.PRM.ENRR;Tasa bruta de escolarización primaria;;Banco Mundial - World Development Indicators;2026-07-13;The read operation timed out
Venezuela;Venezuela, RB;VE;VEN;Latin America & Caribbean;Not classified;1997;Educación;educacion;Escolarización;escolarizacion;SE.PRM.ENRR;Tasa bruta de escolarización primaria;;Banco Mundial - World Development Indicators;2026-07-13;The read operation timed out
Venezuela;Venezuela, RB;VE;VEN;Latin America & Caribbean;Not classified;1998;Educación;educacion;Escolarización;escolarizacion;SE.PRM.ENRR;Tasa bruta de escolarización primaria;;Banco Mundial - World Development Indicators;2026-07-13;The read operation timed out
Venezuela;Venezuela, RB;VE;VEN;Latin America & Caribbean;Not classified;1999;Educación;educacion;Escolarización;escolarizacion;SE.PRM.ENRR;Tasa bruta de escolarización primaria;;Banco Mundial - World Development Indicators;2026-07-13;The read operation timed out
Venezuela;Venezuela, RB;VE;VEN;Latin America & Caribbean;Not classified;2000;Educación;educacion;Escolarización;escolarizacion;SE.PRM.ENRR;Tasa bruta de escolarización primaria;;Banco Mundial - World Development Indicators;2026-07-13;The read operation timed out
Venezuela;Venezuela, RB;VE;VEN;Latin America & Caribbean;Not classified;2001;Educación;educacion;Escolarización;escolarizacion;SE.PRM.ENRR;Tasa bruta de escolarización primaria;;Banco Mundial - World Development Indicators;2026-07-13;The read operation timed out
Venezuela;Venezuela, RB;VE;VEN;Latin America & Caribbean;Not classified;2002;Educación;educacion;Escolarización;escolarizacion;SE.PRM.ENRR;Tasa bruta de escolarización primaria;;Banco Mundial - World Development Indicators;2026-07-13;The read operation timed out
Venezuela;Venezuela, RB;VE;VEN;Latin America & Caribbean;Not classified;2003;Educación;educacion;Escolarización;escolarizacion;SE.PRM.ENRR;Tasa bruta de escolarización primaria;;Banco Mundial - World Development Indicators;2026-07-13;The read operation timed out
Venezuela;Venezuela, RB;VE;VEN;Latin America & Caribbean;Not classified;2004;Educación;educacion;Escolarización;escolarizacion;SE.PRM.ENRR;Tasa bruta de escolarización primaria;;Banco Mundial - World Development Indicators;2026-07-13;The read operation timed out
Venezuela;Venezuela, RB;VE;VEN;Latin America & Caribbean;Not classified;2005;Educación;educacion;Escolarización;escolarizacion;SE.PRM.ENRR;Tasa bruta de escolarización primaria;;Banco Mundial - World Development Indicators;2026-07-13;The read operation timed out
Venezuela;Venezuela, RB;VE;VEN;Latin America & Caribbean;Not classified;2006;Educación;educacion;Escolarización;escolarizacion;SE.PRM.ENRR;Tasa bruta de escolarización primaria;;Banco Mundial - World Development Indicators;2026-07-13;The read operation timed out
Venezuela;Venezuela, RB;VE;VEN;Latin America & Caribbean;Not classified;2007;Educación;educacion;Escolarización;escolarizacion;SE.PRM.ENRR;Tasa bruta de escolarización primaria;;Banco Mundial - World Development Indicators;2026-07-13;The read operation timed out
Venezuela;Venezuela, RB;VE;VEN;Latin America & Caribbean;Not classified;2008;Educación;educacion;Escolarización;escolarizacion;SE.PRM.ENRR;Tasa bruta de escolarización primaria;;Banco Mundial - World Development Indicators;2026-07-13;The read operation timed out
Venezuela;Venezuela, RB;VE;VEN;Latin America & Caribbean;Not classified;2009;Educación;educacion;Escolarización;escolarizacion;SE.PRM.ENRR;Tasa bruta de escolarización primaria;;Banco Mundial - World Development Indicators;2026-07-13;The read operation timed out
Venezuela;Venezuela, RB;VE;VEN;Latin America & Caribbean;Not classified;2010;Educación;educacion;Escolarización;escolarizacion;SE.PRM.ENRR;Tasa bruta de escolarización primaria;;Banco Mundial - World Development Indicators;2026-07-13;The read operation timed out
Venezuela;Venezuela, RB;VE;VEN;Latin America & Caribbean;Not classified;2011;Educación;educacion;Escolarización;escolarizacion;SE.PRM.ENRR;Tasa bruta de escolarización primaria;;Banco Mundial - World Development Indicators;2026-07-13;The read operation timed out
Venezuela;Venezuela, RB;VE;VEN;Latin America & Caribbean;Not classified;2012;Educación;educacion;Escolarización;escolarizacion;SE.PRM.ENRR;Tasa bruta de escolarización primaria;;Banco Mundial - World Development Indicators;2026-07-13;The read operation timed out
Venezuela;Venezuela, RB;VE;VEN;Latin America & Caribbean;Not classified;2013;Educación;educacion;Escolarización;escolarizacion;SE.PRM.ENRR;Tasa bruta de escolarización primaria;;Banco Mundial - World Development Indicators;2026-07-13;The read operation timed out
Venezuela;Venezuela, RB;VE;VEN;Latin America & Caribbean;Not classified;2014;Educación;educacion;Escolarización;escolarizacion;SE.PRM.ENRR;Tasa bruta de escolarización primaria;;Banco Mundial - World Development Indicators;2026-07-13;The read operation timed out
Venezuela;Venezuela, RB;VE;VEN;Latin America & Caribbean;Not classified;2015;Educación;educacion;Escolarización;escolarizacion;SE.PRM.ENRR;Tasa bruta de escolarización primaria;;Banco Mundial - World Development Indicators;2026-07-13;The read operation timed out
Venezuela;Venezuela, RB;VE;VEN;Latin America & Caribbean;Not classified;2016;Educación;educacion;Escolarización;escolarizacion;SE.PRM.ENRR;Tasa bruta de escolarización primaria;;Banco Mundial - World Development Indicators;2026-07-13;The read operation timed out
Venezuela;Venezuela, RB;VE;VEN;Latin America & Caribbean;Not classified;2017;Educación;educacion;Escolarización;escolarizacion;SE.PRM.ENRR;Tasa bruta de escolarización primaria;;Banco Mundial - World Development Indicators;2026-07-13;The read operation timed out
Venezuela;Venezuela, RB;VE;VEN;Latin America & Caribbean;Not classified;2018;Educación;educacion;Escolarización;escolarizacion;SE.PRM.ENRR;Tasa bruta de escolarización primaria;;Banco Mundial - World Development Indicators;2026-07-13;The read operation timed out
Venezuela;Venezuela, RB;VE;VEN;Latin America & Caribbean;Not classified;2019;Educación;educacion;Escolarización;escolarizacion;SE.PRM.ENRR;Tasa bruta de escolarización primaria;;Banco Mundial - World Development Indicators;2026-07-13;The read operation timed out
Venezuela;Venezuela, RB;VE;VEN;Latin America & Caribbean;Not classified;2020;Educación;educacion;Escolarización;escolarizacion;SE.PRM.ENRR;Tasa bruta de escolarización primaria;;Banco Mundial - World Development Indicators;2026-07-13;The read operation timed out
Venezuela;Venezuela, RB;VE;VEN;Latin America & Caribbean;Not classified;2021;Educación;educacion;Escolarización;escolarizacion;SE.PRM.ENRR;Tasa bruta de escolarización primaria;;Banco Mundial - World Development Indicators;2026-07-13;The read operation timed out
Venezuela;Venezuela, RB;VE;VEN;Latin America & Caribbean;Not classified;2022;Educación;educacion;Escolarización;escolarizacion;SE.PRM.ENRR;Tasa bruta de escolarización primaria;;Banco Mundial - World Development Indicators;2026-07-13;The read operation timed out
Venezuela;Venezuela, RB;VE;VEN;Latin America & Caribbean;Not classified;2023;Educación;educacion;Escolarización;escolarizacion;SE.PRM.ENRR;Tasa bruta de escolarización primaria;;Banco Mundial - World Development Indicators;2026-07-13;The read operation timed out
Venezuela;Venezuela, RB;VE;VEN;Latin America & Caribbean;Not classified;2024;Educación;educacion;Escolarización;escolarizacion;SE.PRM.ENRR;Tasa bruta de escolarización primaria;;Banco Mundial - World Development Indicators;2026-07-13;The read operation timed out
Venezuela;Venezuela, RB;VE;VEN;Latin America & Caribbean;Not classified;2025;Educación;educacion;Escolarización;escolarizacion;SE.PRM.ENRR;Tasa bruta de escolarización primaria;;Banco Mundial - World Development Indicators;2026-07-13;The read operation timed out
Venezuela;Venezuela, RB;VE;VEN;Latin America & Caribbean;Not classified;2026;Educación;educacion;Escolarización;escolarizacion;SE.PRM.ENRR;Tasa bruta de escolarización primaria;;Banco Mundial - World Development Indicators;2026-07-13;The read operation timed out
Venezuela;Venezuela, RB;VE;VEN;Latin America & Caribbean;Not classified;1960;Educación;educacion;Escolarización;escolarizacion;SE.SEC.ENRR;Tasa bruta de escolarización secundaria;;Banco Mundial - World Development Indicators;2026-07-13;The read operation timed out
Venezuela;Venezuela, RB;VE;VEN;Latin America & Caribbean;Not classified;1961;Educación;educacion;Escolarización;escolarizacion;SE.SEC.ENRR;Tasa bruta de escolarización secundaria;;Banco Mundial - World Development Indicators;2026-07-13;The read operation timed out
Venezuela;Venezuela, RB;VE;VEN;Latin America & Caribbean;Not classified;1962;Educación;educacion;Escolarización;escolarizacion;SE.SEC.ENRR;Tasa bruta de escolarización secundaria;;Banco Mundial - World Development Indicators;2026-07-13;The read operation timed out
Venezuela;Venezuela, RB;VE;VEN;Latin America & Caribbean;Not classified;1963;Educación;educacion;Escolarización;escolarizacion;SE.SEC.ENRR;Tasa bruta de escolarización secundaria;;Banco Mundial - World Development Indicators;2026-07-13;The read operation timed out
Venezuela;Venezuela, RB;VE;VEN;Latin America & Caribbean;Not classified;1964;Educación;educacion;Escolarización;escolarizacion;SE.SEC.ENRR;Tasa bruta de escolarización secundaria;;Banco Mundial - World Development Indicators;2026-07-13;The read operation timed out
Venezuela;Venezuela, RB;VE;VEN;Latin America & Caribbean;Not classified;1965;Educación;educacion;Escolarización;escolarizacion;SE.SEC.ENRR;Tasa bruta de escolarización secundaria;;Banco Mundial - World Development Indicators;2026-07-13;The read operation timed out
Venezuela;Venezuela, RB;VE;VEN;Latin America & Caribbean;Not classified;1966;Educación;educacion;Escolarización;escolarizacion;SE.SEC.ENRR;Tasa bruta de escolarización secundaria;;Banco Mundial - World Development Indicators;2026-07-13;The read operation timed out
Venezuela;Venezuela, RB;VE;VEN;Latin America & Caribbean;Not classified;1967;Educación;educacion;Escolarización;escolarizacion;SE.SEC.ENRR;Tasa bruta de escolarización secundaria;;Banco Mundial - World Development Indicators;2026-07-13;The read operation timed out
Venezuela;Venezuela, RB;VE;VEN;Latin America & Caribbean;Not classified;1968;Educación;educacion;Escolarización;escolarizacion;SE.SEC.ENRR;Tasa bruta de escolarización secundaria;;Banco Mundial - World Development Indicators;2026-07-13;The read operation timed out
Venezuela;Venezuela, RB;VE;VEN;Latin America & Caribbean;Not classified;1969;Educación;educacion;Escolarización;escolarizacion;SE.SEC.ENRR;Tasa bruta de escolarización secundaria;;Banco Mundial - World Development Indicators;2026-07-13;The read operation timed out
Venezuela;Venezuela, RB;VE;VEN;Latin America & Caribbean;Not classified;1970;Educación;educacion;Escolarización;escolarizacion;SE.SEC.ENRR;Tasa bruta de escolarización secundaria;;Banco Mundial - World Development Indicators;2026-07-13;The read operation timed out
Venezuela;Venezuela, RB;VE;VEN;Latin America & Caribbean;Not classified;1971;Educación;educacion;Escolarización;escolarizacion;SE.SEC.ENRR;Tasa bruta de escolarización secundaria;;Banco Mundial - World Development Indicators;2026-07-13;The read operation timed out
Venezuela;Venezuela, RB;VE;VEN;Latin America & Caribbean;Not classified;1972;Educación;educacion;Escolarización;escolarizacion;SE.SEC.ENRR;Tasa bruta de escolarización secundaria;;Banco Mundial - World Development Indicators;2026-07-13;The read operation timed out
Venezuela;Venezuela, RB;VE;VEN;Latin America & Caribbean;Not classified;1973;Educación;educacion;Escolarización;escolarizacion;SE.SEC.ENRR;Tasa bruta de escolarización secundaria;;Banco Mundial - World Development Indicators;2026-07-13;The read operation timed out
Venezuela;Venezuela, RB;VE;VEN;Latin America & Caribbean;Not classified;1974;Educación;educacion;Escolarización;escolarizacion;SE.SEC.ENRR;Tasa bruta de escolarización secundaria;;Banco Mundial - World Development Indicators;2026-07-13;The read operation timed out
Venezuela;Venezuela, RB;VE;VEN;Latin America & Caribbean;Not classified;1975;Educación;educacion;Escolarización;escolarizacion;SE.SEC.ENRR;Tasa bruta de escolarización secundaria;;Banco Mundial - World Development Indicators;2026-07-13;The read operation timed out
Venezuela;Venezuela, RB;VE;VEN;Latin America & Caribbean;Not classified;1976;Educación;educacion;Escolarización;escolarizacion;SE.SEC.ENRR;Tasa bruta de escolarización secundaria;;Banco Mundial - World Development Indicators;2026-07-13;The read operation timed out
Venezuela;Venezuela, RB;VE;VEN;Latin America & Caribbean;Not classified;1977;Educación;educacion;Escolarización;escolarizacion;SE.SEC.ENRR;Tasa bruta de escolarización secundaria;;Banco Mundial - World Development Indicators;2026-07-13;The read operation timed out
Venezuela;Venezuela, RB;VE;VEN;Latin America & Caribbean;Not classified;1978;Educación;educacion;Escolarización;escolarizacion;SE.SEC.ENRR;Tasa bruta de escolarización secundaria;;Banco Mundial - World Development Indicators;2026-07-13;The read operation timed out
Venezuela;Venezuela, RB;VE;VEN;Latin America & Caribbean;Not classified;1979;Educación;educacion;Escolarización;escolarizacion;SE.SEC.ENRR;Tasa bruta de escolarización secundaria;;Banco Mundial - World Development Indicators;2026-07-13;The read operation timed out
Venezuela;Venezuela, RB;VE;VEN;Latin America & Caribbean;Not classified;1980;Educación;educacion;Escolarización;escolarizacion;SE.SEC.ENRR;Tasa bruta de escolarización secundaria;;Banco Mundial - World Development Indicators;2026-07-13;The read operation timed out
Venezuela;Venezuela, RB;VE;VEN;Latin America & Caribbean;Not classified;1981;Educación;educacion;Escolarización;escolarizacion;SE.SEC.ENRR;Tasa bruta de escolarización secundaria;;Banco Mundial - World Development Indicators;2026-07-13;The read operation timed out
Venezuela;Venezuela, RB;VE;VEN;Latin America & Caribbean;Not classified;1982;Educación;educacion;Escolarización;escolarizacion;SE.SEC.ENRR;Tasa bruta de escolarización secundaria;;Banco Mundial - World Development Indicators;2026-07-13;The read operation timed out
Venezuela;Venezuela, RB;VE;VEN;Latin America & Caribbean;Not classified;1983;Educación;educacion;Escolarización;escolarizacion;SE.SEC.ENRR;Tasa bruta de escolarización secundaria;;Banco Mundial - World Development Indicators;2026-07-13;The read operation timed out
Venezuela;Venezuela, RB;VE;VEN;Latin America & Caribbean;Not classified;1984;Educación;educacion;Escolarización;escolarizacion;SE.SEC.ENRR;Tasa bruta de escolarización secundaria;;Banco Mundial - World Development Indicators;2026-07-13;The read operation timed out
Venezuela;Venezuela, RB;VE;VEN;Latin America & Caribbean;Not classified;1985;Educación;educacion;Escolarización;escolarizacion;SE.SEC.ENRR;Tasa bruta de escolarización secundaria;;Banco Mundial - World Development Indicators;2026-07-13;The read operation timed out
Venezuela;Venezuela, RB;VE;VEN;Latin America & Caribbean;Not classified;1986;Educación;educacion;Escolarización;escolarizacion;SE.SEC.ENRR;Tasa bruta de escolarización secundaria;;Banco Mundial - World Development Indicators;2026-07-13;The read operation timed out
Venezuela;Venezuela, RB;VE;VEN;Latin America & Caribbean;Not classified;1987;Educación;educacion;Escolarización;escolarizacion;SE.SEC.ENRR;Tasa bruta de escolarización secundaria;;Banco Mundial - World Development Indicators;2026-07-13;The read operation timed out
Venezuela;Venezuela, RB;VE;VEN;Latin America & Caribbean;Not classified;1988;Educación;educacion;Escolarización;escolarizacion;SE.SEC.ENRR;Tasa bruta de escolarización secundaria;;Banco Mundial - World Development Indicators;2026-07-13;The read operation timed out
Venezuela;Venezuela, RB;VE;VEN;Latin America & Caribbean;Not classified;1989;Educación;educacion;Escolarización;escolarizacion;SE.SEC.ENRR;Tasa bruta de escolarización secundaria;;Banco Mundial - World Development Indicators;2026-07-13;The read operation timed out
Venezuela;Venezuela, RB;VE;VEN;Latin America & Caribbean;Not classified;1990;Educación;educacion;Escolarización;escolarizacion;SE.SEC.ENRR;Tasa bruta de escolarización secundaria;;Banco Mundial - World Development Indicators;2026-07-13;The read operation timed out
Venezuela;Venezuela, RB;VE;VEN;Latin America & Caribbean;Not classified;1991;Educación;educacion;Escolarización;escolarizacion;SE.SEC.ENRR;Tasa bruta de escolarización secundaria;;Banco Mundial - World Development Indicators;2026-07-13;The read operation timed out
Venezuela;Venezuela, RB;VE;VEN;Latin America & Caribbean;Not classified;1992;Educación;educacion;Escolarización;escolarizacion;SE.SEC.ENRR;Tasa bruta de escolarización secundaria;;Banco Mundial - World Development Indicators;2026-07-13;The read operation timed out
Venezuela;Venezuela, RB;VE;VEN;Latin America & Caribbean;Not classified;1993;Educación;educacion;Escolarización;escolarizacion;SE.SEC.ENRR;Tasa bruta de escolarización secundaria;;Banco Mundial - World Development Indicators;2026-07-13;The read operation timed out
Venezuela;Venezuela, RB;VE;VEN;Latin America & Caribbean;Not classified;1994;Educación;educacion;Escolarización;escolarizacion;SE.SEC.ENRR;Tasa bruta de escolarización secundaria;;Banco Mundial - World Development Indicators;2026-07-13;The read operation timed out
Venezuela;Venezuela, RB;VE;VEN;Latin America & Caribbean;Not classified;1995;Educación;educacion;Escolarización;escolarizacion;SE.SEC.ENRR;Tasa bruta de escolarización secundaria;;Banco Mundial - World Development Indicators;2026-07-13;The read operation timed out
Venezuela;Venezuela, RB;VE;VEN;Latin America & Caribbean;Not classified;1996;Educación;educacion;Escolarización;escolarizacion;SE.SEC.ENRR;Tasa bruta de escolarización secundaria;;Banco Mundial - World Development Indicators;2026-07-13;The read operation timed out
Venezuela;Venezuela, RB;VE;VEN;Latin America & Caribbean;Not classified;1997;Educación;educacion;Escolarización;escolarizacion;SE.SEC.ENRR;Tasa bruta de escolarización secundaria;;Banco Mundial - World Development Indicators;2026-07-13;The read operation timed out
Venezuela;Venezuela, RB;VE;VEN;Latin America & Caribbean;Not classified;1998;Educación;educacion;Escolarización;escolarizacion;SE.SEC.ENRR;Tasa bruta de escolarización secundaria;;Banco Mundial - World Development Indicators;2026-07-13;The read operation timed out
Venezuela;Venezuela, RB;VE;VEN;Latin America & Caribbean;Not classified;1999;Educación;educacion;Escolarización;escolarizacion;SE.SEC.ENRR;Tasa bruta de escolarización secundaria;;Banco Mundial - World Development Indicators;2026-07-13;The read operation timed out
Venezuela;Venezuela, RB;VE;VEN;Latin America & Caribbean;Not classified;2000;Educación;educacion;Escolarización;escolarizacion;SE.SEC.ENRR;Tasa bruta de escolarización secundaria;;Banco Mundial - World Development Indicators;2026-07-13;The read operation timed out
Venezuela;Venezuela, RB;VE;VEN;Latin America & Caribbean;Not classified;2001;Educación;educacion;Escolarización;escolarizacion;SE.SEC.ENRR;Tasa bruta de escolarización secundaria;;Banco Mundial - World Development Indicators;2026-07-13;The read operation timed out
Venezuela;Venezuela, RB;VE;VEN;Latin America & Caribbean;Not classified;2002;Educación;educacion;Escolarización;escolarizacion;SE.SEC.ENRR;Tasa bruta de escolarización secundaria;;Banco Mundial - World Development Indicators;2026-07-13;The read operation timed out
Venezuela;Venezuela, RB;VE;VEN;Latin America & Caribbean;Not classified;2003;Educación;educacion;Escolarización;escolarizacion;SE.SEC.ENRR;Tasa bruta de escolarización secundaria;;Banco Mundial - World Development Indicators;2026-07-13;The read operation timed out
Venezuela;Venezuela, RB;VE;VEN;Latin America & Caribbean;Not classified;2004;Educación;educacion;Escolarización;escolarizacion;SE.SEC.ENRR;Tasa bruta de escolarización secundaria;;Banco Mundial - World Development Indicators;2026-07-13;The read operation timed out
Venezuela;Venezuela, RB;VE;VEN;Latin America & Caribbean;Not classified;2005;Educación;educacion;Escolarización;escolarizacion;SE.SEC.ENRR;Tasa bruta de escolarización secundaria;;Banco Mundial - World Development Indicators;2026-07-13;The read operation timed out
Venezuela;Venezuela, RB;VE;VEN;Latin America & Caribbean;Not classified;2006;Educación;educacion;Escolarización;escolarizacion;SE.SEC.ENRR;Tasa bruta de escolarización secundaria;;Banco Mundial - World Development Indicators;2026-07-13;The read operation timed out
Venezuela;Venezuela, RB;VE;VEN;Latin America & Caribbean;Not classified;2007;Educación;educacion;Escolarización;escolarizacion;SE.SEC.ENRR;Tasa bruta de escolarización secundaria;;Banco Mundial - World Development Indicators;2026-07-13;The read operation timed out
Venezuela;Venezuela, RB;VE;VEN;Latin America & Caribbean;Not classified;2008;Educación;educacion;Escolarización;escolarizacion;SE.SEC.ENRR;Tasa bruta de escolarización secundaria;;Banco Mundial - World Development Indicators;2026-07-13;The read operation timed out
Venezuela;Venezuela, RB;VE;VEN;Latin America & Caribbean;Not classified;2009;Educación;educacion;Escolarización;escolarizacion;SE.SEC.ENRR;Tasa bruta de escolarización secundaria;;Banco Mundial - World Development Indicators;2026-07-13;The read operation timed out
Venezuela;Venezuela, RB;VE;VEN;Latin America & Caribbean;Not classified;2010;Educación;educacion;Escolarización;escolarizacion;SE.SEC.ENRR;Tasa bruta de escolarización secundaria;;Banco Mundial - World Development Indicators;2026-07-13;The read operation timed out
Venezuela;Venezuela, RB;VE;VEN;Latin America & Caribbean;Not classified;2011;Educación;educacion;Escolarización;escolarizacion;SE.SEC.ENRR;Tasa bruta de escolarización secundaria;;Banco Mundial - World Development Indicators;2026-07-13;The read operation timed out
Venezuela;Venezuela, RB;VE;VEN;Latin America & Caribbean;Not classified;2012;Educación;educacion;Escolarización;escolarizacion;SE.SEC.ENRR;Tasa bruta de escolarización secundaria;;Banco Mundial - World Development Indicators;2026-07-13;The read operation timed out
Venezuela;Venezuela, RB;VE;VEN;Latin America & Caribbean;Not classified;2013;Educación;educacion;Escolarización;escolarizacion;SE.SEC.ENRR;Tasa bruta de escolarización secundaria;;Banco Mundial - World Development Indicators;2026-07-13;The read operation timed out
Venezuela;Venezuela, RB;VE;VEN;Latin America & Caribbean;Not classified;2014;Educación;educacion;Escolarización;escolarizacion;SE.SEC.ENRR;Tasa bruta de escolarización secundaria;;Banco Mundial - World Development Indicators;2026-07-13;The read operation timed out
Venezuela;Venezuela, RB;VE;VEN;Latin America & Caribbean;Not classified;2015;Educación;educacion;Escolarización;escolarizacion;SE.SEC.ENRR;Tasa bruta de escolarización secundaria;;Banco Mundial - World Development Indicators;2026-07-13;The read operation timed out
Venezuela;Venezuela, RB;VE;VEN;Latin America & Caribbean;Not classified;2016;Educación;educacion;Escolarización;escolarizacion;SE.SEC.ENRR;Tasa bruta de escolarización secundaria;;Banco Mundial - World Development Indicators;2026-07-13;The read operation timed out
Venezuela;Venezuela, RB;VE;VEN;Latin America & Caribbean;Not classified;2017;Educación;educacion;Escolarización;escolarizacion;SE.SEC.ENRR;Tasa bruta de escolarización secundaria;;Banco Mundial - World Development Indicators;2026-07-13;The read operation timed out
Venezuela;Venezuela, RB;VE;VEN;Latin America & Caribbean;Not classified;2018;Educación;educacion;Escolarización;escolarizacion;SE.SEC.ENRR;Tasa bruta de escolarización secundaria;;Banco Mundial - World Development Indicators;2026-07-13;The read operation timed out
Venezuela;Venezuela, RB;VE;VEN;Latin America & Caribbean;Not classified;2019;Educación;educacion;Escolarización;escolarizacion;SE.SEC.ENRR;Tasa bruta de escolarización secundaria;;Banco Mundial - World Development Indicators;2026-07-13;The read operation timed out
Venezuela;Venezuela, RB;VE;VEN;Latin America & Caribbean;Not classified;2020;Educación;educacion;Escolarización;escolarizacion;SE.SEC.ENRR;Tasa bruta de escolarización secundaria;;Banco Mundial - World Development Indicators;2026-07-13;The read operation timed out
Venezuela;Venezuela, RB;VE;VEN;Latin America & Caribbean;Not classified;2021;Educación;educacion;Escolarización;escolarizacion;SE.SEC.ENRR;Tasa bruta de escolarización secundaria;;Banco Mundial - World Development Indicators;2026-07-13;The read operation timed out
Venezuela;Venezuela, RB;VE;VEN;Latin America & Caribbean;Not classified;2022;Educación;educacion;Escolarización;escolarizacion;SE.SEC.ENRR;Tasa bruta de escolarización secundaria;;Banco Mundial - World Development Indicators;2026-07-13;The read operation timed out
Venezuela;Venezuela, RB;VE;VEN;Latin America & Caribbean;Not classified;2023;Educación;educacion;Escolarización;escolarizacion;SE.SEC.ENRR;Tasa bruta de escolarización secundaria;;Banco Mundial - World Development Indicators;2026-07-13;The read operation timed out
Venezuela;Venezuela, RB;VE;VEN;Latin America & Caribbean;Not classified;2024;Educación;educacion;Escolarización;escolarizacion;SE.SEC.ENRR;Tasa bruta de escolarización secundaria;;Banco Mundial - World Development Indicators;2026-07-13;The read operation timed out
Venezuela;Venezuela, RB;VE;VEN;Latin America & Caribbean;Not classified;2025;Educación;educacion;Escolarización;escolarizacion;SE.SEC.ENRR;Tasa bruta de escolarización secundaria;;Banco Mundial - World Development Indicators;2026-07-13;The read operation timed out
Venezuela;Venezuela, RB;VE;VEN;Latin America & Caribbean;Not classified;2026;Educación;educacion;Escolarización;escolarizacion;SE.SEC.ENRR;Tasa bruta de escolarización secundaria;;Banco Mundial - World Development Indicators;2026-07-13;The read operation timed out
Venezuela;Venezuela, RB;VE;VEN;Latin America & Caribbean;Not classified;1960;Educación;educacion;Escolarización;escolarizacion;SE.TER.ENRR;Tasa bruta de escolarización terciaria;;Banco Mundial - World Development Indicators;2026-07-13;The read operation timed out
Venezuela;Venezuela, RB;VE;VEN;Latin America & Caribbean;Not classified;1961;Educación;educacion;Escolarización;escolarizacion;SE.TER.ENRR;Tasa bruta de escolarización terciaria;;Banco Mundial - World Development Indicators;2026-07-13;The read operation timed out
Venezuela;Venezuela, RB;VE;VEN;Latin America & Caribbean;Not classified;1962;Educación;educacion;Escolarización;escolarizacion;SE.TER.ENRR;Tasa bruta de escolarización terciaria;;Banco Mundial - World Development Indicators;2026-07-13;The read operation timed out
Venezuela;Venezuela, RB;VE;VEN;Latin America & Caribbean;Not classified;1963;Educación;educacion;Escolarización;escolarizacion;SE.TER.ENRR;Tasa bruta de escolarización terciaria;;Banco Mundial - World Development Indicators;2026-07-13;The read operation timed out
Venezuela;Venezuela, RB;VE;VEN;Latin America & Caribbean;Not classified;1964;Educación;educacion;Escolarización;escolarizacion;SE.TER.ENRR;Tasa bruta de escolarización terciaria;;Banco Mundial - World Development Indicators;2026-07-13;The read operation timed out
Venezuela;Venezuela, RB;VE;VEN;Latin America & Caribbean;Not classified;1965;Educación;educacion;Escolarización;escolarizacion;SE.TER.ENRR;Tasa bruta de escolarización terciaria;;Banco Mundial - World Development Indicators;2026-07-13;The read operation timed out
Venezuela;Venezuela, RB;VE;VEN;Latin America & Caribbean;Not classified;1966;Educación;educacion;Escolarización;escolarizacion;SE.TER.ENRR;Tasa bruta de escolarización terciaria;;Banco Mundial - World Development Indicators;2026-07-13;The read operation timed out
Venezuela;Venezuela, RB;VE;VEN;Latin America & Caribbean;Not classified;1967;Educación;educacion;Escolarización;escolarizacion;SE.TER.ENRR;Tasa bruta de escolarización terciaria;;Banco Mundial - World Development Indicators;2026-07-13;The read operation timed out
Venezuela;Venezuela, RB;VE;VEN;Latin America & Caribbean;Not classified;1968;Educación;educacion;Escolarización;escolarizacion;SE.TER.ENRR;Tasa bruta de escolarización terciaria;;Banco Mundial - World Development Indicators;2026-07-13;The read operation timed out
Venezuela;Venezuela, RB;VE;VEN;Latin America & Caribbean;Not classified;1969;Educación;educacion;Escolarización;escolarizacion;SE.TER.ENRR;Tasa bruta de escolarización terciaria;;Banco Mundial - World Development Indicators;2026-07-13;The read operation timed out
Venezuela;Venezuela, RB;VE;VEN;Latin America & Caribbean;Not classified;1970;Educación;educacion;Escolarización;escolarizacion;SE.TER.ENRR;Tasa bruta de escolarización terciaria;;Banco Mundial - World Development Indicators;2026-07-13;The read operation timed out
Venezuela;Venezuela, RB;VE;VEN;Latin America & Caribbean;Not classified;1971;Educación;educacion;Escolarización;escolarizacion;SE.TER.ENRR;Tasa bruta de escolarización terciaria;;Banco Mundial - World Development Indicators;2026-07-13;The read operation timed out
Venezuela;Venezuela, RB;VE;VEN;Latin America & Caribbean;Not classified;1972;Educación;educacion;Escolarización;escolarizacion;SE.TER.ENRR;Tasa bruta de escolarización terciaria;;Banco Mundial - World Development Indicators;2026-07-13;The read operation timed out
Venezuela;Venezuela, RB;VE;VEN;Latin America & Caribbean;Not classified;1973;Educación;educacion;Escolarización;escolarizacion;SE.TER.ENRR;Tasa bruta de escolarización terciaria;;Banco Mundial - World Development Indicators;2026-07-13;The read operation timed out
Venezuela;Venezuela, RB;VE;VEN;Latin America & Caribbean;Not classified;1974;Educación;educacion;Escolarización;escolarizacion;SE.TER.ENRR;Tasa bruta de escolarización terciaria;;Banco Mundial - World Development Indicators;2026-07-13;The read operation timed out
Venezuela;Venezuela, RB;VE;VEN;Latin America & Caribbean;Not classified;1975;Educación;educacion;Escolarización;escolarizacion;SE.TER.ENRR;Tasa bruta de escolarización terciaria;;Banco Mundial - World Development Indicators;2026-07-13;The read operation timed out
Venezuela;Venezuela, RB;VE;VEN;Latin America & Caribbean;Not classified;1976;Educación;educacion;Escolarización;escolarizacion;SE.TER.ENRR;Tasa bruta de escolarización terciaria;;Banco Mundial - World Development Indicators;2026-07-13;The read operation timed out
Venezuela;Venezuela, RB;VE;VEN;Latin America & Caribbean;Not classified;1977;Educación;educacion;Escolarización;escolarizacion;SE.TER.ENRR;Tasa bruta de escolarización terciaria;;Banco Mundial - World Development Indicators;2026-07-13;The read operation timed out
Venezuela;Venezuela, RB;VE;VEN;Latin America & Caribbean;Not classified;1978;Educación;educacion;Escolarización;escolarizacion;SE.TER.ENRR;Tasa bruta de escolarización terciaria;;Banco Mundial - World Development Indicators;2026-07-13;The read operation timed out
Venezuela;Venezuela, RB;VE;VEN;Latin America & Caribbean;Not classified;1979;Educación;educacion;Escolarización;escolarizacion;SE.TER.ENRR;Tasa bruta de escolarización terciaria;;Banco Mundial - World Development Indicators;2026-07-13;The read operation timed out
Venezuela;Venezuela, RB;VE;VEN;Latin America & Caribbean;Not classified;1980;Educación;educacion;Escolarización;escolarizacion;SE.TER.ENRR;Tasa bruta de escolarización terciaria;;Banco Mundial - World Development Indicators;2026-07-13;The read operation timed out
Venezuela;Venezuela, RB;VE;VEN;Latin America & Caribbean;Not classified;1981;Educación;educacion;Escolarización;escolarizacion;SE.TER.ENRR;Tasa bruta de escolarización terciaria;;Banco Mundial - World Development Indicators;2026-07-13;The read operation timed out
Venezuela;Venezuela, RB;VE;VEN;Latin America & Caribbean;Not classified;1982;Educación;educacion;Escolarización;escolarizacion;SE.TER.ENRR;Tasa bruta de escolarización terciaria;;Banco Mundial - World Development Indicators;2026-07-13;The read operation timed out
Venezuela;Venezuela, RB;VE;VEN;Latin America & Caribbean;Not classified;1983;Educación;educacion;Escolarización;escolarizacion;SE.TER.ENRR;Tasa bruta de escolarización terciaria;;Banco Mundial - World Development Indicators;2026-07-13;The read operation timed out
Venezuela;Venezuela, RB;VE;VEN;Latin America & Caribbean;Not classified;1984;Educación;educacion;Escolarización;escolarizacion;SE.TER.ENRR;Tasa bruta de escolarización terciaria;;Banco Mundial - World Development Indicators;2026-07-13;The read operation timed out
Venezuela;Venezuela, RB;VE;VEN;Latin America & Caribbean;Not classified;1985;Educación;educacion;Escolarización;escolarizacion;SE.TER.ENRR;Tasa bruta de escolarización terciaria;;Banco Mundial - World Development Indicators;2026-07-13;The read operation timed out
Venezuela;Venezuela, RB;VE;VEN;Latin America & Caribbean;Not classified;1986;Educación;educacion;Escolarización;escolarizacion;SE.TER.ENRR;Tasa bruta de escolarización terciaria;;Banco Mundial - World Development Indicators;2026-07-13;The read operation timed out
Venezuela;Venezuela, RB;VE;VEN;Latin America & Caribbean;Not classified;1987;Educación;educacion;Escolarización;escolarizacion;SE.TER.ENRR;Tasa bruta de escolarización terciaria;;Banco Mundial - World Development Indicators;2026-07-13;The read operation timed out
Venezuela;Venezuela, RB;VE;VEN;Latin America & Caribbean;Not classified;1988;Educación;educacion;Escolarización;escolarizacion;SE.TER.ENRR;Tasa bruta de escolarización terciaria;;Banco Mundial - World Development Indicators;2026-07-13;The read operation timed out
Venezuela;Venezuela, RB;VE;VEN;Latin America & Caribbean;Not classified;1989;Educación;educacion;Escolarización;escolarizacion;SE.TER.ENRR;Tasa bruta de escolarización terciaria;;Banco Mundial - World Development Indicators;2026-07-13;The read operation timed out
Venezuela;Venezuela, RB;VE;VEN;Latin America & Caribbean;Not classified;1990;Educación;educacion;Escolarización;escolarizacion;SE.TER.ENRR;Tasa bruta de escolarización terciaria;;Banco Mundial - World Development Indicators;2026-07-13;The read operation timed out
Venezuela;Venezuela, RB;VE;VEN;Latin America & Caribbean;Not classified;1991;Educación;educacion;Escolarización;escolarizacion;SE.TER.ENRR;Tasa bruta de escolarización terciaria;;Banco Mundial - World Development Indicators;2026-07-13;The read operation timed out
Venezuela;Venezuela, RB;VE;VEN;Latin America & Caribbean;Not classified;1992;Educación;educacion;Escolarización;escolarizacion;SE.TER.ENRR;Tasa bruta de escolarización terciaria;;Banco Mundial - World Development Indicators;2026-07-13;The read operation timed out
Venezuela;Venezuela, RB;VE;VEN;Latin America & Caribbean;Not classified;1993;Educación;educacion;Escolarización;escolarizacion;SE.TER.ENRR;Tasa bruta de escolarización terciaria;;Banco Mundial - World Development Indicators;2026-07-13;The read operation timed out
Venezuela;Venezuela, RB;VE;VEN;Latin America & Caribbean;Not classified;1994;Educación;educacion;Escolarización;escolarizacion;SE.TER.ENRR;Tasa bruta de escolarización terciaria;;Banco Mundial - World Development Indicators;2026-07-13;The read operation timed out
Venezuela;Venezuela, RB;VE;VEN;Latin America & Caribbean;Not classified;1995;Educación;educacion;Escolarización;escolarizacion;SE.TER.ENRR;Tasa bruta de escolarización terciaria;;Banco Mundial - World Development Indicators;2026-07-13;The read operation timed out
Venezuela;Venezuela, RB;VE;VEN;Latin America & Caribbean;Not classified;1996;Educación;educacion;Escolarización;escolarizacion;SE.TER.ENRR;Tasa bruta de escolarización terciaria;;Banco Mundial - World Development Indicators;2026-07-13;The read operation timed out
Venezuela;Venezuela, RB;VE;VEN;Latin America & Caribbean;Not classified;1997;Educación;educacion;Escolarización;escolarizacion;SE.TER.ENRR;Tasa bruta de escolarización terciaria;;Banco Mundial - World Development Indicators;2026-07-13;The read operation timed out
Venezuela;Venezuela, RB;VE;VEN;Latin America & Caribbean;Not classified;1998;Educación;educacion;Escolarización;escolarizacion;SE.TER.ENRR;Tasa bruta de escolarización terciaria;;Banco Mundial - World Development Indicators;2026-07-13;The read operation timed out
Venezuela;Venezuela, RB;VE;VEN;Latin America & Caribbean;Not classified;1999;Educación;educacion;Escolarización;escolarizacion;SE.TER.ENRR;Tasa bruta de escolarización terciaria;;Banco Mundial - World Development Indicators;2026-07-13;The read operation timed out
Venezuela;Venezuela, RB;VE;VEN;Latin America & Caribbean;Not classified;2000;Educación;educacion;Escolarización;escolarizacion;SE.TER.ENRR;Tasa bruta de escolarización terciaria;;Banco Mundial - World Development Indicators;2026-07-13;The read operation timed out
Venezuela;Venezuela, RB;VE;VEN;Latin America & Caribbean;Not classified;2001;Educación;educacion;Escolarización;escolarizacion;SE.TER.ENRR;Tasa bruta de escolarización terciaria;;Banco Mundial - World Development Indicators;2026-07-13;The read operation timed out
Venezuela;Venezuela, RB;VE;VEN;Latin America & Caribbean;Not classified;2002;Educación;educacion;Escolarización;escolarizacion;SE.TER.ENRR;Tasa bruta de escolarización terciaria;;Banco Mundial - World Development Indicators;2026-07-13;The read operation timed out
Venezuela;Venezuela, RB;VE;VEN;Latin America & Caribbean;Not classified;2003;Educación;educacion;Escolarización;escolarizacion;SE.TER.ENRR;Tasa bruta de escolarización terciaria;;Banco Mundial - World Development Indicators;2026-07-13;The read operation timed out
Venezuela;Venezuela, RB;VE;VEN;Latin America & Caribbean;Not classified;2004;Educación;educacion;Escolarización;escolarizacion;SE.TER.ENRR;Tasa bruta de escolarización terciaria;;Banco Mundial - World Development Indicators;2026-07-13;The read operation timed out
Venezuela;Venezuela, RB;VE;VEN;Latin America & Caribbean;Not classified;2005;Educación;educacion;Escolarización;escolarizacion;SE.TER.ENRR;Tasa bruta de escolarización terciaria;;Banco Mundial - World Development Indicators;2026-07-13;The read operation timed out
Venezuela;Venezuela, RB;VE;VEN;Latin America & Caribbean;Not classified;2006;Educación;educacion;Escolarización;escolarizacion;SE.TER.ENRR;Tasa bruta de escolarización terciaria;;Banco Mundial - World Development Indicators;2026-07-13;The read operation timed out
Venezuela;Venezuela, RB;VE;VEN;Latin America & Caribbean;Not classified;2007;Educación;educacion;Escolarización;escolarizacion;SE.TER.ENRR;Tasa bruta de escolarización terciaria;;Banco Mundial - World Development Indicators;2026-07-13;The read operation timed out
Venezuela;Venezuela, RB;VE;VEN;Latin America & Caribbean;Not classified;2008;Educación;educacion;Escolarización;escolarizacion;SE.TER.ENRR;Tasa bruta de escolarización terciaria;;Banco Mundial - World Development Indicators;2026-07-13;The read operation timed out
Venezuela;Venezuela, RB;VE;VEN;Latin America & Caribbean;Not classified;2009;Educación;educacion;Escolarización;escolarizacion;SE.TER.ENRR;Tasa bruta de escolarización terciaria;;Banco Mundial - World Development Indicators;2026-07-13;The read operation timed out
Venezuela;Venezuela, RB;VE;VEN;Latin America & Caribbean;Not classified;2010;Educación;educacion;Escolarización;escolarizacion;SE.TER.ENRR;Tasa bruta de escolarización terciaria;;Banco Mundial - World Development Indicators;2026-07-13;The read operation timed out
Venezuela;Venezuela, RB;VE;VEN;Latin America & Caribbean;Not classified;2011;Educación;educacion;Escolarización;escolarizacion;SE.TER.ENRR;Tasa bruta de escolarización terciaria;;Banco Mundial - World Development Indicators;2026-07-13;The read operation timed out
Venezuela;Venezuela, RB;VE;VEN;Latin America & Caribbean;Not classified;2012;Educación;educacion;Escolarización;escolarizacion;SE.TER.ENRR;Tasa bruta de escolarización terciaria;;Banco Mundial - World Development Indicators;2026-07-13;The read operation timed out
Venezuela;Venezuela, RB;VE;VEN;Latin America & Caribbean;Not classified;2013;Educación;educacion;Escolarización;escolarizacion;SE.TER.ENRR;Tasa bruta de escolarización terciaria;;Banco Mundial - World Development Indicators;2026-07-13;The read operation timed out
Venezuela;Venezuela, RB;VE;VEN;Latin America & Caribbean;Not classified;2014;Educación;educacion;Escolarización;escolarizacion;SE.TER.ENRR;Tasa bruta de escolarización terciaria;;Banco Mundial - World Development Indicators;2026-07-13;The read operation timed out
Venezuela;Venezuela, RB;VE;VEN;Latin America & Caribbean;Not classified;2015;Educación;educacion;Escolarización;escolarizacion;SE.TER.ENRR;Tasa bruta de escolarización terciaria;;Banco Mundial - World Development Indicators;2026-07-13;The read operation timed out
Venezuela;Venezuela, RB;VE;VEN;Latin America & Caribbean;Not classified;2016;Educación;educacion;Escolarización;escolarizacion;SE.TER.ENRR;Tasa bruta de escolarización terciaria;;Banco Mundial - World Development Indicators;2026-07-13;The read operation timed out
Venezuela;Venezuela, RB;VE;VEN;Latin America & Caribbean;Not classified;2017;Educación;educacion;Escolarización;escolarizacion;SE.TER.ENRR;Tasa bruta de escolarización terciaria;;Banco Mundial - World Development Indicators;2026-07-13;The read operation timed out
Venezuela;Venezuela, RB;VE;VEN;Latin America & Caribbean;Not classified;2018;Educación;educacion;Escolarización;escolarizacion;SE.TER.ENRR;Tasa bruta de escolarización terciaria;;Banco Mundial - World Development Indicators;2026-07-13;The read operation timed out
Venezuela;Venezuela, RB;VE;VEN;Latin America & Caribbean;Not classified;2019;Educación;educacion;Escolarización;escolarizacion;SE.TER.ENRR;Tasa bruta de escolarización terciaria;;Banco Mundial - World Development Indicators;2026-07-13;The read operation timed out
Venezuela;Venezuela, RB;VE;VEN;Latin America & Caribbean;Not classified;2020;Educación;educacion;Escolarización;escolarizacion;SE.TER.ENRR;Tasa bruta de escolarización terciaria;;Banco Mundial - World Development Indicators;2026-07-13;The read operation timed out
Venezuela;Venezuela, RB;VE;VEN;Latin America & Caribbean;Not classified;2021;Educación;educacion;Escolarización;escolarizacion;SE.TER.ENRR;Tasa bruta de escolarización terciaria;;Banco Mundial - World Development Indicators;2026-07-13;The read operation timed out
Venezuela;Venezuela, RB;VE;VEN;Latin America & Caribbean;Not classified;2022;Educación;educacion;Escolarización;escolarizacion;SE.TER.ENRR;Tasa bruta de escolarización terciaria;;Banco Mundial - World Development Indicators;2026-07-13;The read operation timed out
Venezuela;Venezuela, RB;VE;VEN;Latin America & Caribbean;Not classified;2023;Educación;educacion;Escolarización;escolarizacion;SE.TER.ENRR;Tasa bruta de escolarización terciaria;;Banco Mundial - World Development Indicators;2026-07-13;The read operation timed out
Venezuela;Venezuela, RB;VE;VEN;Latin America & Caribbean;Not classified;2024;Educación;educacion;Escolarización;escolarizacion;SE.TER.ENRR;Tasa bruta de escolarización terciaria;;Banco Mundial - World Development Indicators;2026-07-13;The read operation timed out
Venezuela;Venezuela, RB;VE;VEN;Latin America & Caribbean;Not classified;2025;Educación;educacion;Escolarización;escolarizacion;SE.TER.ENRR;Tasa bruta de escolarización terciaria;;Banco Mundial - World Development Indicators;2026-07-13;The read operation timed out
Venezuela;Venezuela, RB;VE;VEN;Latin America & Caribbean;Not classified;2026;Educación;educacion;Escolarización;escolarizacion;SE.TER.ENRR;Tasa bruta de escolarización terciaria;;Banco Mundial - World Development Indicators;2026-07-13;The read operation timed out
Venezuela;Venezuela, RB;VE;VEN;Latin America & Caribbean;Not classified;1960;Educación;educacion;Gasto educativo;gasto_educativo;SE.XPD.TOTL.GD.ZS;Gasto público en educación como porcentaje del PIB;;Banco Mundial - World Development Indicators;2026-07-13;
Venezuela;Venezuela, RB;VE;VEN;Latin America & Caribbean;Not classified;1961;Educación;educacion;Gasto educativo;gasto_educativo;SE.XPD.TOTL.GD.ZS;Gasto público en educación como porcentaje del PIB;;Banco Mundial - World Development Indicators;2026-07-13;
Venezuela;Venezuela, RB;VE;VEN;Latin America & Caribbean;Not classified;1962;Educación;educacion;Gasto educativo;gasto_educativo;SE.XPD.TOTL.GD.ZS;Gasto público en educación como porcentaje del PIB;;Banco Mundial - World Development Indicators;2026-07-13;
Venezuela;Venezuela, RB;VE;VEN;Latin America & Caribbean;Not classified;1963;Educación;educacion;Gasto educativo;gasto_educativo;SE.XPD.TOTL.GD.ZS;Gasto público en educación como porcentaje del PIB;;Banco Mundial - World Development Indicators;2026-07-13;
Venezuela;Venezuela, RB;VE;VEN;Latin America & Caribbean;Not classified;1964;Educación;educacion;Gasto educativo;gasto_educativo;SE.XPD.TOTL.GD.ZS;Gasto público en educación como porcentaje del PIB;;Banco Mundial - World Development Indicators;2026-07-13;
Venezuela;Venezuela, RB;VE;VEN;Latin America & Caribbean;Not classified;1965;Educación;educacion;Gasto educativo;gasto_educativo;SE.XPD.TOTL.GD.ZS;Gasto público en educación como porcentaje del PIB;;Banco Mundial - World Development Indicators;2026-07-13;
Venezuela;Venezuela, RB;VE;VEN;Latin America & Caribbean;Not classified;1966;Educación;educacion;Gasto educativo;gasto_educativo;SE.XPD.TOTL.GD.ZS;Gasto público en educación como porcentaje del PIB;;Banco Mundial - World Development Indicators;2026-07-13;
Venezuela;Venezuela, RB;VE;VEN;Latin America & Caribbean;Not classified;1967;Educación;educacion;Gasto educativo;gasto_educativo;SE.XPD.TOTL.GD.ZS;Gasto público en educación como porcentaje del PIB;;Banco Mundial - World Development Indicators;2026-07-13;
Venezuela;Venezuela, RB;VE;VEN;Latin America & Caribbean;Not classified;1968;Educación;educacion;Gasto educativo;gasto_educativo;SE.XPD.TOTL.GD.ZS;Gasto público en educación como porcentaje del PIB;;Banco Mundial - World Development Indicators;2026-07-13;
Venezuela;Venezuela, RB;VE;VEN;Latin America & Caribbean;Not classified;1969;Educación;educacion;Gasto educativo;gasto_educativo;SE.XPD.TOTL.GD.ZS;Gasto público en educación como porcentaje del PIB;;Banco Mundial - World Development Indicators;2026-07-13;
Venezuela;Venezuela, RB;VE;VEN;Latin America & Caribbean;Not classified;1970;Educación;educacion;Gasto educativo;gasto_educativo;SE.XPD.TOTL.GD.ZS;Gasto público en educación como porcentaje del PIB;4.16286993026733;Banco Mundial - World Development Indicators;2026-07-13;
Venezuela;Venezuela, RB;VE;VEN;Latin America & Caribbean;Not classified;1971;Educación;educacion;Gasto educativo;gasto_educativo;SE.XPD.TOTL.GD.ZS;Gasto público en educación como porcentaje del PIB;4.1799201965332;Banco Mundial - World Development Indicators;2026-07-13;
Venezuela;Venezuela, RB;VE;VEN;Latin America & Caribbean;Not classified;1972;Educación;educacion;Gasto educativo;gasto_educativo;SE.XPD.TOTL.GD.ZS;Gasto público en educación como porcentaje del PIB;4.83728981018066;Banco Mundial - World Development Indicators;2026-07-13;
Venezuela;Venezuela, RB;VE;VEN;Latin America & Caribbean;Not classified;1973;Educación;educacion;Gasto educativo;gasto_educativo;SE.XPD.TOTL.GD.ZS;Gasto público en educación como porcentaje del PIB;;Banco Mundial - World Development Indicators;2026-07-13;
Venezuela;Venezuela, RB;VE;VEN;Latin America & Caribbean;Not classified;1974;Educación;educacion;Gasto educativo;gasto_educativo;SE.XPD.TOTL.GD.ZS;Gasto público en educación como porcentaje del PIB;3.94795989990234;Banco Mundial - World Development Indicators;2026-07-13;
Venezuela;Venezuela, RB;VE;VEN;Latin America & Caribbean;Not classified;1975;Educación;educacion;Gasto educativo;gasto_educativo;SE.XPD.TOTL.GD.ZS;Gasto público en educación como porcentaje del PIB;5.19851016998291;Banco Mundial - World Development Indicators;2026-07-13;
Venezuela;Venezuela, RB;VE;VEN;Latin America & Caribbean;Not classified;1976;Educación;educacion;Gasto educativo;gasto_educativo;SE.XPD.TOTL.GD.ZS;Gasto público en educación como porcentaje del PIB;;Banco Mundial - World Development Indicators;2026-07-13;
Venezuela;Venezuela, RB;VE;VEN;Latin America & Caribbean;Not classified;1977;Educación;educacion;Gasto educativo;gasto_educativo;SE.XPD.TOTL.GD.ZS;Gasto público en educación como porcentaje del PIB;5.25665998458862;Banco Mundial - World Development Indicators;2026-07-13;
Venezuela;Venezuela, RB;VE;VEN;Latin America & Caribbean;Not classified;1978;Educación;educacion;Gasto educativo;gasto_educativo;SE.XPD.TOTL.GD.ZS;Gasto público en educación como porcentaje del PIB;;Banco Mundial - World Development Indicators;2026-07-13;
Venezuela;Venezuela, RB;VE;VEN;Latin America & Caribbean;Not classified;1979;Educación;educacion;Gasto educativo;gasto_educativo;SE.XPD.TOTL.GD.ZS;Gasto público en educación como porcentaje del PIB;;Banco Mundial - World Development Indicators;2026-07-13;
Venezuela;Venezuela, RB;VE;VEN;Latin America & Caribbean;Not classified;1980;Educación;educacion;Gasto educativo;gasto_educativo;SE.XPD.TOTL.GD.ZS;Gasto público en educación como porcentaje del PIB;4.40072011947632;Banco Mundial - World Development Indicators;2026-07-13;
Venezuela;Venezuela, RB;VE;VEN;Latin America & Caribbean;Not classified;1981;Educación;educacion;Gasto educativo;gasto_educativo;SE.XPD.TOTL.GD.ZS;Gasto público en educación como porcentaje del PIB;5.18743991851807;Banco Mundial - World Development Indicators;2026-07-13;
Venezuela;Venezuela, RB;VE;VEN;Latin America & Caribbean;Not classified;1982;Educación;educacion;Gasto educativo;gasto_educativo;SE.XPD.TOTL.GD.ZS;Gasto público en educación como porcentaje del PIB;5.00895023345947;Banco Mundial - World Development Indicators;2026-07-13;
Venezuela;Venezuela, RB;VE;VEN;Latin America & Caribbean;Not classified;1983;Educación;educacion;Gasto educativo;gasto_educativo;SE.XPD.TOTL.GD.ZS;Gasto público en educación como porcentaje del PIB;6.0598201751709;Banco Mundial - World Development Indicators;2026-07-13;
Venezuela;Venezuela, RB;VE;VEN;Latin America & Caribbean;Not classified;1984;Educación;educacion;Gasto educativo;gasto_educativo;SE.XPD.TOTL.GD.ZS;Gasto público en educación como porcentaje del PIB;4.06372976303101;Banco Mundial - World Development Indicators;2026-07-13;
Venezuela;Venezuela, RB;VE;VEN;Latin America & Caribbean;Not classified;1985;Educación;educacion;Gasto educativo;gasto_educativo;SE.XPD.TOTL.GD.ZS;Gasto público en educación como porcentaje del PIB;;Banco Mundial - World Development Indicators;2026-07-13;
Venezuela;Venezuela, RB;VE;VEN;Latin America & Caribbean;Not classified;1986;Educación;educacion;Gasto educativo;gasto_educativo;SE.XPD.TOTL.GD.ZS;Gasto público en educación como porcentaje del PIB;;Banco Mundial - World Development Indicators;2026-07-13;
Venezuela;Venezuela, RB;VE;VEN;Latin America & Caribbean;Not classified;1987;Educación;educacion;Gasto educativo;gasto_educativo;SE.XPD.TOTL.GD.ZS;Gasto público en educación como porcentaje del PIB;3.92751002311706;Banco Mundial - World Development Indicators;2026-07-13;
Venezuela;Venezuela, RB;VE;VEN;Latin America & Caribbean;Not classified;1988;Educación;educacion;Gasto educativo;gasto_educativo;SE.XPD.TOTL.GD.ZS;Gasto público en educación como porcentaje del PIB;3.62941002845764;Banco Mundial - World Development Indicators;2026-07-13;
Venezuela;Venezuela, RB;VE;VEN;Latin America & Caribbean;Not classified;1989;Educación;educacion;Gasto educativo;gasto_educativo;SE.XPD.TOTL.GD.ZS;Gasto público en educación como porcentaje del PIB;;Banco Mundial - World Development Indicators;2026-07-13;
Venezuela;Venezuela, RB;VE;VEN;Latin America & Caribbean;Not classified;1990;Educación;educacion;Gasto educativo;gasto_educativo;SE.XPD.TOTL.GD.ZS;Gasto público en educación como porcentaje del PIB;2.44671010971069;Banco Mundial - World Development Indicators;2026-07-13;
Venezuela;Venezuela, RB;VE;VEN;Latin America & Caribbean;Not classified;1991;Educación;educacion;Gasto educativo;gasto_educativo;SE.XPD.TOTL.GD.ZS;Gasto público en educación como porcentaje del PIB;;Banco Mundial - World Development Indicators;2026-07-13;
Venezuela;Venezuela, RB;VE;VEN;Latin America & Caribbean;Not classified;1992;Educación;educacion;Gasto educativo;gasto_educativo;SE.XPD.TOTL.GD.ZS;Gasto público en educación como porcentaje del PIB;4.31067991256714;Banco Mundial - World Development Indicators;2026-07-13;
Venezuela;Venezuela, RB;VE;VEN;Latin America & Caribbean;Not classified;1993;Educación;educacion;Gasto educativo;gasto_educativo;SE.XPD.TOTL.GD.ZS;Gasto público en educación como porcentaje del PIB;3.81783008575439;Banco Mundial - World Development Indicators;2026-07-13;
Venezuela;Venezuela, RB;VE;VEN;Latin America & Caribbean;Not classified;1994;Educación;educacion;Gasto educativo;gasto_educativo;SE.XPD.TOTL.GD.ZS;Gasto público en educación como porcentaje del PIB;5.00603008270264;Banco Mundial - World Development Indicators;2026-07-13;
Venezuela;Venezuela, RB;VE;VEN;Latin America & Caribbean;Not classified;1995;Educación;educacion;Gasto educativo;gasto_educativo;SE.XPD.TOTL.GD.ZS;Gasto público en educación como porcentaje del PIB;;Banco Mundial - World Development Indicators;2026-07-13;
Venezuela;Venezuela, RB;VE;VEN;Latin America & Caribbean;Not classified;1996;Educación;educacion;Gasto educativo;gasto_educativo;SE.XPD.TOTL.GD.ZS;Gasto público en educación como porcentaje del PIB;;Banco Mundial - World Development Indicators;2026-07-13;
Venezuela;Venezuela, RB;VE;VEN;Latin America & Caribbean;Not classified;1997;Educación;educacion;Gasto educativo;gasto_educativo;SE.XPD.TOTL.GD.ZS;Gasto público en educación como porcentaje del PIB;;Banco Mundial - World Development Indicators;2026-07-13;
Venezuela;Venezuela, RB;VE;VEN;Latin America & Caribbean;Not classified;1998;Educación;educacion;Gasto educativo;gasto_educativo;SE.XPD.TOTL.GD.ZS;Gasto público en educación como porcentaje del PIB;;Banco Mundial - World Development Indicators;2026-07-13;
Venezuela;Venezuela, RB;VE;VEN;Latin America & Caribbean;Not classified;1999;Educación;educacion;Gasto educativo;gasto_educativo;SE.XPD.TOTL.GD.ZS;Gasto público en educación como porcentaje del PIB;;Banco Mundial - World Development Indicators;2026-07-13;
Venezuela;Venezuela, RB;VE;VEN;Latin America & Caribbean;Not classified;2000;Educación;educacion;Gasto educativo;gasto_educativo;SE.XPD.TOTL.GD.ZS;Gasto público en educación como porcentaje del PIB;;Banco Mundial - World Development Indicators;2026-07-13;
Venezuela;Venezuela, RB;VE;VEN;Latin America & Caribbean;Not classified;2001;Educación;educacion;Gasto educativo;gasto_educativo;SE.XPD.TOTL.GD.ZS;Gasto público en educación como porcentaje del PIB;;Banco Mundial - World Development Indicators;2026-07-13;
Venezuela;Venezuela, RB;VE;VEN;Latin America & Caribbean;Not classified;2002;Educación;educacion;Gasto educativo;gasto_educativo;SE.XPD.TOTL.GD.ZS;Gasto público en educación como porcentaje del PIB;;Banco Mundial - World Development Indicators;2026-07-13;
Venezuela;Venezuela, RB;VE;VEN;Latin America & Caribbean;Not classified;2003;Educación;educacion;Gasto educativo;gasto_educativo;SE.XPD.TOTL.GD.ZS;Gasto público en educación como porcentaje del PIB;;Banco Mundial - World Development Indicators;2026-07-13;
Venezuela;Venezuela, RB;VE;VEN;Latin America & Caribbean;Not classified;2004;Educación;educacion;Gasto educativo;gasto_educativo;SE.XPD.TOTL.GD.ZS;Gasto público en educación como porcentaje del PIB;;Banco Mundial - World Development Indicators;2026-07-13;
Venezuela;Venezuela, RB;VE;VEN;Latin America & Caribbean;Not classified;2005;Educación;educacion;Gasto educativo;gasto_educativo;SE.XPD.TOTL.GD.ZS;Gasto público en educación como porcentaje del PIB;;Banco Mundial - World Development Indicators;2026-07-13;
Venezuela;Venezuela, RB;VE;VEN;Latin America & Caribbean;Not classified;2006;Educación;educacion;Gasto educativo;gasto_educativo;SE.XPD.TOTL.GD.ZS;Gasto público en educación como porcentaje del PIB;3.66905999183655;Banco Mundial - World Development Indicators;2026-07-13;
Venezuela;Venezuela, RB;VE;VEN;Latin America & Caribbean;Not classified;2007;Educación;educacion;Gasto educativo;gasto_educativo;SE.XPD.TOTL.GD.ZS;Gasto público en educación como porcentaje del PIB;3.62732005119324;Banco Mundial - World Development Indicators;2026-07-13;
Venezuela;Venezuela, RB;VE;VEN;Latin America & Caribbean;Not classified;2008;Educación;educacion;Gasto educativo;gasto_educativo;SE.XPD.TOTL.GD.ZS;Gasto público en educación como porcentaje del PIB;;Banco Mundial - World Development Indicators;2026-07-13;
Venezuela;Venezuela, RB;VE;VEN;Latin America & Caribbean;Not classified;2009;Educación;educacion;Gasto educativo;gasto_educativo;SE.XPD.TOTL.GD.ZS;Gasto público en educación como porcentaje del PIB;6.87467002868652;Banco Mundial - World Development Indicators;2026-07-13;
Venezuela;Venezuela, RB;VE;VEN;Latin America & Caribbean;Not classified;2010;Educación;educacion;Gasto educativo;gasto_educativo;SE.XPD.TOTL.GD.ZS;Gasto público en educación como porcentaje del PIB;;Banco Mundial - World Development Indicators;2026-07-13;
Venezuela;Venezuela, RB;VE;VEN;Latin America & Caribbean;Not classified;2011;Educación;educacion;Gasto educativo;gasto_educativo;SE.XPD.TOTL.GD.ZS;Gasto público en educación como porcentaje del PIB;;Banco Mundial - World Development Indicators;2026-07-13;
Venezuela;Venezuela, RB;VE;VEN;Latin America & Caribbean;Not classified;2012;Educación;educacion;Gasto educativo;gasto_educativo;SE.XPD.TOTL.GD.ZS;Gasto público en educación como porcentaje del PIB;;Banco Mundial - World Development Indicators;2026-07-13;
Venezuela;Venezuela, RB;VE;VEN;Latin America & Caribbean;Not classified;2013;Educación;educacion;Gasto educativo;gasto_educativo;SE.XPD.TOTL.GD.ZS;Gasto público en educación como porcentaje del PIB;;Banco Mundial - World Development Indicators;2026-07-13;
Venezuela;Venezuela, RB;VE;VEN;Latin America & Caribbean;Not classified;2014;Educación;educacion;Gasto educativo;gasto_educativo;SE.XPD.TOTL.GD.ZS;Gasto público en educación como porcentaje del PIB;;Banco Mundial - World Development Indicators;2026-07-13;
Venezuela;Venezuela, RB;VE;VEN;Latin America & Caribbean;Not classified;2015;Educación;educacion;Gasto educativo;gasto_educativo;SE.XPD.TOTL.GD.ZS;Gasto público en educación como porcentaje del PIB;;Banco Mundial - World Development Indicators;2026-07-13;
Venezuela;Venezuela, RB;VE;VEN;Latin America & Caribbean;Not classified;2016;Educación;educacion;Gasto educativo;gasto_educativo;SE.XPD.TOTL.GD.ZS;Gasto público en educación como porcentaje del PIB;;Banco Mundial - World Development Indicators;2026-07-13;
Venezuela;Venezuela, RB;VE;VEN;Latin America & Caribbean;Not classified;2017;Educación;educacion;Gasto educativo;gasto_educativo;SE.XPD.TOTL.GD.ZS;Gasto público en educación como porcentaje del PIB;;Banco Mundial - World Development Indicators;2026-07-13;
Venezuela;Venezuela, RB;VE;VEN;Latin America & Caribbean;Not classified;2018;Educación;educacion;Gasto educativo;gasto_educativo;SE.XPD.TOTL.GD.ZS;Gasto público en educación como porcentaje del PIB;;Banco Mundial - World Development Indicators;2026-07-13;
Venezuela;Venezuela, RB;VE;VEN;Latin America & Caribbean;Not classified;2019;Educación;educacion;Gasto educativo;gasto_educativo;SE.XPD.TOTL.GD.ZS;Gasto público en educación como porcentaje del PIB;;Banco Mundial - World Development Indicators;2026-07-13;
Venezuela;Venezuela, RB;VE;VEN;Latin America & Caribbean;Not classified;2020;Educación;educacion;Gasto educativo;gasto_educativo;SE.XPD.TOTL.GD.ZS;Gasto público en educación como porcentaje del PIB;;Banco Mundial - World Development Indicators;2026-07-13;
Venezuela;Venezuela, RB;VE;VEN;Latin America & Caribbean;Not classified;2021;Educación;educacion;Gasto educativo;gasto_educativo;SE.XPD.TOTL.GD.ZS;Gasto público en educación como porcentaje del PIB;;Banco Mundial - World Development Indicators;2026-07-13;
Venezuela;Venezuela, RB;VE;VEN;Latin America & Caribbean;Not classified;2022;Educación;educacion;Gasto educativo;gasto_educativo;SE.XPD.TOTL.GD.ZS;Gasto público en educación como porcentaje del PIB;;Banco Mundial - World Development Indicators;2026-07-13;
Venezuela;Venezuela, RB;VE;VEN;Latin America & Caribbean;Not classified;2023;Educación;educacion;Gasto educativo;gasto_educativo;SE.XPD.TOTL.GD.ZS;Gasto público en educación como porcentaje del PIB;;Banco Mundial - World Development Indicators;2026-07-13;
Venezuela;Venezuela, RB;VE;VEN;Latin America & Caribbean;Not classified;2024;Educación;educacion;Gasto educativo;gasto_educativo;SE.XPD.TOTL.GD.ZS;Gasto público en educación como porcentaje del PIB;;Banco Mundial - World Development Indicators;2026-07-13;
Venezuela;Venezuela, RB;VE;VEN;Latin America & Caribbean;Not classified;2025;Educación;educacion;Gasto educativo;gasto_educativo;SE.XPD.TOTL.GD.ZS;Gasto público en educación como porcentaje del PIB;;Banco Mundial - World Development Indicators;2026-07-13;
