Fuente;Reporte UNCTAD;Título reporte;Archivo bulk;Nombre archivo;Tamaño bytes;Estado;Registros extraídos;Valores extraídos;URL bulk
UNCTADstat - UNCTAD;US.TradeMerchTotal;Merchandise: Total trade and share, annual;US_TradeMerchTotal;From 1948 to 2025;424083;Procesado;156;312;https://unctadstat-api.unctad.org/bulkdownload/US.TradeMerchTotal/US_TradeMerchTotal
UNCTADstat - UNCTAD;US.TradeMerchGR;Merchandise: Total trade growth rates, annual;US_TradeMerchGR;The whole dataset;214725;Procesado;104;104;https://unctadstat-api.unctad.org/bulkdownload/US.TradeMerchGR/US_TradeMerchGR
UNCTADstat - UNCTAD;US.TradeMerchBalance;Merchandise: Trade balance, annual;US_TradeMerchBalance;From 1948 to 2025;235857;Procesado;78;156;https://unctadstat-api.unctad.org/bulkdownload/US.TradeMerchBalance/US_TradeMerchBalance
UNCTADstat - UNCTAD;US.MerchVolumeQuarterly;Merchandise: Trade volume - Growth rates - Quarterly (analytical);US_MerchVolumeQuarterly;From 2005 to 2026;639637;Procesado;170;838;https://unctadstat-api.unctad.org/bulkdownload/US.MerchVolumeQuarterly/US_MerchVolumeQuarterly
UNCTADstat - UNCTAD;US.TradeMatrix;Merchandise: Trade matrix - Annual (analytical);US_TradeMatrix_19952000;From 1995 to 2000;1768893604;Omitido por tamaño > 20971520 bytes;0;0;https://unctadstat-api.unctad.org/bulkdownload/US.TradeMatrix/US_TradeMatrix_19952000
UNCTADstat - UNCTAD;US.TradeMatrix;Merchandise: Trade matrix - Annual (analytical);US_TradeMatrix_20012005;From 2001 to 2005;1679341616;Omitido por tamaño > 20971520 bytes;0;0;https://unctadstat-api.unctad.org/bulkdownload/US.TradeMatrix/US_TradeMatrix_20012005
UNCTADstat - UNCTAD;US.TradeMatrix;Merchandise: Trade matrix - Annual (analytical);US_TradeMatrix_20062010;From 2006 to 2010;1811298102;Omitido por tamaño > 20971520 bytes;0;0;https://unctadstat-api.unctad.org/bulkdownload/US.TradeMatrix/US_TradeMatrix_20062010
UNCTADstat - UNCTAD;US.TradeMatrix;Merchandise: Trade matrix - Annual (analytical);US_TradeMatrix_20112015;From 2011 to 2015;1855996657;Omitido por tamaño > 20971520 bytes;0;0;https://unctadstat-api.unctad.org/bulkdownload/US.TradeMatrix/US_TradeMatrix_20112015
UNCTADstat - UNCTAD;US.TradeMatrix;Merchandise: Trade matrix - Annual (analytical);US_TradeMatrix_20162020;From 2016 to 2020;1903921630;Omitido por tamaño > 20971520 bytes;0;0;https://unctadstat-api.unctad.org/bulkdownload/US.TradeMatrix/US_TradeMatrix_20162020
UNCTADstat - UNCTAD;US.TradeMatrix;Merchandise: Trade matrix - Annual (analytical);US_TradeMatrix_20212025;From 2021 to 2025;1969662401;Omitido por tamaño > 20971520 bytes;0;0;https://unctadstat-api.unctad.org/bulkdownload/US.TradeMatrix/US_TradeMatrix_20212025
UNCTADstat - UNCTAD;US.TermsOfTrade;Merchandise: Trade - Core indices - Annual (analytical);US_TermsOfTrade;From 2005 to 2025;304595;Procesado;168;126;https://unctadstat-api.unctad.org/bulkdownload/US.TermsOfTrade/US_TermsOfTrade
UNCTADstat - UNCTAD;US.IntraTrade;Merchandise: Intra-trade and extra-trade of country groups by product, annual (analytical);US_IntraTrade;From 1995 to 2025;64011500;Omitido por tamaño > 20971520 bytes;0;0;https://unctadstat-api.unctad.org/bulkdownload/US.IntraTrade/US_IntraTrade
UNCTADstat - UNCTAD;US.TradePriceIndices_Q;Merchandise: Trade price index – Quarterly (analytical);US_TradePriceIndices_Q;From 2005 to 2026;114018;Procesado;0;0;https://unctadstat-api.unctad.org/bulkdownload/US.TradePriceIndices_Q/US_TradePriceIndices_Q
UNCTADstat - UNCTAD;US.ConcentDiversIndices;Merchandise: Standard product concentration and diversification indices - Annual (analytical);US_ConcentDiversIndices;From 1995 to 2025;189457;Procesado;62;186;https://unctadstat-api.unctad.org/bulkdownload/US.ConcentDiversIndices/US_ConcentDiversIndices
UNCTADstat - UNCTAD;US.ConcentStructIndices;Merchandise: Market concentration and structural change indices - Annual (analytical);US_ConcentStructIndices;From 1995 to 2025;210324;Procesado;0;0;https://unctadstat-api.unctad.org/bulkdownload/US.ConcentStructIndices/US_ConcentStructIndices
UNCTADstat - UNCTAD;US.RCA;Merchandise: Revealed Comparative Advantage index - Annual (analytical);US_RCA;From 1995 to 2025;8931393;Procesado;7772;7772;https://unctadstat-api.unctad.org/bulkdownload/US.RCA/US_RCA
UNCTADstat - UNCTAD;US.Tariff;Merchandise: Import tariff rates - Annual;US_Tariff;From 2000 to 2023;1484011;Procesado;1084;2168;https://unctadstat-api.unctad.org/bulkdownload/US.Tariff/US_Tariff
UNCTADstat - UNCTAD;US.MerchTheilIndices;Merchandise: Theil concentration indices - Annual (analytical);US_MerchTheilIndices;From 1995 to 2024;353039;Procesado;180;180;https://unctadstat-api.unctad.org/bulkdownload/US.MerchTheilIndices/US_MerchTheilIndices
UNCTADstat - UNCTAD;US.GSTP_TradeMatrix;GSTP: Merchandise trade matrix - Annual (analytical);US_GSTP_TradeMatrix;From 1995 to 2025;371715547;Omitido por tamaño > 20971520 bytes;0;0;https://unctadstat-api.unctad.org/bulkdownload/US.GSTP_TradeMatrix/US_GSTP_TradeMatrix
UNCTADstat - UNCTAD;US.TotAndComServicesQuarterly;Services: Trade by main category - Quarterly;US_TotAndComServicesQuarterly;From 2005 to 2026;4997704;Procesado;1750;3610;https://unctadstat-api.unctad.org/bulkdownload/US.TotAndComServicesQuarterly/US_TotAndComServicesQuarterly
UNCTADstat - UNCTAD;US.TradeServCatTotal;Services: Trade by category - Annual;US_TradeServCatTotal;From 2005 to 2025;10102418;Procesado;2949;4793;https://unctadstat-api.unctad.org/bulkdownload/US.TradeServCatTotal/US_TradeServCatTotal
UNCTADstat - UNCTAD;US.TradeServCatByPartner;Services: Bilateral trade by category - Annual;US_TradeServCatByPartner;From 2005 to 2025;85648480;Omitido por tamaño > 20971520 bytes;0;0;https://unctadstat-api.unctad.org/bulkdownload/US.TradeServCatByPartner/US_TradeServCatByPartner
UNCTADstat - UNCTAD;US.CreativeGoodsValue;Creative goods matrix, annual (analytical);US_CreativeGoodsValue;From 2002 to 2024;335041684;Omitido por tamaño > 20971520 bytes;0;0;https://unctadstat-api.unctad.org/bulkdownload/US.CreativeGoodsValue/US_CreativeGoodsValue
UNCTADstat - UNCTAD;US.CreativeGoodsGR;Creative goods matrix, growth rates, annual (analytical);US_CreativeGoodsGR;The whole dataset;196623315;Omitido por tamaño > 20971520 bytes;0;0;https://unctadstat-api.unctad.org/bulkdownload/US.CreativeGoodsGR/US_CreativeGoodsGR
UNCTADstat - UNCTAD;US.CreativeServ_Indiv_Tot;International trade in creative services: estimates for individual economies (analytical);US_CreativeServ_Indiv_Tot;From 2010 to 2024;62133;Procesado;30;14;https://unctadstat-api.unctad.org/bulkdownload/US.CreativeServ_Indiv_Tot/US_CreativeServ_Indiv_Tot
UNCTADstat - UNCTAD;US.CreativeServ_Group_E;Creative services exports of selected groups of economies (analytical);US_CreativeServ_Group_E;From 2010 to 2024;15132;Procesado;0;0;https://unctadstat-api.unctad.org/bulkdownload/US.CreativeServ_Group_E/US_CreativeServ_Group_E
UNCTADstat - UNCTAD;US.CriticalMinerals_TradeByPart;Critical minerals: Bilateral trade by product group - Annual (analytical);US_CriticalMinerals_TradeByPart;From 2002 to 2024;544826561;Omitido por tamaño > 20971520 bytes;0;0;https://unctadstat-api.unctad.org/bulkdownload/US.CriticalMinerals_TradeByPart/US_CriticalMinerals_TradeByPart
UNCTADstat - UNCTAD;US.TradeFoodCatByProc;Trade by food category, detailed by food processing (analytical);US_TradeFoodCatByProc_19952009;From 1995 to 2009;1242404356;Omitido por tamaño > 20971520 bytes;0;0;https://unctadstat-api.unctad.org/bulkdownload/US.TradeFoodCatByProc/US_TradeFoodCatByProc_19952009
UNCTADstat - UNCTAD;US.TradeFoodCatByProc;Trade by food category, detailed by food processing (analytical);US_TradeFoodCatByProc_20102023;From 2010 to 2023;1340230133;Omitido por tamaño > 20971520 bytes;0;0;https://unctadstat-api.unctad.org/bulkdownload/US.TradeFoodCatByProc/US_TradeFoodCatByProc_20102023
UNCTADstat - UNCTAD;US.TradeFoodProcCat_Cat_RCA;Trade by food category, detailed by food processing, RCA (analytical);US_TradeFoodProcCat_Cat_RCA;From 1995 to 2023;3467211;Procesado;2589;2589;https://unctadstat-api.unctad.org/bulkdownload/US.TradeFoodProcCat_Cat_RCA/US_TradeFoodProcCat_Cat_RCA
UNCTADstat - UNCTAD;US.TradeFoodProcByCat;Trade by food processing, detailed by food category (analytical);US_TradeFoodProcByCat_19952009;From 1995 to 2009;1099284426;Omitido por tamaño > 20971520 bytes;0;0;https://unctadstat-api.unctad.org/bulkdownload/US.TradeFoodProcByCat/US_TradeFoodProcByCat_19952009
UNCTADstat - UNCTAD;US.TradeFoodProcByCat;Trade by food processing, detailed by food category (analytical);US_TradeFoodProcByCat_20102023;From 2010 to 2023;1185807554;Omitido por tamaño > 20971520 bytes;0;0;https://unctadstat-api.unctad.org/bulkdownload/US.TradeFoodProcByCat/US_TradeFoodProcByCat_20102023
UNCTADstat - UNCTAD;US.TradeFoodProcCat_Proc_RCA;Trade by food processing, detailed by food category, RCA (analytical);US_TradeFoodProcCat_Proc_RCA;From 1995 to 2023;3796561;Procesado;2845;2845;https://unctadstat-api.unctad.org/bulkdownload/US.TradeFoodProcCat_Proc_RCA/US_TradeFoodProcCat_Proc_RCA
UNCTADstat - UNCTAD;US.GDPTotal;Gross domestic product: Total and per capita - Annual;US_GDPTotal;From 1970 to 2025;425702;Procesado;56;332;https://unctadstat-api.unctad.org/bulkdownload/US.GDPTotal/US_GDPTotal
UNCTADstat - UNCTAD;US.GDPComponent;Gross domestic product: GDP by type of expenditure, VA by kind of economic activity, total and shares, annual;US_GDPComponent;From 1970 to 2024;4425120;Procesado;1045;3135;https://unctadstat-api.unctad.org/bulkdownload/US.GDPComponent/US_GDPComponent
UNCTADstat - UNCTAD;US.GNI;DISCONTINUED - Nominal GNI, total and per capita, annual;US_GNI;The whole period;145178;Procesado;51;102;https://unctadstat-api.unctad.org/bulkdownload/US.GNI/US_GNI
UNCTADstat - UNCTAD;US.GoodsAndServicesBpm6;Balance of payments: Goods and services trade - Annual;US_GoodsAndServicesBpm6;From 2005 to 2024;362860;Procesado;120;174;https://unctadstat-api.unctad.org/bulkdownload/US.GoodsAndServicesBpm6/US_GoodsAndServicesBpm6
UNCTADstat - UNCTAD;US.GoodsAndServBalanceBpm6;Balance of payments: Goods and services trade balance indicators - Annual;US_GoodsAndServBalanceBpm6;From 2005 to 2024;305732;Procesado;60;180;https://unctadstat-api.unctad.org/bulkdownload/US.GoodsAndServBalanceBpm6/US_GoodsAndServBalanceBpm6
UNCTADstat - UNCTAD;US.GoodsAndServTradeOpennessBpm6;Balance of payments: Goods and services trade openness indicators - Annual;US_GoodsAndServTradeOpennessBpm6;From 2005 to 2024;859488;Procesado;240;360;https://unctadstat-api.unctad.org/bulkdownload/US.GoodsAndServTradeOpennessBpm6/US_GoodsAndServTradeOpennessBpm6
UNCTADstat - UNCTAD;US.CurrAccBalance;Balance of payments, Current account balance, annual;US_CurrAccBalance;From 1980 to 2024;120600;Procesado;45;74;https://unctadstat-api.unctad.org/bulkdownload/US.CurrAccBalance/US_CurrAccBalance
UNCTADstat - UNCTAD;US.FdiFlowsStock;Foreign direct investment: Inward and outward flows and stock, annual;US_FdiFlowsStock;From 1990 to 2025;676265;Procesado;144;576;https://unctadstat-api.unctad.org/bulkdownload/US.FdiFlowsStock/US_FdiFlowsStock
UNCTADstat - UNCTAD;US.Remittances;Personal remittances: receipts and payments, annual;US_Remittances;From 2000 to 2024;69641;Procesado;20;40;https://unctadstat-api.unctad.org/bulkdownload/US.Remittances/US_Remittances
UNCTADstat - UNCTAD;US.PCI;Productive capacities index, annual, 2000-2024 (analytical);US_PCI;From 2000 to 2024;292674;Procesado;225;225;https://unctadstat-api.unctad.org/bulkdownload/US.PCI/US_PCI
UNCTADstat - UNCTAD;US.Cpi_A;Consumer price indices, annual (analytical);US_Cpi_A;From 1980 to 2025;81423;Procesado;46;91;https://unctadstat-api.unctad.org/bulkdownload/US.Cpi_A/US_Cpi_A
UNCTADstat - UNCTAD;US.ExchangeRateCrosstab;Exchange rates: Currency cross rates - Annual;US_ExchangeRateCrosstab;From 1970 to 2025;18056762;Procesado;26488;23205;https://unctadstat-api.unctad.org/bulkdownload/US.ExchangeRateCrosstab/US_ExchangeRateCrosstab
UNCTADstat - UNCTAD;US.UCPI_A;Commodity prices: UNCTAD Commodity Price Index - Annual;US_UCPI_A;From 1995 to 2025;4615;Procesado;0;0;https://unctadstat-api.unctad.org/bulkdownload/US.UCPI_A/US_UCPI_A
UNCTADstat - UNCTAD;US.UCPI_M;Commodity prices: UNCTAD Commodity Price Index - Monthly;US_UCPI_M;From 1995 to 2026;66860;Procesado;0;0;https://unctadstat-api.unctad.org/bulkdownload/US.UCPI_M/US_UCPI_M
UNCTADstat - UNCTAD;US.CommodityPriceIndices_A;DISCONTINUED - UNCTAD Commodity Price Index, 1995-2024, annual (2015=100);US_CommodityPriceIndices_A;From 1995 to 2025;4522;Procesado;0;0;https://unctadstat-api.unctad.org/bulkdownload/US.CommodityPriceIndices_A/US_CommodityPriceIndices_A
UNCTADstat - UNCTAD;US.CommodityPriceIndices_M;DISCONTINUED - UNCTAD Commodity Price Index, January 1995 - June 2025, monthly (2015=100);US_CommodityPriceIndices_M;From 1995 to 2025;66229;Procesado;0;0;https://unctadstat-api.unctad.org/bulkdownload/US.CommodityPriceIndices_M/US_CommodityPriceIndices_M
UNCTADstat - UNCTAD;US.CommodityPrice_A;DISCONTINUED - Commodity prices, 1995-2024, annual;US_CommodityPrice_A;From 1995 to 2025;9629;Procesado;0;0;https://unctadstat-api.unctad.org/bulkdownload/US.CommodityPrice_A/US_CommodityPrice_A
UNCTADstat - UNCTAD;US.CommodityPrice_M;DISCONTINUED - Commodity prices, January 1995 - June 2025, monthly;US_CommodityPrice_M;From 1995 to 2025;84674;Procesado;0;0;https://unctadstat-api.unctad.org/bulkdownload/US.CommodityPrice_M/US_CommodityPrice_M
UNCTADstat - UNCTAD;US.GovExpenditures;Government expenditures;US_GovExpenditures;The whole period;248075;Procesado;0;0;https://unctadstat-api.unctad.org/bulkdownload/US.GovExpenditures/US_GovExpenditures
UNCTADstat - UNCTAD;US.MerchantFleet;Merchant fleet: World fleet by flag of registration and ship type - Core indicators - Annual (analytical);US_MerchantFleet;From 1980 to 2026;938045;Procesado;273;1102;https://unctadstat-api.unctad.org/bulkdownload/US.MerchantFleet/US_MerchantFleet
UNCTADstat - UNCTAD;US.FleetBeneficialOwners;Merchant fleet: World fleet by beneficial ownership - Core indicators - Annual (analytical);US_FleetBeneficialOwners;From 2014 to 2026;412428;Procesado;299;897;https://unctadstat-api.unctad.org/bulkdownload/US.FleetBeneficialOwners/US_FleetBeneficialOwners
UNCTADstat - UNCTAD;US.VesselValueByRegistration;Merchant fleet: World fleet by flag of registration - Annual (analytical);US_VesselValueByRegistration;From 2019 to 2026;9782;Procesado;8;8;https://unctadstat-api.unctad.org/bulkdownload/US.VesselValueByRegistration/US_VesselValueByRegistration
UNCTADstat - UNCTAD;US.VesselValueByOwnership;Merchant fleet: World fleet by beneficial ownership - Annual (analytical);US_VesselValueByOwnership;From 2019 to 2026;9851;Procesado;8;8;https://unctadstat-api.unctad.org/bulkdownload/US.VesselValueByOwnership/US_VesselValueByOwnership
UNCTADstat - UNCTAD;US.ShipBuilding;Ship building: Merchant fleet built - Annual (analytical);US_ShipBuilding;From 2014 to 2025;11070;Procesado;2;4;https://unctadstat-api.unctad.org/bulkdownload/US.ShipBuilding/US_ShipBuilding
UNCTADstat - UNCTAD;US.ShipScrapping;Ship recycling: Merchant fleet recycled - Annual (analytical);US_ShipScrapping;From 2014 to 2025;8908;Procesado;5;10;https://unctadstat-api.unctad.org/bulkdownload/US.ShipScrapping/US_ShipScrapping
UNCTADstat - UNCTAD;US.SeaborneTrade;World seaborne trade by type of cargo, annual (analytical);US_SeaborneTrade;From 2000 to 2024;462110;Procesado;225;225;https://unctadstat-api.unctad.org/bulkdownload/US.SeaborneTrade/US_SeaborneTrade
UNCTADstat - UNCTAD;US.ContPortThroughput;Container port throughput, annual (analytical);US_ContPortThroughput;From 2010 to 2024;16188;Procesado;15;12;https://unctadstat-api.unctad.org/bulkdownload/US.ContPortThroughput/US_ContPortThroughput
UNCTADstat - UNCTAD;US.PortCalls;Port call and performance statistics: time spent in ports, vessel age and size, annual (analytical);US_PortCalls;From 2018 to 2023;19373;Procesado;0;0;https://unctadstat-api.unctad.org/bulkdownload/US.PortCalls/US_PortCalls
UNCTADstat - UNCTAD;US.PortCalls_S;Port call and performance statistics: time spent in ports, vessel age and size, semi-annual (analytical);US_PortCalls_S;From 2018 to 2023;36462;Procesado;0;0;https://unctadstat-api.unctad.org/bulkdownload/US.PortCalls_S/US_PortCalls_S
UNCTADstat - UNCTAD;US.PortCallsArrivals;Port call and performance statistics: number of port calls, annual (analytical);US_PortCallsArrivals;From 2018 to 2023;20304;Procesado;0;0;https://unctadstat-api.unctad.org/bulkdownload/US.PortCallsArrivals/US_PortCallsArrivals
UNCTADstat - UNCTAD;US.PortCallsArrivals_S;Port call and performance statistics: number of port calls, semi-annual (analytical);US_PortCallsArrivals_S;From 2018 to 2023;38910;Procesado;0;0;https://unctadstat-api.unctad.org/bulkdownload/US.PortCallsArrivals_S/US_PortCallsArrivals_S
UNCTADstat - UNCTAD;US.LSCI_M;Liner shipping: Connectivity index - Monthly (analytical);US_LSCI_M;From 2006 to 2026;209318;Procesado;110;249;https://unctadstat-api.unctad.org/bulkdownload/US.LSCI_M/US_LSCI_M
UNCTADstat - UNCTAD;US.LSCI;Liner shipping: Connectivity index - Quarterly (analytical);US_LSCI;From 2006 to 2026;203416;Procesado;82;323;https://unctadstat-api.unctad.org/bulkdownload/US.LSCI/US_LSCI
UNCTADstat - UNCTAD;US.LSBCI;Liner shipping: Bilateral connectivity index - Quarterly (analytical);US_LSBCI;From 2006 to 2026;3456483;Procesado;7565;7398;https://unctadstat-api.unctad.org/bulkdownload/US.LSBCI/US_LSBCI
UNCTADstat - UNCTAD;US.PLSCI;Port liner shipping connectivity index, quarterly (analytical);US_PLSCI;From 2006 to 2026;355602;Procesado;716;716;https://unctadstat-api.unctad.org/bulkdownload/US.PLSCI/US_PLSCI
UNCTADstat - UNCTAD;US.Seafarers;Seafarer supply, quinquennial, 2015 and 2021 (analytical);US_Seafarers;From 2015 to 2021;11519;Procesado;6;12;https://unctadstat-api.unctad.org/bulkdownload/US.Seafarers/US_Seafarers
UNCTADstat - UNCTAD;US.TransportCosts;Trade-and-Transport Dataset, annual, 2016 onward (analytical);US_TransportCosts_20162016;From 2016 to 2016;5808744649;Omitido por tamaño > 20971520 bytes;0;0;https://unctadstat-api.unctad.org/bulkdownload/US.TransportCosts/US_TransportCosts_20162016
UNCTADstat - UNCTAD;US.TransportCosts;Trade-and-Transport Dataset, annual, 2016 onward (analytical);US_TransportCosts_20172017;From 2017 to 2017;5505087830;Omitido por tamaño > 20971520 bytes;0;0;https://unctadstat-api.unctad.org/bulkdownload/US.TransportCosts/US_TransportCosts_20172017
UNCTADstat - UNCTAD;US.TransportCosts;Trade-and-Transport Dataset, annual, 2016 onward (analytical);US_TransportCosts_20182018;From 2018 to 2018;5587492705;Omitido por tamaño > 20971520 bytes;0;0;https://unctadstat-api.unctad.org/bulkdownload/US.TransportCosts/US_TransportCosts_20182018
UNCTADstat - UNCTAD;US.TransportCosts;Trade-and-Transport Dataset, annual, 2016 onward (analytical);US_TransportCosts_20192019;From 2019 to 2019;5666291146;Omitido por tamaño > 20971520 bytes;0;0;https://unctadstat-api.unctad.org/bulkdownload/US.TransportCosts/US_TransportCosts_20192019
UNCTADstat - UNCTAD;US.TransportCosts;Trade-and-Transport Dataset, annual, 2016 onward (analytical);US_TransportCosts_20202020;From 2020 to 2020;5621158940;Omitido por tamaño > 20971520 bytes;0;0;https://unctadstat-api.unctad.org/bulkdownload/US.TransportCosts/US_TransportCosts_20202020
UNCTADstat - UNCTAD;US.TransportCosts;Trade-and-Transport Dataset, annual, 2016 onward (analytical);US_TransportCosts_20212021;From 2021 to 2021;5819253692;Omitido por tamaño > 20971520 bytes;0;0;https://unctadstat-api.unctad.org/bulkdownload/US.TransportCosts/US_TransportCosts_20212021
UNCTADstat - UNCTAD;US.BiotradeMerch;Biotrade: Bilateral trade by product - Annual (analytical);US_BiotradeMerch_20102011;From 2010 to 2011;2156853807;Omitido por tamaño > 20971520 bytes;0;0;https://unctadstat-api.unctad.org/bulkdownload/US.BiotradeMerch/US_BiotradeMerch_20102011
UNCTADstat - UNCTAD;US.BiotradeMerch;Biotrade: Bilateral trade by product - Annual (analytical);US_BiotradeMerch_20122013;From 2012 to 2013;2081556293;Omitido por tamaño > 20971520 bytes;0;0;https://unctadstat-api.unctad.org/bulkdownload/US.BiotradeMerch/US_BiotradeMerch_20122013
UNCTADstat - UNCTAD;US.BiotradeMerch;Biotrade: Bilateral trade by product - Annual (analytical);US_BiotradeMerch_20142015;From 2014 to 2015;2085525371;Omitido por tamaño > 20971520 bytes;0;0;https://unctadstat-api.unctad.org/bulkdownload/US.BiotradeMerch/US_BiotradeMerch_20142015
UNCTADstat - UNCTAD;US.BiotradeMerch;Biotrade: Bilateral trade by product - Annual (analytical);US_BiotradeMerch_20162017;From 2016 to 2017;2083255752;Omitido por tamaño > 20971520 bytes;0;0;https://unctadstat-api.unctad.org/bulkdownload/US.BiotradeMerch/US_BiotradeMerch_20162017
UNCTADstat - UNCTAD;US.BiotradeMerch;Biotrade: Bilateral trade by product - Annual (analytical);US_BiotradeMerch_20182019;From 2018 to 2019;2046492014;Omitido por tamaño > 20971520 bytes;0;0;https://unctadstat-api.unctad.org/bulkdownload/US.BiotradeMerch/US_BiotradeMerch_20182019
UNCTADstat - UNCTAD;US.BiotradeMerch;Biotrade: Bilateral trade by product - Annual (analytical);US_BiotradeMerch_20202020;From 2020 to 2020;999390394;Omitido por tamaño > 20971520 bytes;0;0;https://unctadstat-api.unctad.org/bulkdownload/US.BiotradeMerch/US_BiotradeMerch_20202020
UNCTADstat - UNCTAD;US.BiotradeMerch;Biotrade: Bilateral trade by product - Annual (analytical);US_BiotradeMerch_20212021;From 2021 to 2021;1026527320;Omitido por tamaño > 20971520 bytes;0;0;https://unctadstat-api.unctad.org/bulkdownload/US.BiotradeMerch/US_BiotradeMerch_20212021
UNCTADstat - UNCTAD;US.BiotradeMerch;Biotrade: Bilateral trade by product - Annual (analytical);US_BiotradeMerch_20222022;From 2022 to 2022;1040823870;Omitido por tamaño > 20971520 bytes;0;0;https://unctadstat-api.unctad.org/bulkdownload/US.BiotradeMerch/US_BiotradeMerch_20222022
UNCTADstat - UNCTAD;US.BiotradeMerch;Biotrade: Bilateral trade by product - Annual (analytical);US_BiotradeMerch_20232023;From 2023 to 2023;1038282985;Omitido por tamaño > 20971520 bytes;0;0;https://unctadstat-api.unctad.org/bulkdownload/US.BiotradeMerch/US_BiotradeMerch_20232023
UNCTADstat - UNCTAD;US.BiotradeMerch;Biotrade: Bilateral trade by product - Annual (analytical);US_BiotradeMerch_20242024;From 2024 to 2024;993411533;Omitido por tamaño > 20971520 bytes;0;0;https://unctadstat-api.unctad.org/bulkdownload/US.BiotradeMerch/US_BiotradeMerch_20242024
UNCTADstat - UNCTAD;US.BiotradeMerchShare;Biotrade: Bilateral trade as percentage of total trade - Annual (analytical);US_BiotradeMerchShare;From 2010 to 2024;12702448;Procesado;6810;6710;https://unctadstat-api.unctad.org/bulkdownload/US.BiotradeMerchShare/US_BiotradeMerchShare
UNCTADstat - UNCTAD;US.BioTradeMerchGDPShare;Biotrade: Trade as percentage of Gross Domestic Product - Annual (analytical);US_BioTradeMerchGDPShare;From 2010 to 2024;21748;Procesado;4;4;https://unctadstat-api.unctad.org/bulkdownload/US.BioTradeMerchGDPShare/US_BioTradeMerchGDPShare
UNCTADstat - UNCTAD;US.BiotradeMerchRCA;DISCONTINUED - Biotrade: Revealed Comparative Advantage index - Annual (analytical);US_BiotradeMerchRCA;From 2010 to 2024;20785250;Procesado;2635;2635;https://unctadstat-api.unctad.org/bulkdownload/US.BiotradeMerchRCA/US_BiotradeMerchRCA
UNCTADstat - UNCTAD;US.BioTradeMerchProdConcent;DISCONTINUED - Biotrade: Product concentration index - Annual (analytical);US_BioTradeMerchProdConcent;From 2010 to 2024;34933;Procesado;8;8;https://unctadstat-api.unctad.org/bulkdownload/US.BioTradeMerchProdConcent/US_BioTradeMerchProdConcent
UNCTADstat - UNCTAD;US.BioTradeMerchMarketIndices;DISCONTINUED - Biotrade: Market concentration and structural change indices - Annual (analytical);US_BioTradeMerchMarketIndices;From 2010 to 2024;623798;Procesado;0;0;https://unctadstat-api.unctad.org/bulkdownload/US.BioTradeMerchMarketIndices/US_BioTradeMerchMarketIndices
UNCTADstat - UNCTAD;US.OceanTrade;Ocean goods: Bilateral trade by product group - Annual (analytical);US_OceanTrade;From 2012 to 2025;572108660;Omitido por tamaño > 20971520 bytes;0;0;https://unctadstat-api.unctad.org/bulkdownload/US.OceanTrade/US_OceanTrade
UNCTADstat - UNCTAD;US.OceanServices;Ocean services: Trade - Annual (analytical);US_OceanServices;From 2005 to 2025;422391;Procesado;178;374;https://unctadstat-api.unctad.org/bulkdownload/US.OceanServices/US_OceanServices
UNCTADstat - UNCTAD;US.NonPlasticSubstsTradeByPartner;Trade in non-plastic substitutes, annual (analytical);US_NonPlasticSubstsTradeByPartner;From 2005 to 2023;511626169;Omitido por tamaño > 20971520 bytes;0;0;https://unctadstat-api.unctad.org/bulkdownload/US.NonPlasticSubstsTradeByPartner/US_NonPlasticSubstsTradeByPartner
UNCTADstat - UNCTAD;US.PlasticsTradebyPartner;Plastics trade by partner, annual (analytical);US_PlasticsTradebyPartner;From 2005 to 2023;81455754;Omitido por tamaño > 20971520 bytes;0;0;https://unctadstat-api.unctad.org/bulkdownload/US.PlasticsTradebyPartner/US_PlasticsTradebyPartner
UNCTADstat - UNCTAD;US.AssociatedPlasticsTradebyPartner;Associated plastics trade by partner, annual (analytical);US_AssociatedPlasticsTradebyPartner;From 2005 to 2023;29490920;Omitido por tamaño > 20971520 bytes;0;0;https://unctadstat-api.unctad.org/bulkdownload/US.AssociatedPlasticsTradebyPartner/US_AssociatedPlasticsTradebyPartner
UNCTADstat - UNCTAD;US.HiddenPlasticsTradebyPartner;Spotlight on selected plastic trade trends, by partner (analytical);US_HiddenPlasticsTradebyPartner;From 2005 to 2023;49942922;Omitido por tamaño > 20971520 bytes;0;0;https://unctadstat-api.unctad.org/bulkdownload/US.HiddenPlasticsTradebyPartner/US_HiddenPlasticsTradebyPartner
UNCTADstat - UNCTAD;US.EnvironmentalGoodsTrade;Total trade in green industrial goods (analytical);US_EnvironmentalGoodsTrade;From 1995 to 2024;2673479;Procesado;439;1716;https://unctadstat-api.unctad.org/bulkdownload/US.EnvironmentalGoodsTrade/US_EnvironmentalGoodsTrade
UNCTADstat - UNCTAD;US.EnvironmentalGoodsRCA;Green industrial goods trade, Revealed comparative advantage index, annual (analytical);US_EnvironmentalGoodsRCA;From 1995 to 2024;1021401;Procesado;439;439;https://unctadstat-api.unctad.org/bulkdownload/US.EnvironmentalGoodsRCA/US_EnvironmentalGoodsRCA
UNCTADstat - UNCTAD;US.WastewaterTreatment;Industrial wastewater treatment technologies (analytical);US_WastewaterTreatment;From 1995 to 2024;241521;Procesado;37;145;https://unctadstat-api.unctad.org/bulkdownload/US.WastewaterTreatment/US_WastewaterTreatment
UNCTADstat - UNCTAD;US.IctProductionSector;ICT producing sector: Workforce involved and value added - Annual;US_IctProductionSector;From 2010 to 2024;6495;Procesado;0;0;https://unctadstat-api.unctad.org/bulkdownload/US.IctProductionSector/US_IctProductionSector
UNCTADstat - UNCTAD;US.IctGoods;ICT goods: Bilateral trade by category - Annual;US_IctGoods;From 2000 to 2024;115739203;Omitido por tamaño > 20971520 bytes;0;0;https://unctadstat-api.unctad.org/bulkdownload/US.IctGoods/US_IctGoods
UNCTADstat - UNCTAD;US.IctUseLocation;ICT use in business: Core indicators by location type - Annual;US_IctUseLocation;From 2010 to 2024;8295;Procesado;0;0;https://unctadstat-api.unctad.org/bulkdownload/US.IctUseLocation/US_IctUseLocation
UNCTADstat - UNCTAD;US.IctUseEnterprSize;ICT use in business: Core indicators by enterprise size - Annual;US_IctUseEnterprSize;From 2010 to 2025;222567;Procesado;0;0;https://unctadstat-api.unctad.org/bulkdownload/US.IctUseEnterprSize/US_IctUseEnterprSize
UNCTADstat - UNCTAD;US.IctUseEconActivity_Isic4;ICT use in business: Core indicators by economic activity (ISIC Rev. 4) - Annual;US_IctUseEconActivity_Isic4;From 2010 to 2025;663946;Procesado;0;0;https://unctadstat-api.unctad.org/bulkdownload/US.IctUseEconActivity_Isic4/US_IctUseEconActivity_Isic4
UNCTADstat - UNCTAD;US.IctUseEconActivity;ICT use in business: Core indicators by economic activity (ISIC Rev. 3.1) - Annual;US_IctUseEconActivity;From 2010 to 2021;83239;Procesado;0;0;https://unctadstat-api.unctad.org/bulkdownload/US.IctUseEconActivity/US_IctUseEconActivity
UNCTADstat - UNCTAD;US.DigitallyDeliverableServices;Digitally deliverable services: Trade – Annual (analytical);US_DigitallyDeliverableServices;From 2010 to 2024;1525091;Procesado;420;577;https://unctadstat-api.unctad.org/bulkdownload/US.DigitallyDeliverableServices/US_DigitallyDeliverableServices
UNCTADstat - UNCTAD;US.TradeServICT;ICT services: Trade – Annual;US_TradeServICT;From 2005 to 2024;141178;Procesado;40;94;https://unctadstat-api.unctad.org/bulkdownload/US.TradeServICT/US_TradeServICT
UNCTADstat - UNCTAD;US.ECommerceTotal;E-commerce: Domestic and international sales - Annual (analytical);US_ECommerceTotal;From 2012 to 2025;906006;Procesado;0;0;https://unctadstat-api.unctad.org/bulkdownload/US.ECommerceTotal/US_ECommerceTotal
UNCTADstat - UNCTAD;US.ECommerceInternational;E-commerce: International digitally ordered trade, bilateral – Annual (analytical);US_ECommerceInternational;From 2015 to 2024;139183;Procesado;0;0;https://unctadstat-api.unctad.org/bulkdownload/US.ECommerceInternational/US_ECommerceInternational
UNCTADstat - UNCTAD;US.FTRI;Frontier technology readiness index, annual (analytical);US_FTRI;From 2010 to 2023;62747;Procesado;84;84;https://unctadstat-api.unctad.org/bulkdownload/US.FTRI/US_FTRI
UNCTADstat - UNCTAD;US.PopTotal;Population: Total - Annual;US_PopTotal;From 1950 to 2050;374021;Procesado;101;302;https://unctadstat-api.unctad.org/bulkdownload/US.PopTotal/US_PopTotal
UNCTADstat - UNCTAD;US.PopAgeStruct;Population: Structure by gender and age group - Annual;US_PopAgeStruct;From 1950 to 2050;12550832;Procesado;6666;6666;https://unctadstat-api.unctad.org/bulkdownload/US.PopAgeStruct/US_PopAgeStruct
UNCTADstat - UNCTAD;US.PopDependency;Population: Dependency ratios - Annual;US_PopDependency;From 1950 to 2050;494161;Procesado;303;303;https://unctadstat-api.unctad.org/bulkdownload/US.PopDependency/US_PopDependency
UNCTADstat - UNCTAD;US.InclusiveGrowth;Inclusive Growth Index (IGI) (analytical);US_InclusiveGrowth;From 2023 to 2023;4221;Procesado;0;0;https://unctadstat-api.unctad.org/bulkdownload/US.InclusiveGrowth/US_InclusiveGrowth
UNCTADstat - UNCTAD;US.Gender_DomesticValueAdded;Domestic value added content in gross exports by sex and broad sector (analytical);US_Gender_DomesticValueAdded;From 2000 to 2020;97680;Procesado;0;0;https://unctadstat-api.unctad.org/bulkdownload/US.Gender_DomesticValueAdded/US_Gender_DomesticValueAdded
UNCTADstat - UNCTAD;US.Gender_TradableIndustries;Employment and average monthly earnings in tradable and non-tradable industries (analytical);US_Gender_TradableIndustries;From 2000 to 2023;176441;Procesado;40;80;https://unctadstat-api.unctad.org/bulkdownload/US.Gender_TradableIndustries/US_Gender_TradableIndustries
UNCTADstat - UNCTAD;US.SDG_LULFRG;Indicator 9.1.2: Freight loaded and unloaded, maritime transport (metric tons) [IS_RDP_LULFRG];US_SDG_LULFRG;From 2000 to 2024;46857;Procesado;25;25;https://unctadstat-api.unctad.org/bulkdownload/US.SDG_LULFRG/US_SDG_LULFRG
UNCTADstat - UNCTAD;US.SDG_PORFVOL;Indicator 9.1.2: Container port traffic, maritime transport (twenty-foot equivalent units – TEUs) [IS_RDP_PORFVOL];US_SDG_PORFVOL;From 2010 to 2024;15386;Procesado;15;12;https://unctadstat-api.unctad.org/bulkdownload/US.SDG_PORFVOL/US_SDG_PORFVOL
UNCTADstat - UNCTAD;US.IFF_TradeMisinvoicing;Indicator 16.4.1: Trade misinvoicing illicit financial flows - Annual;US_IFF_TradeMisinvoicing;From 2011 to 2024;3342;Procesado;0;0;https://unctadstat-api.unctad.org/bulkdownload/US.IFF_TradeMisinvoicing/US_IFF_TradeMisinvoicing
UNCTADstat - UNCTAD;US.IFF_CrimesRelated;Indicator 16.4.1: Crime-related illicit financial flows - Annual;US_IFF_CrimesRelated;From 2015 to 2025;2046;Procesado;0;0;https://unctadstat-api.unctad.org/bulkdownload/US.IFF_CrimesRelated/US_IFF_CrimesRelated
