Fuente;País;Reporte UNCTAD;ID reporte;Título reporte;Categoría;Ruta temática;Palabras clave;Última actualización reporte;Número de archivos bulk;Archivos procesados;Archivos omitidos por tamaño;Tamaño bulk total bytes;Número de registros;Primer periodo;Último periodo;Estado descarga;Error descarga;Archivo valores CSV.GZ;Archivo catálogo JSON;Archivo catálogo Excel;URL fuente
UNCTADstat - UNCTAD;Venezuela (Bolivarian Rep. of);US.DigitallyDeliverableServices;2631;Digitally deliverable services: Trade - Annual (analytical);Information economy;Digital economy and technology > Digital economy;digital, digitally, deliverable, information, communication, technology, services, exports, imports, trade;2026-09-29T13:47:00;1;1;0;1410808;790;2010;2025;Con valores para Venezuela;;assets/data/unctad/csv/ove_unctadstat_venezuela_valores.csv.gz;assets/data/unctad/catalog/unctad-catalog.json;assets/data/unctad/catalog/catalogo_dataset_web_ove_unctadstat.xlsx;https://unctadstat.unctad.org/datacentre/
UNCTADstat - UNCTAD;Venezuela (Bolivarian Rep. of);US.TradeServICT;2636;ICT services: Trade - Annual;Information economy;Digital economy and technology > Digital economy;"ICT, information, communication, technology, services, exports, imports, trade;";2026-09-29T13:43:00;1;1;0;146069;94;2005;2020;Con valores para Venezuela;;assets/data/unctad/csv/ove_unctadstat_venezuela_valores.csv.gz;assets/data/unctad/catalog/unctad-catalog.json;assets/data/unctad/catalog/catalogo_dataset_web_ove_unctadstat.xlsx;https://unctadstat.unctad.org/datacentre/
UNCTADstat - UNCTAD;Venezuela (Bolivarian Rep. of);US.FTRI;1861;Technology: Frontier technology readiness index - Annual (analytical);Technology and innovation;Digital economy and technology > Technology and innovation;ICT, skills, information, communication, industry, technology;2025-07-18T16:34:00;1;1;0;62747;84;2010;2023;Con valores para Venezuela;;assets/data/unctad/csv/ove_unctadstat_venezuela_valores.csv.gz;assets/data/unctad/catalog/unctad-catalog.json;assets/data/unctad/catalog/catalogo_dataset_web_ove_unctadstat.xlsx;https://unctadstat.unctad.org/datacentre/
UNCTADstat - UNCTAD;Venezuela (Bolivarian Rep. of);US.ExchangeRateCrosstab;2362;Exchange rates: Currency cross rates - Annual;Economic trends;Economy, investment and finance > Inflation and exchange rates;exchange, rate, currency;2026-05-29T14:04:00;1;1;0;18056762;23205;1970;2024;Con valores para Venezuela;;assets/data/unctad/csv/ove_unctadstat_venezuela_valores.csv.gz;assets/data/unctad/catalog/unctad-catalog.json;assets/data/unctad/catalog/catalogo_dataset_web_ove_unctadstat.xlsx;https://unctadstat.unctad.org/datacentre/
UNCTADstat - UNCTAD;Venezuela (Bolivarian Rep. of);US.Cpi_A;2553;Inflation: Consumer price index - Annual;Economic trends;Economy, investment and finance > Inflation and exchange rates;Consumer Price Indices, CPI;2026-08-28T08:04:00;1;1;0;81423;91;1980;2025;Con valores para Venezuela;;assets/data/unctad/csv/ove_unctadstat_venezuela_valores.csv.gz;assets/data/unctad/catalog/unctad-catalog.json;assets/data/unctad/catalog/catalogo_dataset_web_ove_unctadstat.xlsx;https://unctadstat.unctad.org/datacentre/
UNCTADstat - UNCTAD;Venezuela (Bolivarian Rep. of);US.CurrAccBalance;2620;Balance of payments: Current account balance - Annual;Economic trends;Economy, investment and finance > Investment and balance of payments;Balance of payments, current account balance;2026-09-24T07:08:00;1;1;0;125296;92;1980;2025;Con valores para Venezuela;;assets/data/unctad/csv/ove_unctadstat_venezuela_valores.csv.gz;assets/data/unctad/catalog/unctad-catalog.json;assets/data/unctad/catalog/catalogo_dataset_web_ove_unctadstat.xlsx;https://unctadstat.unctad.org/datacentre/
UNCTADstat - UNCTAD;Venezuela (Bolivarian Rep. of);US.GoodsAndServicesBpm6;2575;Balance of payments: Goods and services trade - Annual;International trade in goods and services;Economy, investment and finance > Investment and balance of payments;trade, goods, services;2026-09-01T06:44:00;1;1;0;380006;174;2005;2021;Con valores para Venezuela;;assets/data/unctad/csv/ove_unctadstat_venezuela_valores.csv.gz;assets/data/unctad/catalog/unctad-catalog.json;assets/data/unctad/catalog/catalogo_dataset_web_ove_unctadstat.xlsx;https://unctadstat.unctad.org/datacentre/
UNCTADstat - UNCTAD;Venezuela (Bolivarian Rep. of);US.GoodsAndServBalanceBpm6;2576;Balance of payments: Goods and services trade balance indicators - Annual;International trade in goods and services;Economy, investment and finance > Investment and balance of payments;Trade, indicators, balances;2026-09-01T06:44:00;1;1;0;321969;180;2005;2021;Con valores para Venezuela;;assets/data/unctad/csv/ove_unctadstat_venezuela_valores.csv.gz;assets/data/unctad/catalog/unctad-catalog.json;assets/data/unctad/catalog/catalogo_dataset_web_ove_unctadstat.xlsx;https://unctadstat.unctad.org/datacentre/
UNCTADstat - UNCTAD;Venezuela (Bolivarian Rep. of);US.GoodsAndServTradeOpennessBpm6;2574;Balance of payments: Goods and services trade openness indicators - Annual;International trade in goods and services;Economy, investment and finance > Investment and balance of payments;Trade, Indicators, Exports, Imports;2026-09-01T06:44:00;1;1;0;903326;360;2005;2021;Con valores para Venezuela;;assets/data/unctad/csv/ove_unctadstat_venezuela_valores.csv.gz;assets/data/unctad/catalog/unctad-catalog.json;assets/data/unctad/catalog/catalogo_dataset_web_ove_unctadstat.xlsx;https://unctadstat.unctad.org/datacentre/
UNCTADstat - UNCTAD;Venezuela (Bolivarian Rep. of);US.Remittances;1994;Balance of payments: Personal remittances - Annual ;External financial resources;Economy, investment and finance > Investment and balance of payments;remittances, transfers, personal, compensation, employees, payments, receipts;2025-11-05T13:07:00;1;1;0;69641;40;2005;2024;Con valores para Venezuela;;assets/data/unctad/csv/ove_unctadstat_venezuela_valores.csv.gz;assets/data/unctad/catalog/unctad-catalog.json;assets/data/unctad/catalog/catalogo_dataset_web_ove_unctadstat.xlsx;https://unctadstat.unctad.org/datacentre/
UNCTADstat - UNCTAD;Venezuela (Bolivarian Rep. of);US.FdiFlowsStock;2559;Investment: Foreign direct investment - Annual;Foreign direct investment;Economy, investment and finance > Investment and balance of payments;foreign, direct, investment, flow, stock, inward, outward, FDI;2026-08-17T12:15:00;1;1;0;676265;576;1990;2025;Con valores para Venezuela;;assets/data/unctad/csv/ove_unctadstat_venezuela_valores.csv.gz;assets/data/unctad/catalog/unctad-catalog.json;assets/data/unctad/catalog/catalogo_dataset_web_ove_unctadstat.xlsx;https://unctadstat.unctad.org/datacentre/
UNCTADstat - UNCTAD;Venezuela (Bolivarian Rep. of);US.GNI;543;DISCONTINUED - Nominal GNI, total and per capita, annual;Economic trends;Economy, investment and finance > National accounts;GNI, per capita, nominal;2023-07-18T16:51:00;1;1;0;145178;102;1970;2020;Con valores para Venezuela;;assets/data/unctad/csv/ove_unctadstat_venezuela_valores.csv.gz;assets/data/unctad/catalog/unctad-catalog.json;assets/data/unctad/catalog/catalogo_dataset_web_ove_unctadstat.xlsx;https://unctadstat.unctad.org/datacentre/
UNCTADstat - UNCTAD;Venezuela (Bolivarian Rep. of);US.GDPComponent;2174;Gross domestic product: By expenditure and by sector - Annual;Economic trends;Economy, investment and finance > National accounts;GDP, breakdown, expenditure, economic activity;2026-03-06T15:28:00;1;1;0;4425120;3135;1970;2024;Con valores para Venezuela;;assets/data/unctad/csv/ove_unctadstat_venezuela_valores.csv.gz;assets/data/unctad/catalog/unctad-catalog.json;assets/data/unctad/catalog/catalogo_dataset_web_ove_unctadstat.xlsx;https://unctadstat.unctad.org/datacentre/
UNCTADstat - UNCTAD;Venezuela (Bolivarian Rep. of);US.GDPTotal;2471;Gross domestic product: Total and per capita - Annual;Economic trends;Economy, investment and finance > National accounts;Total GDP, per capita, nominal, real;2026-06-26T12:34:00;1;1;0;425702;332;1970;2025;Con valores para Venezuela;;assets/data/unctad/csv/ove_unctadstat_venezuela_valores.csv.gz;assets/data/unctad/catalog/unctad-catalog.json;assets/data/unctad/catalog/catalogo_dataset_web_ove_unctadstat.xlsx;https://unctadstat.unctad.org/datacentre/
UNCTADstat - UNCTAD;Venezuela (Bolivarian Rep. of);US.PCI;2005;Structural transformation: Productive Capacities Index - Annual (analytical);Multi theme statistics;Economy, investment and finance > Productive capacities;Productive capacities index, PCI, structural transformation, natural capital, human capital, energy, transport, ICT, institutions, structural change, private sector;2025-10-31T14:19:00;1;1;0;292674;225;2000;2024;Con valores para Venezuela;;assets/data/unctad/csv/ove_unctadstat_venezuela_valores.csv.gz;assets/data/unctad/catalog/unctad-catalog.json;assets/data/unctad/catalog/catalogo_dataset_web_ove_unctadstat.xlsx;https://unctadstat.unctad.org/datacentre/
UNCTADstat - UNCTAD;Venezuela (Bolivarian Rep. of);US.BiotradeMerchShare;2516;Biotrade: Bilateral trade as percentage of total trade - Annual (analytical);International trade in goods and services;Environment and related trade > Trade in biodiversity-based products;Export, import, value, share, merchandise, trade, biotrade, biodiversity;2026-07-20T06:30:00;1;1;0;12702448;6710;2010;2024;Con valores para Venezuela;;assets/data/unctad/csv/ove_unctadstat_venezuela_valores.csv.gz;assets/data/unctad/catalog/unctad-catalog.json;assets/data/unctad/catalog/catalogo_dataset_web_ove_unctadstat.xlsx;https://unctadstat.unctad.org/datacentre/
UNCTADstat - UNCTAD;Venezuela (Bolivarian Rep. of);US.BioTradeMerchGDPShare;2513;Biotrade: Trade as percentage of Gross Domestic Product - Annual (analytical);International trade in goods and services;Environment and related trade > Trade in biodiversity-based products;Export, import, share, GDP, merchandise, trade, biotrade, biodiversity;2026-07-20T06:30:00;1;1;0;21748;4;2010;2013;Con valores para Venezuela;;assets/data/unctad/csv/ove_unctadstat_venezuela_valores.csv.gz;assets/data/unctad/catalog/unctad-catalog.json;assets/data/unctad/catalog/catalogo_dataset_web_ove_unctadstat.xlsx;https://unctadstat.unctad.org/datacentre/
UNCTADstat - UNCTAD;Venezuela (Bolivarian Rep. of);US.BioTradeMerchProdConcent;2120;DISCONTINUED - Biotrade: Product concentration index - Annual (analytical);International trade in goods and services;Environment and related trade > Trade in biodiversity-based products;Export, import, merchandise, trade, product concentration, biotrade, biodiversity;2025-11-28T16:02:00;1;1;0;34933;8;2010;2013;Con valores para Venezuela;;assets/data/unctad/csv/ove_unctadstat_venezuela_valores.csv.gz;assets/data/unctad/catalog/unctad-catalog.json;assets/data/unctad/catalog/catalogo_dataset_web_ove_unctadstat.xlsx;https://unctadstat.unctad.org/datacentre/
UNCTADstat - UNCTAD;Venezuela (Bolivarian Rep. of);US.BiotradeMerchRCA;2121;DISCONTINUED - Biotrade: Revealed Comparative Advantage index - Annual (analytical);Merchandise biotrade;Environment and related trade > Trade in biodiversity-based products;Export, import, merchandise, trade, Revealed Comparative Advantage, RCA, biotrade, biodiversity;2025-11-28T16:02:00;1;1;0;20785250;2635;2010;2013;Con valores para Venezuela;;assets/data/unctad/csv/ove_unctadstat_venezuela_valores.csv.gz;assets/data/unctad/catalog/unctad-catalog.json;assets/data/unctad/catalog/catalogo_dataset_web_ove_unctadstat.xlsx;https://unctadstat.unctad.org/datacentre/
UNCTADstat - UNCTAD;Venezuela (Bolivarian Rep. of);US.EnvironmentalGoodsRCA;2445;Green industrial goods: Revealed comparative advantage index - Annual (analytical);Environment and related trade;Environment and related trade > Trade in green industrial goods;Export, merchandise, goods, environment, green sector, trade, Revealed Comparative Advantage, RCA, environmental goods, green goods;2026-06-12T13:45:00;1;1;0;1021401;439;1995;2013;Con valores para Venezuela;;assets/data/unctad/csv/ove_unctadstat_venezuela_valores.csv.gz;assets/data/unctad/catalog/unctad-catalog.json;assets/data/unctad/catalog/catalogo_dataset_web_ove_unctadstat.xlsx;https://unctadstat.unctad.org/datacentre/
UNCTADstat - UNCTAD;Venezuela (Bolivarian Rep. of);US.EnvironmentalGoodsTrade;2446;Green industrial goods: Trade - Annual (Analytical);Environment and related trade;Environment and related trade > Trade in green industrial goods;Trade, exports, imports, green goods, sector, HS, products, industrial;2026-06-12T13:45:00;1;1;0;2673479;1716;1995;2013;Con valores para Venezuela;;assets/data/unctad/csv/ove_unctadstat_venezuela_valores.csv.gz;assets/data/unctad/catalog/unctad-catalog.json;assets/data/unctad/catalog/catalogo_dataset_web_ove_unctadstat.xlsx;https://unctadstat.unctad.org/datacentre/
UNCTADstat - UNCTAD;Venezuela (Bolivarian Rep. of);US.WastewaterTreatment;2447;Industrial wastewater treatment: Trade of associated products - Annul (ananlytical);Environment and related trade;Environment and related trade > Trade in green industrial goods;Trade, exports, imports, industrial wastewater, wastewater treatment, water treatment technologies, wastewater recovery, HS codes, products;2026-06-12T13:45:00;1;1;0;241521;145;1995;2013;Con valores para Venezuela;;assets/data/unctad/csv/ove_unctadstat_venezuela_valores.csv.gz;assets/data/unctad/catalog/unctad-catalog.json;assets/data/unctad/catalog/catalogo_dataset_web_ove_unctadstat.xlsx;https://unctadstat.unctad.org/datacentre/
UNCTADstat - UNCTAD;Venezuela (Bolivarian Rep. of);US.OceanServices;2609;Ocean services: Trade - Annual (analytical);International trade in goods and services;Environment and related trade > Trade in ocean goods and services;Ocean, oceans, services, international, trade, growth, sectors, maritime, sea;2026-09-18T14:15:00;1;1;0;403520;348;2005;2025;Con valores para Venezuela;;assets/data/unctad/csv/ove_unctadstat_venezuela_valores.csv.gz;assets/data/unctad/catalog/unctad-catalog.json;assets/data/unctad/catalog/catalogo_dataset_web_ove_unctadstat.xlsx;https://unctadstat.unctad.org/datacentre/
UNCTADstat - UNCTAD;Venezuela (Bolivarian Rep. of);US.TradeFoodProcCat_Cat_RCA;1674;Food categories: Revealed comparative advantage index by processing level - Annual (analytical);International trade in goods;International trade > Food trade by processing level;Food processing, food category, trade, revealed comparative advantage;2025-03-20T12:39:00;1;1;0;3467211;2589;1995;2013;Con valores para Venezuela;;assets/data/unctad/csv/ove_unctadstat_venezuela_valores.csv.gz;assets/data/unctad/catalog/unctad-catalog.json;assets/data/unctad/catalog/catalogo_dataset_web_ove_unctadstat.xlsx;https://unctadstat.unctad.org/datacentre/
UNCTADstat - UNCTAD;Venezuela (Bolivarian Rep. of);US.TradeFoodProcCat_Proc_RCA;1675;Food processing: Revealed comparative advantage index by food category - Annual (analytical);International trade in goods;International trade > Food trade by processing level;Food processing, food category, trade, revealed comparative advantage;2025-03-20T12:39:00;1;1;0;3796561;2845;1995;2013;Con valores para Venezuela;;assets/data/unctad/csv/ove_unctadstat_venezuela_valores.csv.gz;assets/data/unctad/catalog/unctad-catalog.json;assets/data/unctad/catalog/catalogo_dataset_web_ove_unctadstat.xlsx;https://unctadstat.unctad.org/datacentre/
UNCTADstat - UNCTAD;Venezuela (Bolivarian Rep. of);US.CreativeServ_Indiv_Tot;2073;Creative services: Trade - Annual (analytical);Creative economy;International trade > Trade in creative goods and services;Creative, services, trade, international, economy;2026-04-02T15:05:00;1;1;0;62133;14;2010;2014;Con valores para Venezuela;;assets/data/unctad/csv/ove_unctadstat_venezuela_valores.csv.gz;assets/data/unctad/catalog/unctad-catalog.json;assets/data/unctad/catalog/catalogo_dataset_web_ove_unctadstat.xlsx;https://unctadstat.unctad.org/datacentre/
UNCTADstat - UNCTAD;Venezuela (Bolivarian Rep. of);US.Tariff;2587;Merchandise: Import tariff rates - Annual;International trade in goods and services;International trade > Trade in merchandise;Tariff, duty, rate;2026-09-28T11:02:00;1;1;0;521218;460;2019;2023;Con valores para Venezuela;;assets/data/unctad/csv/ove_unctadstat_venezuela_valores.csv.gz;assets/data/unctad/catalog/unctad-catalog.json;assets/data/unctad/catalog/catalogo_dataset_web_ove_unctadstat.xlsx;https://unctadstat.unctad.org/datacentre/
UNCTADstat - UNCTAD;Venezuela (Bolivarian Rep. of);US.RCA;2589;Merchandise: Revealed comparative advantage index - Annual (analytical);Trade indicators;International trade > Trade in merchandise;Revealed comparative advantage index;2026-06-30T07:17:00;1;1;0;8931393;7772;1995;2025;Con valores para Venezuela;;assets/data/unctad/csv/ove_unctadstat_venezuela_valores.csv.gz;assets/data/unctad/catalog/unctad-catalog.json;assets/data/unctad/catalog/catalogo_dataset_web_ove_unctadstat.xlsx;https://unctadstat.unctad.org/datacentre/
UNCTADstat - UNCTAD;Venezuela (Bolivarian Rep. of);US.ConcentDiversIndices;2464;Merchandise: Standard product concentration and diversification indices - Annual (analytical);International trade in goods and services;International trade > Trade in merchandise;Concentration index, diversification index, number of commodities;2026-07-09T11:36:00;1;1;0;189457;186;1995;2025;Con valores para Venezuela;;assets/data/unctad/csv/ove_unctadstat_venezuela_valores.csv.gz;assets/data/unctad/catalog/unctad-catalog.json;assets/data/unctad/catalog/catalogo_dataset_web_ove_unctadstat.xlsx;https://unctadstat.unctad.org/datacentre/
UNCTADstat - UNCTAD;Venezuela (Bolivarian Rep. of);US.MerchTheilIndices;2003;Merchandise: Theil indices of product and market concentration - Annual (analytical);International merchandise trade;International trade > Trade in merchandise;Theil indices, concentration indices, product concentration, market concentration, LDCs;2025-12-03T09:00:00;1;1;0;353039;180;1995;2024;Con valores para Venezuela;;assets/data/unctad/csv/ove_unctadstat_venezuela_valores.csv.gz;assets/data/unctad/catalog/unctad-catalog.json;assets/data/unctad/catalog/catalogo_dataset_web_ove_unctadstat.xlsx;https://unctadstat.unctad.org/datacentre/
UNCTADstat - UNCTAD;Venezuela (Bolivarian Rep. of);US.TradeMerchTotal;2650;Merchandise: Trade - Annual;International trade in goods and services;International trade > Trade in merchandise;Export,import,value,share,merchandise,trade;2026-10-08T12:58:00;1;1;0;579937;466;1948;2025;Con valores para Venezuela;;assets/data/unctad/csv/ove_unctadstat_venezuela_valores.csv.gz;assets/data/unctad/catalog/unctad-catalog.json;assets/data/unctad/catalog/catalogo_dataset_web_ove_unctadstat.xlsx;https://unctadstat.unctad.org/datacentre/
UNCTADstat - UNCTAD;Venezuela (Bolivarian Rep. of);US.TradeMerchBalance;2649;Merchandise: Trade balance - Annual;International trade in goods and services;International trade > Trade in merchandise;Export, import, value, share, balance, merchandise, trade;2026-10-08T12:58:00;1;1;0;239425;156;1948;2025;Con valores para Venezuela;;assets/data/unctad/csv/ove_unctadstat_venezuela_valores.csv.gz;assets/data/unctad/catalog/unctad-catalog.json;assets/data/unctad/catalog/catalogo_dataset_web_ove_unctadstat.xlsx;https://unctadstat.unctad.org/datacentre/
UNCTADstat - UNCTAD;Venezuela (Bolivarian Rep. of);US.TermsOfTrade;2512;Merchandise: Trade indicators - Annual (analytical);International trade in goods and services;International trade > Trade in merchandise;Trade, indices, value, volume, unit value, terms of trade, purchasing power of exports;2026-07-20T11:13:00;1;1;0;304595;126;2005;2025;Con valores para Venezuela;;assets/data/unctad/csv/ove_unctadstat_venezuela_valores.csv.gz;assets/data/unctad/catalog/unctad-catalog.json;assets/data/unctad/catalog/catalogo_dataset_web_ove_unctadstat.xlsx;https://unctadstat.unctad.org/datacentre/
UNCTADstat - UNCTAD;Venezuela (Bolivarian Rep. of);US.MerchVolumeQuarterly;2612;Merchandise: Trade volume - Growth rates - Quarterly (analytical);International trade in goods and services;International trade > Trade in merchandise;International, merchandise, trade, trend, volume, growth, indices;2026-10-08T12:58:00;1;1;0;644857;848;2005Q01;2026Q02;Con valores para Venezuela;;assets/data/unctad/csv/ove_unctadstat_venezuela_valores.csv.gz;assets/data/unctad/catalog/unctad-catalog.json;assets/data/unctad/catalog/catalogo_dataset_web_ove_unctadstat.xlsx;https://unctadstat.unctad.org/datacentre/
UNCTADstat - UNCTAD;Venezuela (Bolivarian Rep. of);US.TradeServCatTotal;2544;Services: Trade by category - Annual;International trade in goods and services;International trade > Trade in services;services, exports, imports, trade, transport, travel, sector, category;2026-07-23T11:34:00;1;1;0;10102418;4793;2005;2021;Con valores para Venezuela;;assets/data/unctad/csv/ove_unctadstat_venezuela_valores.csv.gz;assets/data/unctad/catalog/unctad-catalog.json;assets/data/unctad/catalog/catalogo_dataset_web_ove_unctadstat.xlsx;https://unctadstat.unctad.org/datacentre/
UNCTADstat - UNCTAD;Venezuela (Bolivarian Rep. of);US.TotAndComServicesQuarterly;2541;Services: Trade by main category - Quarterly;International trade in goods and services;International trade > Trade in services;Services, exports, imports, seasonal, adjustment, trade, transport, travel, quarterly, growth, BPM6;2026-07-23T09:54:00;1;1;0;4997704;3610;2005Q01;2018Q02;Con valores para Venezuela;;assets/data/unctad/csv/ove_unctadstat_venezuela_valores.csv.gz;assets/data/unctad/catalog/unctad-catalog.json;assets/data/unctad/catalog/catalogo_dataset_web_ove_unctadstat.xlsx;https://unctadstat.unctad.org/datacentre/
UNCTADstat - UNCTAD;Venezuela (Bolivarian Rep. of);US.ContPortThroughput;2263;Freight: Container port throughput - Annual (analytical);Maritime transport;Maritime and other transport > Freight volumes by sea;ship, maritime, transport, container, port, throughput, TEU;2026-04-15T15:06:00;1;1;0;16188;12;2010;2021;Con valores para Venezuela;;assets/data/unctad/csv/ove_unctadstat_venezuela_valores.csv.gz;assets/data/unctad/catalog/unctad-catalog.json;assets/data/unctad/catalog/catalogo_dataset_web_ove_unctadstat.xlsx;https://unctadstat.unctad.org/datacentre/
UNCTADstat - UNCTAD;Venezuela (Bolivarian Rep. of);US.SeaborneTrade;2231;Freight: Seaborne trade by cargo type - Annual (analytical);Maritime transport;Maritime and other transport > Freight volumes by sea;seaborne, international, maritime, trade, cargo, volume;2026-03-17T15:55:00;1;1;0;462110;225;2000;2024;Con valores para Venezuela;;assets/data/unctad/csv/ove_unctadstat_venezuela_valores.csv.gz;assets/data/unctad/catalog/unctad-catalog.json;assets/data/unctad/catalog/catalogo_dataset_web_ove_unctadstat.xlsx;https://unctadstat.unctad.org/datacentre/
UNCTADstat - UNCTAD;Venezuela (Bolivarian Rep. of);US.LSBCI;2474;Liner shipping: Bilateral connectivity index - Quarterly (analytical);Maritime transport;Maritime and other transport > Maritime connectivity;Fleet, merchant, transport, maritime, ship, ports, connectivity, connections, index;2026-06-26T14:38:00;1;1;0;3456483;7398;2006Q01;2026Q01;Con valores para Venezuela;;assets/data/unctad/csv/ove_unctadstat_venezuela_valores.csv.gz;assets/data/unctad/catalog/unctad-catalog.json;assets/data/unctad/catalog/catalogo_dataset_web_ove_unctadstat.xlsx;https://unctadstat.unctad.org/datacentre/
UNCTADstat - UNCTAD;Venezuela (Bolivarian Rep. of);US.LSCI_M;2595;Liner shipping: Connectivity index - Monthly (analytical);Maritime transport;Maritime and other transport > Maritime connectivity;maritime, transport, connectivity, ports, index;2026-09-28T11:09:00;1;1;0;215059;258;2006M02;2026M09;Con valores para Venezuela;;assets/data/unctad/csv/ove_unctadstat_venezuela_valores.csv.gz;assets/data/unctad/catalog/unctad-catalog.json;assets/data/unctad/catalog/catalogo_dataset_web_ove_unctadstat.xlsx;https://unctadstat.unctad.org/datacentre/
UNCTADstat - UNCTAD;Venezuela (Bolivarian Rep. of);US.LSCI;2594;Liner shipping: Connectivity index - Quarterly (analytical);Maritime transport;Maritime and other transport > Maritime connectivity;maritime, transport, connectivity, ports, index;2026-09-28T11:09:00;1;1;0;205865;327;2006Q01;2026Q03;Con valores para Venezuela;;assets/data/unctad/csv/ove_unctadstat_venezuela_valores.csv.gz;assets/data/unctad/catalog/unctad-catalog.json;assets/data/unctad/catalog/catalogo_dataset_web_ove_unctadstat.xlsx;https://unctadstat.unctad.org/datacentre/
UNCTADstat - UNCTAD;Venezuela (Bolivarian Rep. of);US.PLSCI;2584;Liner shipping: Port connectivity index - Quarterly (analytical);Maritime transport;Maritime and other transport > Maritime connectivity;maritime, transport, connectivity, ports, index;2026-09-28T11:09:00;1;1;0;359436;722;2006Q01;2026Q03;Con valores para Venezuela;;assets/data/unctad/csv/ove_unctadstat_venezuela_valores.csv.gz;assets/data/unctad/catalog/unctad-catalog.json;assets/data/unctad/catalog/catalogo_dataset_web_ove_unctadstat.xlsx;https://unctadstat.unctad.org/datacentre/
UNCTADstat - UNCTAD;Venezuela (Bolivarian Rep. of);US.FleetBeneficialOwners;2337;Merchant fleet: By beneficial ownership - Annual (analytical);Maritime transport;Maritime and other transport > Merchant fleet;beneficial, owner, flag, merchant, fleet, maritime, transport;2026-06-18T13:52:00;1;1;0;412428;897;2014;2026;Con valores para Venezuela;;assets/data/unctad/csv/ove_unctadstat_venezuela_valores.csv.gz;assets/data/unctad/catalog/unctad-catalog.json;assets/data/unctad/catalog/catalogo_dataset_web_ove_unctadstat.xlsx;https://unctadstat.unctad.org/datacentre/
UNCTADstat - UNCTAD;Venezuela (Bolivarian Rep. of);US.MerchantFleet;2353;Merchant fleet: By flag of registration and ship type - Annual (analytical);Maritime transport;Maritime and other transport > Merchant fleet;merchant, fleet, maritime, transport, container, tanker, bulk, cargo, ship;2026-06-18T13:50:00;1;1;0;938045;1102;1980;2026;Con valores para Venezuela;;assets/data/unctad/csv/ove_unctadstat_venezuela_valores.csv.gz;assets/data/unctad/catalog/unctad-catalog.json;assets/data/unctad/catalog/catalogo_dataset_web_ove_unctadstat.xlsx;https://unctadstat.unctad.org/datacentre/
UNCTADstat - UNCTAD;Venezuela (Bolivarian Rep. of);US.VesselValueByOwnership;2338;Merchant fleet: Share by beneficial ownership - Annual (analytical);Maritime transport;Maritime and other transport > Merchant fleet;beneficial, owner, flag, merchant, fleet, maritime, transport;2026-06-18T13:52:00;1;1;0;9851;8;2019;2026;Con valores para Venezuela;;assets/data/unctad/csv/ove_unctadstat_venezuela_valores.csv.gz;assets/data/unctad/catalog/unctad-catalog.json;assets/data/unctad/catalog/catalogo_dataset_web_ove_unctadstat.xlsx;https://unctadstat.unctad.org/datacentre/
UNCTADstat - UNCTAD;Venezuela (Bolivarian Rep. of);US.VesselValueByRegistration;2339;Merchant fleet: Share by flag of registration - Annual (analytical);Maritime transport;Maritime and other transport > Merchant fleet;beneficial, owner, flag, merchant, fleet, maritime, transport;2026-06-18T13:52:00;1;1;0;9782;8;2019;2026;Con valores para Venezuela;;assets/data/unctad/csv/ove_unctadstat_venezuela_valores.csv.gz;assets/data/unctad/catalog/unctad-catalog.json;assets/data/unctad/catalog/catalogo_dataset_web_ove_unctadstat.xlsx;https://unctadstat.unctad.org/datacentre/
UNCTADstat - UNCTAD;Venezuela (Bolivarian Rep. of);US.Seafarers;981;Seafarer: Supply estimates by rank - Quinquennial (analytical);Maritime transport;Maritime and other transport > Seafarer supply;Seafarer, officers, ratings, nationality;2023-07-18T11:00:00;1;1;0;11519;12;2015;2021;Con valores para Venezuela;;assets/data/unctad/csv/ove_unctadstat_venezuela_valores.csv.gz;assets/data/unctad/catalog/unctad-catalog.json;assets/data/unctad/catalog/catalogo_dataset_web_ove_unctadstat.xlsx;https://unctadstat.unctad.org/datacentre/
UNCTADstat - UNCTAD;Venezuela (Bolivarian Rep. of);US.ShipBuilding;2439;Merchant fleet: Ship building - Annual;Maritime transport;Maritime and other transport > Ship building and recycling;ship,building;2026-06-18T13:48:00;1;1;0;11070;4;2024;2025;Con valores para Venezuela;;assets/data/unctad/csv/ove_unctadstat_venezuela_valores.csv.gz;assets/data/unctad/catalog/unctad-catalog.json;assets/data/unctad/catalog/catalogo_dataset_web_ove_unctadstat.xlsx;https://unctadstat.unctad.org/datacentre/
UNCTADstat - UNCTAD;Venezuela (Bolivarian Rep. of);US.ShipScrapping;2440;Merchant fleet: Ship recycling - Annual;Maritime transport;Maritime and other transport > Ship building and recycling;Merchant fleet, ship, scrapping, demolition;2026-06-18T13:48:00;1;1;0;8908;10;2021;2025;Con valores para Venezuela;;assets/data/unctad/csv/ove_unctadstat_venezuela_valores.csv.gz;assets/data/unctad/catalog/unctad-catalog.json;assets/data/unctad/catalog/catalogo_dataset_web_ove_unctadstat.xlsx;https://unctadstat.unctad.org/datacentre/
UNCTADstat - UNCTAD;Venezuela (Bolivarian Rep. of);US.Gender_TradableIndustries;1312;Gender: Employment and earnings by sex - Annual (analytical);Gender;Population and inclusiveness > Gender and trade;Trade, gender, employment, earnings, wages, inequality, female, male;2024-10-10T12:39:00;1;1;0;176441;80;2005;2017;Con valores para Venezuela;;assets/data/unctad/csv/ove_unctadstat_venezuela_valores.csv.gz;assets/data/unctad/catalog/unctad-catalog.json;assets/data/unctad/catalog/catalogo_dataset_web_ove_unctadstat.xlsx;https://unctadstat.unctad.org/datacentre/
UNCTADstat - UNCTAD;Venezuela (Bolivarian Rep. of);US.PopDependency;2331;Population: Dependency ratios - Annual;Population and inclusiveness;Population and inclusiveness > Population;dependency, total, child, youth, old-age, elderly;2026-05-21T18:32:00;1;1;0;494161;303;1950;2050;Con valores para Venezuela;;assets/data/unctad/csv/ove_unctadstat_venezuela_valores.csv.gz;assets/data/unctad/catalog/unctad-catalog.json;assets/data/unctad/catalog/catalogo_dataset_web_ove_unctadstat.xlsx;https://unctadstat.unctad.org/datacentre/
UNCTADstat - UNCTAD;Venezuela (Bolivarian Rep. of);US.PopAgeStruct;2330;Population: Structure by gender and age group - Annual;Population and inclusiveness;Population and inclusiveness > Population;population, structure, gender, age;2026-05-21T18:32:00;1;1;0;12550832;6666;1950;2050;Con valores para Venezuela;;assets/data/unctad/csv/ove_unctadstat_venezuela_valores.csv.gz;assets/data/unctad/catalog/unctad-catalog.json;assets/data/unctad/catalog/catalogo_dataset_web_ove_unctadstat.xlsx;https://unctadstat.unctad.org/datacentre/
UNCTADstat - UNCTAD;Venezuela (Bolivarian Rep. of);US.PopTotal;2329;Population: Total - Annual;Population and inclusiveness;Population and inclusiveness > Population;Population, urban, population growth rate;2026-05-21T18:32:00;1;1;0;374021;302;1950;2050;Con valores para Venezuela;;assets/data/unctad/csv/ove_unctadstat_venezuela_valores.csv.gz;assets/data/unctad/catalog/unctad-catalog.json;assets/data/unctad/catalog/catalogo_dataset_web_ove_unctadstat.xlsx;https://unctadstat.unctad.org/datacentre/
UNCTADstat - UNCTAD;Venezuela (Bolivarian Rep. of);US.SDG_PORFVOL;2264;Indicator 9.1.2: Container port traffic - Annual;SDG;SDG Indicators > Goal 9;ship, maritime, transport, container, port, throughput, TEU, SDG Indicator, SDG Goal 9, Indicator 9.1.2;2026-04-15T15:06:00;1;1;0;15386;12;2010;2021;Con valores para Venezuela;;assets/data/unctad/csv/ove_unctadstat_venezuela_valores.csv.gz;assets/data/unctad/catalog/unctad-catalog.json;assets/data/unctad/catalog/catalogo_dataset_web_ove_unctadstat.xlsx;https://unctadstat.unctad.org/datacentre/
UNCTADstat - UNCTAD;Venezuela (Bolivarian Rep. of);US.SDG_LULFRG;2254;Indicator 9.1.2: Freight loaded and unloaded - Annual;SDG Indicators;SDG Indicators > Goal 9;seaborne, international, maritime, trade, cargo, volume, SDG Indicator, SDG Goal 9, Indicator 9.1.2;2026-04-16T07:41:00;1;1;0;46857;25;2000;2024;Con valores para Venezuela;;assets/data/unctad/csv/ove_unctadstat_venezuela_valores.csv.gz;assets/data/unctad/catalog/unctad-catalog.json;assets/data/unctad/catalog/catalogo_dataset_web_ove_unctadstat.xlsx;https://unctadstat.unctad.org/datacentre/
UNCTADstat - UNCTAD;Venezuela (Bolivarian Rep. of);US.IctGoods;2533;ICT goods: Bilateral trade by category - Annual;Digital economy;Digital economy and technology > Digital economy;Digital Economy, Information Economy, International Trade, ICT goods, Imports, Exports, share, bilateral flows;2025-12-01T13:16:00;1;0;1;115739203;0;;;Solo catalogado por tamaño de bulk;;assets/data/unctad/csv/ove_unctadstat_venezuela_valores.csv.gz;assets/data/unctad/catalog/unctad-catalog.json;assets/data/unctad/catalog/catalogo_dataset_web_ove_unctadstat.xlsx;https://unctadstat.unctad.org/datacentre/
UNCTADstat - UNCTAD;Venezuela (Bolivarian Rep. of);US.IctProductionSector;2238;ICT producing sector: Workforce involved and value added - Annual;Information Economy;Digital economy and technology > Digital economy;ICT producing sector, employment, value added;2026-04-20T14:48:00;1;1;0;6495;0;;;Sin valores descargados para Venezuela;;assets/data/unctad/csv/ove_unctadstat_venezuela_valores.csv.gz;assets/data/unctad/catalog/unctad-catalog.json;assets/data/unctad/catalog/catalogo_dataset_web_ove_unctadstat.xlsx;https://unctadstat.unctad.org/datacentre/
UNCTADstat - UNCTAD;Venezuela (Bolivarian Rep. of);US.IctUseTotal;2347;ICT use in business: Core indicators - Annual;Digital economy;Digital economy and technology > Digital economy;ICT indicators;2026-09-14T09:05:00;1;1;0;29937;0;;;Sin valores descargados para Venezuela;;assets/data/unctad/csv/ove_unctadstat_venezuela_valores.csv.gz;assets/data/unctad/catalog/unctad-catalog.json;assets/data/unctad/catalog/catalogo_dataset_web_ove_unctadstat.xlsx;https://unctadstat.unctad.org/datacentre/
UNCTADstat - UNCTAD;Venezuela (Bolivarian Rep. of);US.IctUseEconActivity;2114;ICT use in business: Core indicators by economic activity (ISIC Rev. 3.1) - Annual;Information Economy;Digital economy and technology > Digital economy;ICT indicators, Industrial Classification, economic activity, ISIC;2025-12-08T09:44:00;1;1;0;83239;0;;;Sin valores descargados para Venezuela;;assets/data/unctad/csv/ove_unctadstat_venezuela_valores.csv.gz;assets/data/unctad/catalog/unctad-catalog.json;assets/data/unctad/catalog/catalogo_dataset_web_ove_unctadstat.xlsx;https://unctadstat.unctad.org/datacentre/
UNCTADstat - UNCTAD;Venezuela (Bolivarian Rep. of);US.IctUseEconActivity_Isic4;2250;ICT use in business: Core indicators by economic activity (ISIC Rev. 4) - Annual;Information economy;Digital economy and technology > Digital economy;ICT indicators, industrial classification, economic activity, ISIC;2026-04-20T14:52:00;1;1;0;663946;0;;;Sin valores descargados para Venezuela;;assets/data/unctad/csv/ove_unctadstat_venezuela_valores.csv.gz;assets/data/unctad/catalog/unctad-catalog.json;assets/data/unctad/catalog/catalogo_dataset_web_ove_unctadstat.xlsx;https://unctadstat.unctad.org/datacentre/
UNCTADstat - UNCTAD;Venezuela (Bolivarian Rep. of);US.IctUseEnterprSize;2266;ICT use in business: Core indicators by enterprise size - Annual;Information Economy;Digital economy and technology > Digital economy;ICT indicators, enterprise size;2026-04-20T14:49:00;1;1;0;222567;0;;;Sin valores descargados para Venezuela;;assets/data/unctad/csv/ove_unctadstat_venezuela_valores.csv.gz;assets/data/unctad/catalog/unctad-catalog.json;assets/data/unctad/catalog/catalogo_dataset_web_ove_unctadstat.xlsx;https://unctadstat.unctad.org/datacentre/
UNCTADstat - UNCTAD;Venezuela (Bolivarian Rep. of);US.IctUseLocation;2064;ICT use in business: Core indicators by location type - Annual;Information Economy;Digital economy and technology > Digital economy;ICT indicators, enterprises, location;2025-12-08T09:44:00;1;1;0;8295;0;;;Sin valores descargados para Venezuela;;assets/data/unctad/csv/ove_unctadstat_venezuela_valores.csv.gz;assets/data/unctad/catalog/unctad-catalog.json;assets/data/unctad/catalog/catalogo_dataset_web_ove_unctadstat.xlsx;https://unctadstat.unctad.org/datacentre/
UNCTADstat - UNCTAD;Venezuela (Bolivarian Rep. of);US.ECommerceTotal;2529;E-commerce: Domestic and international sales - Annual (analytical);E-commerce;Digital economy and technology > E-commerce;e-commerce, digital ordering, digital trade, sales, business statistics;2026-05-21T08:57:00;1;1;0;906006;0;;;Sin valores descargados para Venezuela;;assets/data/unctad/csv/ove_unctadstat_venezuela_valores.csv.gz;assets/data/unctad/catalog/unctad-catalog.json;assets/data/unctad/catalog/catalogo_dataset_web_ove_unctadstat.xlsx;https://unctadstat.unctad.org/datacentre/
UNCTADstat - UNCTAD;Venezuela (Bolivarian Rep. of);US.ECommerceInternational;2530;E-commerce: International digitally ordered trade, bilateral – Annual (analytical);E-commerce;Digital economy and technology > E-commerce;e-commerce, digital trade, digital ordering, sales, turnover, business statistics;2026-05-21T08:57:00;1;1;0;139183;0;;;Sin valores descargados para Venezuela;;assets/data/unctad/csv/ove_unctadstat_venezuela_valores.csv.gz;assets/data/unctad/catalog/unctad-catalog.json;assets/data/unctad/catalog/catalogo_dataset_web_ove_unctadstat.xlsx;https://unctadstat.unctad.org/datacentre/
UNCTADstat - UNCTAD;Venezuela (Bolivarian Rep. of);US.UCPI_A;2596;Commodity prices: UNCTAD Commodity Price Index - Annual;Commodities;Economy, investment and finance > Commodity prices;commodity, price, index;2026-02-10T13:02:00;1;1;0;4615;0;;;Sin valores descargados para Venezuela;;assets/data/unctad/csv/ove_unctadstat_venezuela_valores.csv.gz;assets/data/unctad/catalog/unctad-catalog.json;assets/data/unctad/catalog/catalogo_dataset_web_ove_unctadstat.xlsx;https://unctadstat.unctad.org/datacentre/
UNCTADstat - UNCTAD;Venezuela (Bolivarian Rep. of);US.UCPI_M;2597;Commodity prices: UNCTAD Commodity Price Index - Monthly;Commodities prices;Economy, investment and finance > Commodity prices;commodity, price, index;2026-09-11T12:02:00;1;1;0;67024;0;;;Sin valores descargados para Venezuela;;assets/data/unctad/csv/ove_unctadstat_venezuela_valores.csv.gz;assets/data/unctad/catalog/unctad-catalog.json;assets/data/unctad/catalog/catalogo_dataset_web_ove_unctadstat.xlsx;https://unctadstat.unctad.org/datacentre/
UNCTADstat - UNCTAD;Venezuela (Bolivarian Rep. of);US.CommodityPrice_A;1663;DISCONTINUED - Commodity prices, 1995-2024, annual;Commodities;Economy, investment and finance > Commodity prices;commodities, price;2025-03-12T13:35:00;1;1;0;9629;0;;;Sin valores descargados para Venezuela;;assets/data/unctad/csv/ove_unctadstat_venezuela_valores.csv.gz;assets/data/unctad/catalog/unctad-catalog.json;assets/data/unctad/catalog/catalogo_dataset_web_ove_unctadstat.xlsx;https://unctadstat.unctad.org/datacentre/
UNCTADstat - UNCTAD;Venezuela (Bolivarian Rep. of);US.CommodityPrice_M;1899;DISCONTINUED - Commodity prices, January 1995 - June 2025, monthly;Commodities;Economy, investment and finance > Commodity prices;commodity, price;2025-08-11T14:32:00;1;1;0;84674;0;;;Sin valores descargados para Venezuela;;assets/data/unctad/csv/ove_unctadstat_venezuela_valores.csv.gz;assets/data/unctad/catalog/unctad-catalog.json;assets/data/unctad/catalog/catalogo_dataset_web_ove_unctadstat.xlsx;https://unctadstat.unctad.org/datacentre/
UNCTADstat - UNCTAD;Venezuela (Bolivarian Rep. of);US.CommodityPriceIndices_A;1662;DISCONTINUED - UNCTAD Commodity Price Index, 1995-2024, annual (2015=100);Commodities;Economy, investment and finance > Commodity prices;commodities, price, index;2025-03-12T13:35:00;1;1;0;4522;0;;;Sin valores descargados para Venezuela;;assets/data/unctad/csv/ove_unctadstat_venezuela_valores.csv.gz;assets/data/unctad/catalog/unctad-catalog.json;assets/data/unctad/catalog/catalogo_dataset_web_ove_unctadstat.xlsx;https://unctadstat.unctad.org/datacentre/
UNCTADstat - UNCTAD;Venezuela (Bolivarian Rep. of);US.CommodityPriceIndices_M;1900;DISCONTINUED - UNCTAD Commodity Price Index, January 1995 - June 2025, monthly (2015=100);Commodities;Economy, investment and finance > Commodity prices;commodity, price, index;2025-08-11T14:32:00;1;1;0;66229;0;;;Sin valores descargados para Venezuela;;assets/data/unctad/csv/ove_unctadstat_venezuela_valores.csv.gz;assets/data/unctad/catalog/unctad-catalog.json;assets/data/unctad/catalog/catalogo_dataset_web_ove_unctadstat.xlsx;https://unctadstat.unctad.org/datacentre/
UNCTADstat - UNCTAD;Venezuela (Bolivarian Rep. of);US.GovExpenditures;590;Government expenditures: By function - Annual;Public Finance;Economy, investment and finance > Public finance;Government, expenditures, COFOG;2023-07-18T16:51:00;1;1;0;248075;0;;;Sin valores descargados para Venezuela;;assets/data/unctad/csv/ove_unctadstat_venezuela_valores.csv.gz;assets/data/unctad/catalog/unctad-catalog.json;assets/data/unctad/catalog/catalogo_dataset_web_ove_unctadstat.xlsx;https://unctadstat.unctad.org/datacentre/
UNCTADstat - UNCTAD;Venezuela (Bolivarian Rep. of);US.BiotradeMerch;2517;Biotrade: Bilateral trade by product - Annual (analytical);Merchandise biotrade;Environment and related trade > Trade in biodiversity-based products;Export, import, balance, value, merchandise, trade, biotrade, biodiversity, growth, rate;2026-07-20T06:30:00;10;0;10;15552119339;0;;;Solo catalogado por tamaño de bulk;;assets/data/unctad/csv/ove_unctadstat_venezuela_valores.csv.gz;assets/data/unctad/catalog/unctad-catalog.json;assets/data/unctad/catalog/catalogo_dataset_web_ove_unctadstat.xlsx;https://unctadstat.unctad.org/datacentre/
UNCTADstat - UNCTAD;Venezuela (Bolivarian Rep. of);US.BioTradeMerchMarketIndices;2124;DISCONTINUED - Biotrade: Market concentration and structural change indices - Annual (analytical);Environment and related trade;Environment and related trade > Trade in biodiversity-based products;Export, import, merchandise, trade, market concentration, structural change, biotrade, biodiversity;2025-11-28T16:02:00;1;1;0;623798;0;;;Sin valores descargados para Venezuela;;assets/data/unctad/csv/ove_unctadstat_venezuela_valores.csv.gz;assets/data/unctad/catalog/unctad-catalog.json;assets/data/unctad/catalog/catalogo_dataset_web_ove_unctadstat.xlsx;https://unctadstat.unctad.org/datacentre/
UNCTADstat - UNCTAD;Venezuela (Bolivarian Rep. of);US.NonPlasticSubstsTradeByPartner;2610;Non-plastics: Bilateral trade of non-plastic substitutes - Annual (analytical);Environment and related trade;Environment and related trade > Trade in non-plastic substitutes;Plastics, trade, export, Non-plastic substitutes;2026-10-02T12:38:00;1;0;1;577508294;0;;;Solo catalogado por tamaño de bulk;;assets/data/unctad/csv/ove_unctadstat_venezuela_valores.csv.gz;assets/data/unctad/catalog/unctad-catalog.json;assets/data/unctad/catalog/catalogo_dataset_web_ove_unctadstat.xlsx;https://unctadstat.unctad.org/datacentre/
UNCTADstat - UNCTAD;Venezuela (Bolivarian Rep. of);US.OceanTrade;2426;Ocean goods: Bilateral trade by product group - Annual (analytical);International trade in goods and services;Environment and related trade > Trade in ocean goods and services;Oceans, international, trade, growth, sectors, maritime, sea;2026-06-08T11:51:00;1;0;1;572108660;0;;;Solo catalogado por tamaño de bulk;;assets/data/unctad/csv/ove_unctadstat_venezuela_valores.csv.gz;assets/data/unctad/catalog/unctad-catalog.json;assets/data/unctad/catalog/catalogo_dataset_web_ove_unctadstat.xlsx;https://unctadstat.unctad.org/datacentre/
UNCTADstat - UNCTAD;Venezuela (Bolivarian Rep. of);US.PlasticsTradebyPartner;2581;Plastics: Bilateral trade across plastics life-cycle stages - Annual (analytical);Plastics trade;Environment and related trade > Trade in plastic-based products;Plastics, trade, export;2026-09-04T12:05:00;1;0;1;90879049;0;;;Solo catalogado por tamaño de bulk;;assets/data/unctad/csv/ove_unctadstat_venezuela_valores.csv.gz;assets/data/unctad/catalog/unctad-catalog.json;assets/data/unctad/catalog/catalogo_dataset_web_ove_unctadstat.xlsx;https://unctadstat.unctad.org/datacentre/
UNCTADstat - UNCTAD;Venezuela (Bolivarian Rep. of);US.HiddenPlasticsTradebyPartner;2583;Plastics: Bilateral trade of plastic packaging, synthetic textiles and synthetic rubber - Annual (analytical);Plastics trade;Environment and related trade > Trade in plastic-based products;Plastics, trade, partner, hs, product;2026-09-04T12:05:00;1;0;1;55831373;0;;;Solo catalogado por tamaño de bulk;;assets/data/unctad/csv/ove_unctadstat_venezuela_valores.csv.gz;assets/data/unctad/catalog/unctad-catalog.json;assets/data/unctad/catalog/catalogo_dataset_web_ove_unctadstat.xlsx;https://unctadstat.unctad.org/datacentre/
UNCTADstat - UNCTAD;Venezuela (Bolivarian Rep. of);US.AssociatedPlasticsTradebyPartner;2582;Plastics: Bilateral trade of plastics associated products - Annual (analytical);Plastics trade;Environment and related trade > Trade in plastic-based products;Associated plastics, trade, partner;2026-09-04T12:05:00;1;0;1;33181670;0;;;Solo catalogado por tamaño de bulk;;assets/data/unctad/csv/ove_unctadstat_venezuela_valores.csv.gz;assets/data/unctad/catalog/unctad-catalog.json;assets/data/unctad/catalog/catalogo_dataset_web_ove_unctadstat.xlsx;https://unctadstat.unctad.org/datacentre/
UNCTADstat - UNCTAD;Venezuela (Bolivarian Rep. of);US.TradeFoodCatByProc;1676;Food categories: Bilateral trade by processing level - Annual (analytical);International trade;International trade > Food trade by processing level;Food processing, food category, trade;2025-03-20T12:39:00;2;0;2;2582634489;0;;;Solo catalogado por tamaño de bulk;;assets/data/unctad/csv/ove_unctadstat_venezuela_valores.csv.gz;assets/data/unctad/catalog/unctad-catalog.json;assets/data/unctad/catalog/catalogo_dataset_web_ove_unctadstat.xlsx;https://unctadstat.unctad.org/datacentre/
UNCTADstat - UNCTAD;Venezuela (Bolivarian Rep. of);US.TradeFoodProcByCat;1677;Food processing: Bilateral trade by food category - Annual (analytical);International trade;International trade > Food trade by processing level;Food processing, food category, trade;2025-03-20T12:39:00;2;0;2;2285091980;0;;;Solo catalogado por tamaño de bulk;;assets/data/unctad/csv/ove_unctadstat_venezuela_valores.csv.gz;assets/data/unctad/catalog/unctad-catalog.json;assets/data/unctad/catalog/catalogo_dataset_web_ove_unctadstat.xlsx;https://unctadstat.unctad.org/datacentre/
UNCTADstat - UNCTAD;Venezuela (Bolivarian Rep. of);US.CreativeGoodsValue;2222;Creative goods: Bilateral trade by product group - Annual (analytical);Creative economy;International trade > Trade in creative goods and services;Creative goods, trade, exports, imports;2026-04-02T15:01:00;1;0;1;335041684;0;;;Solo catalogado por tamaño de bulk;;assets/data/unctad/csv/ove_unctadstat_venezuela_valores.csv.gz;assets/data/unctad/catalog/unctad-catalog.json;assets/data/unctad/catalog/catalogo_dataset_web_ove_unctadstat.xlsx;https://unctadstat.unctad.org/datacentre/
UNCTADstat - UNCTAD;Venezuela (Bolivarian Rep. of);US.CreativeGoodsGR;2220;Creative goods: Bilateral trade by product group - Growth rates - Annual (analytical);Creative economy;International trade > Trade in creative goods and services;Creative goods, trade, exports, imports, growth rates;2026-04-02T15:01:00;1;0;1;196623315;0;;;Solo catalogado por tamaño de bulk;;assets/data/unctad/csv/ove_unctadstat_venezuela_valores.csv.gz;assets/data/unctad/catalog/unctad-catalog.json;assets/data/unctad/catalog/catalogo_dataset_web_ove_unctadstat.xlsx;https://unctadstat.unctad.org/datacentre/
UNCTADstat - UNCTAD;Venezuela (Bolivarian Rep. of);US.CreativeServ_Group_E;2072;Creative services: exports of selected groups of economies - Annual (analytical);Creative economy;International trade > Trade in creative goods and services;Creative, services, trade, international, economy;2026-04-02T15:05:00;1;1;0;15132;0;;;Sin valores descargados para Venezuela;;assets/data/unctad/csv/ove_unctadstat_venezuela_valores.csv.gz;assets/data/unctad/catalog/unctad-catalog.json;assets/data/unctad/catalog/catalogo_dataset_web_ove_unctadstat.xlsx;https://unctadstat.unctad.org/datacentre/
UNCTADstat - UNCTAD;Venezuela (Bolivarian Rep. of);US.CriticalMinerals_TradeByPart;2502;Critical minerals: Bilateral trade by product group - Annual (analytical);International trade;International trade > Trade in critical minerals;Trade, bilateral trade, exports, imports, merchandise trade, critical minerals, energy transition minerals, minerals, commodities, HS, products;2026-07-14T09:51:00;1;0;1;544826561;0;;;Solo catalogado por tamaño de bulk;;assets/data/unctad/csv/ove_unctadstat_venezuela_valores.csv.gz;assets/data/unctad/catalog/unctad-catalog.json;assets/data/unctad/catalog/catalogo_dataset_web_ove_unctadstat.xlsx;https://unctadstat.unctad.org/datacentre/
UNCTADstat - UNCTAD;Venezuela (Bolivarian Rep. of);US.GSTP_TradeMatrix;2592;GSTP: Merchandise trade matrix - Annual (analytical);International trade;International trade > Trade in merchandise;International trade, structure, partner, economy, product, group, GSTP, Global System of Trade Preferences;2026-07-14T07:18:00;1;0;1;371715547;0;;;Solo catalogado por tamaño de bulk;;assets/data/unctad/csv/ove_unctadstat_venezuela_valores.csv.gz;assets/data/unctad/catalog/unctad-catalog.json;assets/data/unctad/catalog/catalogo_dataset_web_ove_unctadstat.xlsx;https://unctadstat.unctad.org/datacentre/
UNCTADstat - UNCTAD;Venezuela (Bolivarian Rep. of);US.IntraTrade;2588;Merchandise: Intra- and extra-trade of country groups by product - Annual (analytical);International trade in goods and services;International trade > Trade in merchandise;Intra-trade, extra-trade, value, share, group, region;2026-06-30T07:17:00;1;0;1;64011500;0;;;Solo catalogado por tamaño de bulk;;assets/data/unctad/csv/ove_unctadstat_venezuela_valores.csv.gz;assets/data/unctad/catalog/unctad-catalog.json;assets/data/unctad/catalog/catalogo_dataset_web_ove_unctadstat.xlsx;https://unctadstat.unctad.org/datacentre/
UNCTADstat - UNCTAD;Venezuela (Bolivarian Rep. of);US.ConcentStructIndices;2463;Merchandise: Market concentration and structural change indices - Annual (analytical);International trade;International trade > Trade in merchandise;Indices, imports, exports, concentration, structural, trade;2026-07-09T11:36:00;1;1;0;210324;0;;;Sin valores descargados para Venezuela;;assets/data/unctad/csv/ove_unctadstat_venezuela_valores.csv.gz;assets/data/unctad/catalog/unctad-catalog.json;assets/data/unctad/catalog/catalogo_dataset_web_ove_unctadstat.xlsx;https://unctadstat.unctad.org/datacentre/
UNCTADstat - UNCTAD;Venezuela (Bolivarian Rep. of);US.TradeMatrix;2590;Merchandise: Trade matrix - Annual (analytical);International trade in goods and services;International trade > Trade in merchandise;International trade, structure, partner, economy, product, group;2026-06-30T07:17:00;6;0;6;10989114010;0;;;Solo catalogado por tamaño de bulk;;assets/data/unctad/csv/ove_unctadstat_venezuela_valores.csv.gz;assets/data/unctad/catalog/unctad-catalog.json;assets/data/unctad/catalog/catalogo_dataset_web_ove_unctadstat.xlsx;https://unctadstat.unctad.org/datacentre/
UNCTADstat - UNCTAD;Venezuela (Bolivarian Rep. of);US.TradePriceIndices_Q;2487;Merchandise: Trade price index – Quarterly (analytical);International trade in goods and services;International trade > Trade in merchandise;Merchandises, Trade, Indices, Prices;2026-07-10T15:13:00;1;1;0;114018;0;;;Sin valores descargados para Venezuela;;assets/data/unctad/csv/ove_unctadstat_venezuela_valores.csv.gz;assets/data/unctad/catalog/unctad-catalog.json;assets/data/unctad/catalog/catalogo_dataset_web_ove_unctadstat.xlsx;https://unctadstat.unctad.org/datacentre/
UNCTADstat - UNCTAD;Venezuela (Bolivarian Rep. of);US.TradeServCatByPartner;2545;Services: Bilateral trade by category - Annual;International trade in goods and services;International trade > Trade in services;services, exports, imports, trade, bilateral, partner, transport, travel, sector, category;2026-07-23T11:34:00;1;0;1;85648480;0;;;Solo catalogado por tamaño de bulk;;assets/data/unctad/csv/ove_unctadstat_venezuela_valores.csv.gz;assets/data/unctad/catalog/unctad-catalog.json;assets/data/unctad/catalog/catalogo_dataset_web_ove_unctadstat.xlsx;https://unctadstat.unctad.org/datacentre/
UNCTADstat - UNCTAD;Venezuela (Bolivarian Rep. of);US.TransportCosts;1107;Trade and transport: By destination, mode and product group  - Annual (analytical);International trade;Maritime and other transport > Global transport of merchandise trade;international, trade, transport, cost, merchandise, product, destination, origin;2024-05-22T09:00:00;6;0;6;34008028962;0;;;Solo catalogado por tamaño de bulk;;assets/data/unctad/csv/ove_unctadstat_venezuela_valores.csv.gz;assets/data/unctad/catalog/unctad-catalog.json;assets/data/unctad/catalog/catalogo_dataset_web_ove_unctadstat.xlsx;https://unctadstat.unctad.org/datacentre/
UNCTADstat - UNCTAD;Venezuela (Bolivarian Rep. of);US.PortCallsArrivals;1065;Port calls: Calls by commercial market - Annual (analytical);Maritime transport;Maritime and other transport > Port calls and performance;ships, port, maritime, transport, port calls, ports, time in port, vessels, services, container;2024-03-28T16:25:00;1;1;0;20304;0;;;Sin valores descargados para Venezuela;;assets/data/unctad/csv/ove_unctadstat_venezuela_valores.csv.gz;assets/data/unctad/catalog/unctad-catalog.json;assets/data/unctad/catalog/catalogo_dataset_web_ove_unctadstat.xlsx;https://unctadstat.unctad.org/datacentre/
UNCTADstat - UNCTAD;Venezuela (Bolivarian Rep. of);US.PortCallsArrivals_S;1067;Port calls: Calls by commercial market - Semi-annual (analytical);Maritime transport;Maritime and other transport > Port calls and performance;ships, port, maritime, transport, port calls, ports, time in port, vessels, services, container;2024-03-28T16:25:00;1;1;0;38910;0;;;Sin valores descargados para Venezuela;;assets/data/unctad/csv/ove_unctadstat_venezuela_valores.csv.gz;assets/data/unctad/catalog/unctad-catalog.json;assets/data/unctad/catalog/catalogo_dataset_web_ove_unctadstat.xlsx;https://unctadstat.unctad.org/datacentre/
UNCTADstat - UNCTAD;Venezuela (Bolivarian Rep. of);US.PortCalls;1064;Port calls: Performance indicators - Annual (analytical);Maritime transport;Maritime and other transport > Port calls and performance;ships, port, maritime, transport, port calls, ports, time in port, vessels, services, container;2024-03-28T16:47:00;1;1;0;19373;0;;;Sin valores descargados para Venezuela;;assets/data/unctad/csv/ove_unctadstat_venezuela_valores.csv.gz;assets/data/unctad/catalog/unctad-catalog.json;assets/data/unctad/catalog/catalogo_dataset_web_ove_unctadstat.xlsx;https://unctadstat.unctad.org/datacentre/
UNCTADstat - UNCTAD;Venezuela (Bolivarian Rep. of);US.PortCalls_S;1066;Port calls: Performance indicators - Semi-annual (analytical);Maritime transport;Maritime and other transport > Port calls and performance;ships, port, maritime, transport, port calls, ports, time in port, vessels, services, container;2024-03-28T16:47:00;1;1;0;36462;0;;;Sin valores descargados para Venezuela;;assets/data/unctad/csv/ove_unctadstat_venezuela_valores.csv.gz;assets/data/unctad/catalog/unctad-catalog.json;assets/data/unctad/catalog/catalogo_dataset_web_ove_unctadstat.xlsx;https://unctadstat.unctad.org/datacentre/
UNCTADstat - UNCTAD;Venezuela (Bolivarian Rep. of);US.Gender_DomesticValueAdded;1315;Gender: Domestic value added in gross exports by sex and broad sector - Annual (analytical);Gender;Population and inclusiveness > Gender and trade;Trade, gender, gap, equality, employment, earnings, wages, domestic value added, export;2024-10-10T12:39:00;1;1;0;97680;0;;;Sin valores descargados para Venezuela;;assets/data/unctad/csv/ove_unctadstat_venezuela_valores.csv.gz;assets/data/unctad/catalog/unctad-catalog.json;assets/data/unctad/catalog/catalogo_dataset_web_ove_unctadstat.xlsx;https://unctadstat.unctad.org/datacentre/
UNCTADstat - UNCTAD;Venezuela (Bolivarian Rep. of);US.InclusiveGrowth;1631;Inclusiveness: Inclusive growth index - Annual (analytical);Inclusive Growth;Population and inclusiveness > Inclusive growth;Inclusive Growth Index, IGI, economic development, living conditions, social inclusion, environmental sustainability, equity;2025-03-10T14:55:00;1;1;0;4221;0;;;Sin valores descargados para Venezuela;;assets/data/unctad/csv/ove_unctadstat_venezuela_valores.csv.gz;assets/data/unctad/catalog/unctad-catalog.json;assets/data/unctad/catalog/catalogo_dataset_web_ove_unctadstat.xlsx;https://unctadstat.unctad.org/datacentre/
UNCTADstat - UNCTAD;Venezuela (Bolivarian Rep. of);US.IFF_CrimesRelated;2492;Indicator 16.4.1: Crime-related illicit financial flows, IFFs - Annual;SDG Indicators;SDG Indicators > Goal 16;IFF, crime-related, Drug, smuggling, trafficking, SDG 16.4.1, financial, inwards;2026-06-09T09:17:00;1;1;0;2046;0;;;Sin valores descargados para Venezuela;;assets/data/unctad/csv/ove_unctadstat_venezuela_valores.csv.gz;assets/data/unctad/catalog/unctad-catalog.json;assets/data/unctad/catalog/catalogo_dataset_web_ove_unctadstat.xlsx;https://unctadstat.unctad.org/datacentre/
UNCTADstat - UNCTAD;Venezuela (Bolivarian Rep. of);US.IFF_TradeMisinvoicing;2493;Indicator 16.4.1: Trade misinvoicing illicit financial flows, IFFs - Annual ;SDG Indicators;SDG Indicators > Goal 16;IFF, IFFs, Trade, misinvoicing, SDG, Tax, SDG;2026-06-09T09:17:00;1;1;0;3342;0;;;Sin valores descargados para Venezuela;;assets/data/unctad/csv/ove_unctadstat_venezuela_valores.csv.gz;assets/data/unctad/catalog/unctad-catalog.json;assets/data/unctad/catalog/catalogo_dataset_web_ove_unctadstat.xlsx;https://unctadstat.unctad.org/datacentre/
