date,year,month,month_name,index_value,monthly_variation_pct,unit,frequency,source,source_url,fetched_at
2007-12-01,2007,12,Diciembre,100.0,,Índice base diciembre 2007=100 y variación mensual %,monthly,Banco Central de Venezuela,https://www.bcv.org.ve/sites/default/files/precios_consumidor/4_5_7_2.xls,2026-07-24T21:36:07Z
2008-01-01,2008,1,Enero,103.1,3.1,Índice base diciembre 2007=100 y variación mensual %,monthly,Banco Central de Venezuela,https://www.bcv.org.ve/sites/default/files/precios_consumidor/4_5_7_2.xls,2026-07-24T21:36:07Z
2008-02-01,2008,2,Febrero,105.3,2.1,Índice base diciembre 2007=100 y variación mensual %,monthly,Banco Central de Venezuela,https://www.bcv.org.ve/sites/default/files/precios_consumidor/4_5_7_2.xls,2026-07-24T21:36:07Z
2008-03-01,2008,3,Marzo,107.1,1.7,Índice base diciembre 2007=100 y variación mensual %,monthly,Banco Central de Venezuela,https://www.bcv.org.ve/sites/default/files/precios_consumidor/4_5_7_2.xls,2026-07-24T21:36:07Z
2008-04-01,2008,4,Abril,108.9,1.7,Índice base diciembre 2007=100 y variación mensual %,monthly,Banco Central de Venezuela,https://www.bcv.org.ve/sites/default/files/precios_consumidor/4_5_7_2.xls,2026-07-24T21:36:07Z
2008-05-01,2008,5,Mayo,112.4,3.2,Índice base diciembre 2007=100 y variación mensual %,monthly,Banco Central de Venezuela,https://www.bcv.org.ve/sites/default/files/precios_consumidor/4_5_7_2.xls,2026-07-24T21:36:07Z
2008-06-01,2008,6,Junio,115.1,2.4,Índice base diciembre 2007=100 y variación mensual %,monthly,Banco Central de Venezuela,https://www.bcv.org.ve/sites/default/files/precios_consumidor/4_5_7_2.xls,2026-07-24T21:36:07Z
2008-07-01,2008,7,Julio,117.3,1.9,Índice base diciembre 2007=100 y variación mensual %,monthly,Banco Central de Venezuela,https://www.bcv.org.ve/sites/default/files/precios_consumidor/4_5_7_2.xls,2026-07-24T21:36:07Z
2008-08-01,2008,8,Agosto,119.4,1.8,Índice base diciembre 2007=100 y variación mensual %,monthly,Banco Central de Venezuela,https://www.bcv.org.ve/sites/default/files/precios_consumidor/4_5_7_2.xls,2026-07-24T21:36:07Z
2008-09-01,2008,9,Septiembre,121.8,2.0,Índice base diciembre 2007=100 y variación mensual %,monthly,Banco Central de Venezuela,https://www.bcv.org.ve/sites/default/files/precios_consumidor/4_5_7_2.xls,2026-07-24T21:36:07Z
2008-10-01,2008,10,Octubre,124.7,2.4,Índice base diciembre 2007=100 y variación mensual %,monthly,Banco Central de Venezuela,https://www.bcv.org.ve/sites/default/files/precios_consumidor/4_5_7_2.xls,2026-07-24T21:36:07Z
2008-11-01,2008,11,Noviembre,127.6,2.3,Índice base diciembre 2007=100 y variación mensual %,monthly,Banco Central de Venezuela,https://www.bcv.org.ve/sites/default/files/precios_consumidor/4_5_7_2.xls,2026-07-24T21:36:07Z
2008-12-01,2008,12,Diciembre,130.9,2.6,Índice base diciembre 2007=100 y variación mensual %,monthly,Banco Central de Venezuela,https://www.bcv.org.ve/sites/default/files/precios_consumidor/4_5_7_2.xls,2026-07-24T21:36:07Z
2009-01-01,2009,1,Enero,133.9,2.3,Índice base diciembre 2007=100 y variación mensual %,monthly,Banco Central de Venezuela,https://www.bcv.org.ve/sites/default/files/precios_consumidor/4_5_7_2.xls,2026-07-24T21:36:07Z
2009-02-01,2009,2,Febrero,135.6,1.3,Índice base diciembre 2007=100 y variación mensual %,monthly,Banco Central de Venezuela,https://www.bcv.org.ve/sites/default/files/precios_consumidor/4_5_7_2.xls,2026-07-24T21:36:07Z
2009-03-01,2009,3,Marzo,137.2,1.2,Índice base diciembre 2007=100 y variación mensual %,monthly,Banco Central de Venezuela,https://www.bcv.org.ve/sites/default/files/precios_consumidor/4_5_7_2.xls,2026-07-24T21:36:07Z
2009-04-01,2009,4,Abril,139.7,1.8,Índice base diciembre 2007=100 y variación mensual %,monthly,Banco Central de Venezuela,https://www.bcv.org.ve/sites/default/files/precios_consumidor/4_5_7_2.xls,2026-07-24T21:36:07Z
2009-05-01,2009,5,Mayo,142.5,2.0,Índice base diciembre 2007=100 y variación mensual %,monthly,Banco Central de Venezuela,https://www.bcv.org.ve/sites/default/files/precios_consumidor/4_5_7_2.xls,2026-07-24T21:36:07Z
2009-06-01,2009,6,Junio,145.0,1.8,Índice base diciembre 2007=100 y variación mensual %,monthly,Banco Central de Venezuela,https://www.bcv.org.ve/sites/default/files/precios_consumidor/4_5_7_2.xls,2026-07-24T21:36:07Z
2009-07-01,2009,7,Julio,148.0,2.1,Índice base diciembre 2007=100 y variación mensual %,monthly,Banco Central de Venezuela,https://www.bcv.org.ve/sites/default/files/precios_consumidor/4_5_7_2.xls,2026-07-24T21:36:07Z
2009-08-01,2009,8,Agosto,151.3,2.2,Índice base diciembre 2007=100 y variación mensual %,monthly,Banco Central de Venezuela,https://www.bcv.org.ve/sites/default/files/precios_consumidor/4_5_7_2.xls,2026-07-24T21:36:07Z
2009-09-01,2009,9,Septiembre,155.1,2.5,Índice base diciembre 2007=100 y variación mensual %,monthly,Banco Central de Venezuela,https://www.bcv.org.ve/sites/default/files/precios_consumidor/4_5_7_2.xls,2026-07-24T21:36:07Z
2009-10-01,2009,10,Octubre,158.0,1.9,Índice base diciembre 2007=100 y variación mensual %,monthly,Banco Central de Venezuela,https://www.bcv.org.ve/sites/default/files/precios_consumidor/4_5_7_2.xls,2026-07-24T21:36:07Z
2009-11-01,2009,11,Noviembre,161.0,1.9,Índice base diciembre 2007=100 y variación mensual %,monthly,Banco Central de Venezuela,https://www.bcv.org.ve/sites/default/files/precios_consumidor/4_5_7_2.xls,2026-07-24T21:36:07Z
2009-12-01,2009,12,Diciembre,163.7,1.7,Índice base diciembre 2007=100 y variación mensual %,monthly,Banco Central de Venezuela,https://www.bcv.org.ve/sites/default/files/precios_consumidor/4_5_7_2.xls,2026-07-24T21:36:07Z
2010-01-01,2010,1,Enero,166.5,1.7,Índice base diciembre 2007=100 y variación mensual %,monthly,Banco Central de Venezuela,https://www.bcv.org.ve/sites/default/files/precios_consumidor/4_5_7_2.xls,2026-07-24T21:36:07Z
2010-02-01,2010,2,Febrero,169.1,1.6,Índice base diciembre 2007=100 y variación mensual %,monthly,Banco Central de Venezuela,https://www.bcv.org.ve/sites/default/files/precios_consumidor/4_5_7_2.xls,2026-07-24T21:36:07Z
2010-03-01,2010,3,Marzo,173.2,2.4,Índice base diciembre 2007=100 y variación mensual %,monthly,Banco Central de Venezuela,https://www.bcv.org.ve/sites/default/files/precios_consumidor/4_5_7_2.xls,2026-07-24T21:36:07Z
2010-04-01,2010,4,Abril,182.2,5.2,Índice base diciembre 2007=100 y variación mensual %,monthly,Banco Central de Venezuela,https://www.bcv.org.ve/sites/default/files/precios_consumidor/4_5_7_2.xls,2026-07-24T21:36:07Z
2010-05-01,2010,5,Mayo,187.0,2.6,Índice base diciembre 2007=100 y variación mensual %,monthly,Banco Central de Venezuela,https://www.bcv.org.ve/sites/default/files/precios_consumidor/4_5_7_2.xls,2026-07-24T21:36:07Z
2010-06-01,2010,6,Junio,190.4,1.8,Índice base diciembre 2007=100 y variación mensual %,monthly,Banco Central de Venezuela,https://www.bcv.org.ve/sites/default/files/precios_consumidor/4_5_7_2.xls,2026-07-24T21:36:07Z
2010-07-01,2010,7,Julio,193.1,1.4,Índice base diciembre 2007=100 y variación mensual %,monthly,Banco Central de Venezuela,https://www.bcv.org.ve/sites/default/files/precios_consumidor/4_5_7_2.xls,2026-07-24T21:36:07Z
2010-08-01,2010,8,Agosto,196.2,1.6,Índice base diciembre 2007=100 y variación mensual %,monthly,Banco Central de Venezuela,https://www.bcv.org.ve/sites/default/files/precios_consumidor/4_5_7_2.xls,2026-07-24T21:36:07Z
2010-09-01,2010,9,Septiembre,198.4,1.1,Índice base diciembre 2007=100 y variación mensual %,monthly,Banco Central de Venezuela,https://www.bcv.org.ve/sites/default/files/precios_consumidor/4_5_7_2.xls,2026-07-24T21:36:07Z
2010-10-01,2010,10,Octubre,201.4,1.5,Índice base diciembre 2007=100 y variación mensual %,monthly,Banco Central de Venezuela,https://www.bcv.org.ve/sites/default/files/precios_consumidor/4_5_7_2.xls,2026-07-24T21:36:07Z
2010-11-01,2010,11,Noviembre,204.5,1.5,Índice base diciembre 2007=100 y variación mensual %,monthly,Banco Central de Venezuela,https://www.bcv.org.ve/sites/default/files/precios_consumidor/4_5_7_2.xls,2026-07-24T21:36:07Z
2010-12-01,2010,12,Diciembre,208.2,1.8,Índice base diciembre 2007=100 y variación mensual %,monthly,Banco Central de Venezuela,https://www.bcv.org.ve/sites/default/files/precios_consumidor/4_5_7_2.xls,2026-07-24T21:36:07Z
2011-01-01,2011,1,Enero,213.9,2.7,Índice base diciembre 2007=100 y variación mensual %,monthly,Banco Central de Venezuela,https://www.bcv.org.ve/sites/default/files/precios_consumidor/4_5_7_2.xls,2026-07-24T21:36:07Z
2011-02-01,2011,2,Febrero,217.6,1.7,Índice base diciembre 2007=100 y variación mensual %,monthly,Banco Central de Venezuela,https://www.bcv.org.ve/sites/default/files/precios_consumidor/4_5_7_2.xls,2026-07-24T21:36:07Z
2011-03-01,2011,3,Marzo,220.7,1.4,Índice base diciembre 2007=100 y variación mensual %,monthly,Banco Central de Venezuela,https://www.bcv.org.ve/sites/default/files/precios_consumidor/4_5_7_2.xls,2026-07-24T21:36:07Z
2011-04-01,2011,4,Abril,223.9,1.4,Índice base diciembre 2007=100 y variación mensual %,monthly,Banco Central de Venezuela,https://www.bcv.org.ve/sites/default/files/precios_consumidor/4_5_7_2.xls,2026-07-24T21:36:07Z
2011-05-01,2011,5,Mayo,229.6,2.5,Índice base diciembre 2007=100 y variación mensual %,monthly,Banco Central de Venezuela,https://www.bcv.org.ve/sites/default/files/precios_consumidor/4_5_7_2.xls,2026-07-24T21:36:07Z
2011-06-01,2011,6,Junio,235.3,2.5,Índice base diciembre 2007=100 y variación mensual %,monthly,Banco Central de Venezuela,https://www.bcv.org.ve/sites/default/files/precios_consumidor/4_5_7_2.xls,2026-07-24T21:36:07Z
2011-07-01,2011,7,Julio,241.6,2.7,Índice base diciembre 2007=100 y variación mensual %,monthly,Banco Central de Venezuela,https://www.bcv.org.ve/sites/default/files/precios_consumidor/4_5_7_2.xls,2026-07-24T21:36:07Z
2011-08-01,2011,8,Agosto,246.9,2.2,Índice base diciembre 2007=100 y variación mensual %,monthly,Banco Central de Venezuela,https://www.bcv.org.ve/sites/default/files/precios_consumidor/4_5_7_2.xls,2026-07-24T21:36:07Z
2011-09-01,2011,9,Septiembre,250.9,1.6,Índice base diciembre 2007=100 y variación mensual %,monthly,Banco Central de Venezuela,https://www.bcv.org.ve/sites/default/files/precios_consumidor/4_5_7_2.xls,2026-07-24T21:36:07Z
2011-10-01,2011,10,Octubre,255.5,1.8,Índice base diciembre 2007=100 y variación mensual %,monthly,Banco Central de Venezuela,https://www.bcv.org.ve/sites/default/files/precios_consumidor/4_5_7_2.xls,2026-07-24T21:36:07Z
2011-11-01,2011,11,Noviembre,261.0,2.2,Índice base diciembre 2007=100 y variación mensual %,monthly,Banco Central de Venezuela,https://www.bcv.org.ve/sites/default/files/precios_consumidor/4_5_7_2.xls,2026-07-24T21:36:07Z
2011-12-01,2011,12,Diciembre,265.6,1.8,Índice base diciembre 2007=100 y variación mensual %,monthly,Banco Central de Venezuela,https://www.bcv.org.ve/sites/default/files/precios_consumidor/4_5_7_2.xls,2026-07-24T21:36:07Z
2012-01-01,2012,1,Enero,269.6,1.5,Índice base diciembre 2007=100 y variación mensual %,monthly,Banco Central de Venezuela,https://www.bcv.org.ve/sites/default/files/precios_consumidor/4_5_7_2.xls,2026-07-24T21:36:07Z
2012-02-01,2012,2,Febrero,272.6,1.1,Índice base diciembre 2007=100 y variación mensual %,monthly,Banco Central de Venezuela,https://www.bcv.org.ve/sites/default/files/precios_consumidor/4_5_7_2.xls,2026-07-24T21:36:07Z
2012-03-01,2012,3,Marzo,275.0,0.9,Índice base diciembre 2007=100 y variación mensual %,monthly,Banco Central de Venezuela,https://www.bcv.org.ve/sites/default/files/precios_consumidor/4_5_7_2.xls,2026-07-24T21:36:07Z
2012-04-01,2012,4,Abril,277.2,0.8,Índice base diciembre 2007=100 y variación mensual %,monthly,Banco Central de Venezuela,https://www.bcv.org.ve/sites/default/files/precios_consumidor/4_5_7_2.xls,2026-07-24T21:36:07Z
2012-05-01,2012,5,Mayo,281.5,1.6,Índice base diciembre 2007=100 y variación mensual %,monthly,Banco Central de Venezuela,https://www.bcv.org.ve/sites/default/files/precios_consumidor/4_5_7_2.xls,2026-07-24T21:36:07Z
2012-06-01,2012,6,Junio,285.5,1.4,Índice base diciembre 2007=100 y variación mensual %,monthly,Banco Central de Venezuela,https://www.bcv.org.ve/sites/default/files/precios_consumidor/4_5_7_2.xls,2026-07-24T21:36:07Z
2012-07-01,2012,7,Julio,288.4,1.0,Índice base diciembre 2007=100 y variación mensual %,monthly,Banco Central de Venezuela,https://www.bcv.org.ve/sites/default/files/precios_consumidor/4_5_7_2.xls,2026-07-24T21:36:07Z
2012-08-01,2012,8,Agosto,291.5,1.1,Índice base diciembre 2007=100 y variación mensual %,monthly,Banco Central de Venezuela,https://www.bcv.org.ve/sites/default/files/precios_consumidor/4_5_7_2.xls,2026-07-24T21:36:07Z
2012-09-01,2012,9,Septiembre,296.1,1.6,Índice base diciembre 2007=100 y variación mensual %,monthly,Banco Central de Venezuela,https://www.bcv.org.ve/sites/default/files/precios_consumidor/4_5_7_2.xls,2026-07-24T21:36:07Z
2012-10-01,2012,10,Octubre,301.2,1.7,Índice base diciembre 2007=100 y variación mensual %,monthly,Banco Central de Venezuela,https://www.bcv.org.ve/sites/default/files/precios_consumidor/4_5_7_2.xls,2026-07-24T21:36:07Z
2012-11-01,2012,11,Noviembre,308.1,2.3,Índice base diciembre 2007=100 y variación mensual %,monthly,Banco Central de Venezuela,https://www.bcv.org.ve/sites/default/files/precios_consumidor/4_5_7_2.xls,2026-07-24T21:36:07Z
2012-12-01,2012,12,Diciembre,318.9,3.5,Índice base diciembre 2007=100 y variación mensual %,monthly,Banco Central de Venezuela,https://www.bcv.org.ve/sites/default/files/precios_consumidor/4_5_7_2.xls,2026-07-24T21:36:07Z
2013-01-01,2013,1,Enero,329.4,3.3,Índice base diciembre 2007=100 y variación mensual %,monthly,Banco Central de Venezuela,https://www.bcv.org.ve/sites/default/files/precios_consumidor/4_5_7_2.xls,2026-07-24T21:36:07Z
2013-02-01,2013,2,Febrero,334.8,1.6,Índice base diciembre 2007=100 y variación mensual %,monthly,Banco Central de Venezuela,https://www.bcv.org.ve/sites/default/files/precios_consumidor/4_5_7_2.xls,2026-07-24T21:36:07Z
2013-03-01,2013,3,Marzo,344.1,2.8,Índice base diciembre 2007=100 y variación mensual %,monthly,Banco Central de Venezuela,https://www.bcv.org.ve/sites/default/files/precios_consumidor/4_5_7_2.xls,2026-07-24T21:36:07Z
2013-04-01,2013,4,Abril,358.8,4.3,Índice base diciembre 2007=100 y variación mensual %,monthly,Banco Central de Venezuela,https://www.bcv.org.ve/sites/default/files/precios_consumidor/4_5_7_2.xls,2026-07-24T21:36:07Z
2013-05-01,2013,5,Mayo,380.7,6.1,Índice base diciembre 2007=100 y variación mensual %,monthly,Banco Central de Venezuela,https://www.bcv.org.ve/sites/default/files/precios_consumidor/4_5_7_2.xls,2026-07-24T21:36:07Z
2013-06-01,2013,6,Junio,398.6,4.7,Índice base diciembre 2007=100 y variación mensual %,monthly,Banco Central de Venezuela,https://www.bcv.org.ve/sites/default/files/precios_consumidor/4_5_7_2.xls,2026-07-24T21:36:07Z
2013-07-01,2013,7,Julio,411.3,3.2,Índice base diciembre 2007=100 y variación mensual %,monthly,Banco Central de Venezuela,https://www.bcv.org.ve/sites/default/files/precios_consumidor/4_5_7_2.xls,2026-07-24T21:36:07Z
2013-08-01,2013,8,Agosto,423.7,3.0,Índice base diciembre 2007=100 y variación mensual %,monthly,Banco Central de Venezuela,https://www.bcv.org.ve/sites/default/files/precios_consumidor/4_5_7_2.xls,2026-07-24T21:36:07Z
2013-09-01,2013,9,Septiembre,442.3,4.4,Índice base diciembre 2007=100 y variación mensual %,monthly,Banco Central de Venezuela,https://www.bcv.org.ve/sites/default/files/precios_consumidor/4_5_7_2.xls,2026-07-24T21:36:07Z
2013-10-01,2013,10,Octubre,464.9,5.1,Índice base diciembre 2007=100 y variación mensual %,monthly,Banco Central de Venezuela,https://www.bcv.org.ve/sites/default/files/precios_consumidor/4_5_7_2.xls,2026-07-24T21:36:07Z
2013-11-01,2013,11,Noviembre,487.3,4.8,Índice base diciembre 2007=100 y variación mensual %,monthly,Banco Central de Venezuela,https://www.bcv.org.ve/sites/default/files/precios_consumidor/4_5_7_2.xls,2026-07-24T21:36:07Z
2013-12-01,2013,12,Diciembre,498.1,2.2,Índice base diciembre 2007=100 y variación mensual %,monthly,Banco Central de Venezuela,https://www.bcv.org.ve/sites/default/files/precios_consumidor/4_5_7_2.xls,2026-07-24T21:36:07Z
2014-01-01,2014,1,Enero,514.7,3.3,Índice base diciembre 2007=100 y variación mensual %,monthly,Banco Central de Venezuela,https://www.bcv.org.ve/sites/default/files/precios_consumidor/4_5_7_2.xls,2026-07-24T21:36:07Z
2014-02-01,2014,2,Febrero,526.8,2.4,Índice base diciembre 2007=100 y variación mensual %,monthly,Banco Central de Venezuela,https://www.bcv.org.ve/sites/default/files/precios_consumidor/4_5_7_2.xls,2026-07-24T21:36:07Z
2014-03-01,2014,3,Marzo,548.3,4.1,Índice base diciembre 2007=100 y variación mensual %,monthly,Banco Central de Venezuela,https://www.bcv.org.ve/sites/default/files/precios_consumidor/4_5_7_2.xls,2026-07-24T21:36:07Z
2014-04-01,2014,4,Abril,579.4,5.7,Índice base diciembre 2007=100 y variación mensual %,monthly,Banco Central de Venezuela,https://www.bcv.org.ve/sites/default/files/precios_consumidor/4_5_7_2.xls,2026-07-24T21:36:07Z
2014-05-01,2014,5,Mayo,612.6,5.7,Índice base diciembre 2007=100 y variación mensual %,monthly,Banco Central de Venezuela,https://www.bcv.org.ve/sites/default/files/precios_consumidor/4_5_7_2.xls,2026-07-24T21:36:07Z
2014-06-01,2014,6,Junio,639.7,4.4,Índice base diciembre 2007=100 y variación mensual %,monthly,Banco Central de Venezuela,https://www.bcv.org.ve/sites/default/files/precios_consumidor/4_5_7_2.xls,2026-07-24T21:36:07Z
2014-07-01,2014,7,Julio,666.2,4.1,Índice base diciembre 2007=100 y variación mensual %,monthly,Banco Central de Venezuela,https://www.bcv.org.ve/sites/default/files/precios_consumidor/4_5_7_2.xls,2026-07-24T21:36:07Z
2014-08-01,2014,8,Agosto,692.4,3.9,Índice base diciembre 2007=100 y variación mensual %,monthly,Banco Central de Venezuela,https://www.bcv.org.ve/sites/default/files/precios_consumidor/4_5_7_2.xls,2026-07-24T21:36:07Z
2014-09-01,2014,9,Septiembre,725.4,4.8,Índice base diciembre 2007=100 y variación mensual %,monthly,Banco Central de Venezuela,https://www.bcv.org.ve/sites/default/files/precios_consumidor/4_5_7_2.xls,2026-07-24T21:36:07Z
2014-10-01,2014,10,Octubre,761.8,5.0,Índice base diciembre 2007=100 y variación mensual %,monthly,Banco Central de Venezuela,https://www.bcv.org.ve/sites/default/files/precios_consumidor/4_5_7_2.xls,2026-07-24T21:36:07Z
2014-11-01,2014,11,Noviembre,797.3,4.7,Índice base diciembre 2007=100 y variación mensual %,monthly,Banco Central de Venezuela,https://www.bcv.org.ve/sites/default/files/precios_consumidor/4_5_7_2.xls,2026-07-24T21:36:07Z
2014-12-01,2014,12,Diciembre,839.5,5.3,Índice base diciembre 2007=100 y variación mensual %,monthly,Banco Central de Venezuela,https://www.bcv.org.ve/sites/default/files/precios_consumidor/4_5_7_2.xls,2026-07-24T21:36:07Z
2015-01-01,2015,1,Enero,904.8,7.8,Índice base diciembre 2007=100 y variación mensual %,monthly,Banco Central de Venezuela,https://www.bcv.org.ve/sites/default/files/precios_consumidor/4_5_7_2.xls,2026-07-24T21:36:07Z
2015-02-01,2015,2,Febrero,949.1,4.9,Índice base diciembre 2007=100 y variación mensual %,monthly,Banco Central de Venezuela,https://www.bcv.org.ve/sites/default/files/precios_consumidor/4_5_7_2.xls,2026-07-24T21:36:07Z
2015-03-01,2015,3,Marzo,1000.2,5.4,Índice base diciembre 2007=100 y variación mensual %,monthly,Banco Central de Venezuela,https://www.bcv.org.ve/sites/default/files/precios_consumidor/4_5_7_2.xls,2026-07-24T21:36:07Z
2015-04-01,2015,4,Abril,1063.8,6.4,Índice base diciembre 2007=100 y variación mensual %,monthly,Banco Central de Venezuela,https://www.bcv.org.ve/sites/default/files/precios_consumidor/4_5_7_2.xls,2026-07-24T21:36:07Z
2015-05-01,2015,5,Mayo,1148.8,8.0,Índice base diciembre 2007=100 y variación mensual %,monthly,Banco Central de Venezuela,https://www.bcv.org.ve/sites/default/files/precios_consumidor/4_5_7_2.xls,2026-07-24T21:36:07Z
2015-06-01,2015,6,Junio,1261.6,9.8,Índice base diciembre 2007=100 y variación mensual %,monthly,Banco Central de Venezuela,https://www.bcv.org.ve/sites/default/files/precios_consumidor/4_5_7_2.xls,2026-07-24T21:36:07Z
2015-07-01,2015,7,Julio,1397.5,10.8,Índice base diciembre 2007=100 y variación mensual %,monthly,Banco Central de Venezuela,https://www.bcv.org.ve/sites/default/files/precios_consumidor/4_5_7_2.xls,2026-07-24T21:36:07Z
2015-08-01,2015,8,Agosto,1570.8,12.4,Índice base diciembre 2007=100 y variación mensual %,monthly,Banco Central de Venezuela,https://www.bcv.org.ve/sites/default/files/precios_consumidor/4_5_7_2.xls,2026-07-24T21:36:07Z
2015-09-01,2015,9,Septiembre,1752.1,11.5,Índice base diciembre 2007=100 y variación mensual %,monthly,Banco Central de Venezuela,https://www.bcv.org.ve/sites/default/files/precios_consumidor/4_5_7_2.xls,2026-07-24T21:36:07Z
2015-10-01,2015,10,Octubre,1951.3,11.4,Índice base diciembre 2007=100 y variación mensual %,monthly,Banco Central de Venezuela,https://www.bcv.org.ve/sites/default/files/precios_consumidor/4_5_7_2.xls,2026-07-24T21:36:07Z
2015-11-01,2015,11,Noviembre,2168.5,11.1,Índice base diciembre 2007=100 y variación mensual %,monthly,Banco Central de Venezuela,https://www.bcv.org.ve/sites/default/files/precios_consumidor/4_5_7_2.xls,2026-07-24T21:36:07Z
2015-12-01,2015,12,Diciembre,2357.9,8.7,Índice base diciembre 2007=100 y variación mensual %,monthly,Banco Central de Venezuela,https://www.bcv.org.ve/sites/default/files/precios_consumidor/4_5_7_2.xls,2026-07-24T21:36:07Z
2016-01-01,2016,1,Enero,2576.5,9.3,Índice base diciembre 2007=100 y variación mensual %,monthly,Banco Central de Venezuela,https://www.bcv.org.ve/sites/default/files/precios_consumidor/4_5_7_2.xls,2026-07-24T21:36:07Z
2016-02-01,2016,2,Febrero,2801.1,8.7,Índice base diciembre 2007=100 y variación mensual %,monthly,Banco Central de Venezuela,https://www.bcv.org.ve/sites/default/files/precios_consumidor/4_5_7_2.xls,2026-07-24T21:36:07Z
2016-03-01,2016,3,Marzo,3096.2,10.5,Índice base diciembre 2007=100 y variación mensual %,monthly,Banco Central de Venezuela,https://www.bcv.org.ve/sites/default/files/precios_consumidor/4_5_7_2.xls,2026-07-24T21:36:07Z
2016-04-01,2016,4,Abril,3541.6,14.4,Índice base diciembre 2007=100 y variación mensual %,monthly,Banco Central de Venezuela,https://www.bcv.org.ve/sites/default/files/precios_consumidor/4_5_7_2.xls,2026-07-24T21:36:07Z
2016-05-01,2016,5,Mayo,4195.9,18.5,Índice base diciembre 2007=100 y variación mensual %,monthly,Banco Central de Venezuela,https://www.bcv.org.ve/sites/default/files/precios_consumidor/4_5_7_2.xls,2026-07-24T21:36:07Z
2016-06-01,2016,6,Junio,5001.5,19.2,Índice base diciembre 2007=100 y variación mensual %,monthly,Banco Central de Venezuela,https://www.bcv.org.ve/sites/default/files/precios_consumidor/4_5_7_2.xls,2026-07-24T21:36:07Z
2016-07-01,2016,7,Julio,5437.1,8.7,Índice base diciembre 2007=100 y variación mensual %,monthly,Banco Central de Venezuela,https://www.bcv.org.ve/sites/default/files/precios_consumidor/4_5_7_2.xls,2026-07-24T21:36:07Z
2016-08-01,2016,8,Agosto,5825.7,7.1,Índice base diciembre 2007=100 y variación mensual %,monthly,Banco Central de Venezuela,https://www.bcv.org.ve/sites/default/files/precios_consumidor/4_5_7_2.xls,2026-07-24T21:36:07Z
2016-09-01,2016,9,Septiembre,6364.4,9.2,Índice base diciembre 2007=100 y variación mensual %,monthly,Banco Central de Venezuela,https://www.bcv.org.ve/sites/default/files/precios_consumidor/4_5_7_2.xls,2026-07-24T21:36:07Z
2016-10-01,2016,10,Octubre,6873.9,8.0,Índice base diciembre 2007=100 y variación mensual %,monthly,Banco Central de Venezuela,https://www.bcv.org.ve/sites/default/files/precios_consumidor/4_5_7_2.xls,2026-07-24T21:36:07Z
2016-11-01,2016,11,Noviembre,7668.9,11.6,Índice base diciembre 2007=100 y variación mensual %,monthly,Banco Central de Venezuela,https://www.bcv.org.ve/sites/default/files/precios_consumidor/4_5_7_2.xls,2026-07-24T21:36:07Z
2016-12-01,2016,12,Diciembre,8826.9,15.1,Índice base diciembre 2007=100 y variación mensual %,monthly,Banco Central de Venezuela,https://www.bcv.org.ve/sites/default/files/precios_consumidor/4_5_7_2.xls,2026-07-24T21:36:07Z
2017-01-01,2017,1,Enero,10378.1,17.6,Índice base diciembre 2007=100 y variación mensual %,monthly,Banco Central de Venezuela,https://www.bcv.org.ve/sites/default/files/precios_consumidor/4_5_7_2.xls,2026-07-24T21:36:07Z
2017-02-01,2017,2,Febrero,11697.2,12.7,Índice base diciembre 2007=100 y variación mensual %,monthly,Banco Central de Venezuela,https://www.bcv.org.ve/sites/default/files/precios_consumidor/4_5_7_2.xls,2026-07-24T21:36:07Z
2017-03-01,2017,3,Marzo,12910.1,10.4,Índice base diciembre 2007=100 y variación mensual %,monthly,Banco Central de Venezuela,https://www.bcv.org.ve/sites/default/files/precios_consumidor/4_5_7_2.xls,2026-07-24T21:36:07Z
2017-04-01,2017,4,Abril,13975.9,8.3,Índice base diciembre 2007=100 y variación mensual %,monthly,Banco Central de Venezuela,https://www.bcv.org.ve/sites/default/files/precios_consumidor/4_5_7_2.xls,2026-07-24T21:36:07Z
2017-05-01,2017,5,Mayo,15610.4,11.7,Índice base diciembre 2007=100 y variación mensual %,monthly,Banco Central de Venezuela,https://www.bcv.org.ve/sites/default/files/precios_consumidor/4_5_7_2.xls,2026-07-24T21:36:07Z
2017-06-01,2017,6,Junio,17537.8,12.3,Índice base diciembre 2007=100 y variación mensual %,monthly,Banco Central de Venezuela,https://www.bcv.org.ve/sites/default/files/precios_consumidor/4_5_7_2.xls,2026-07-24T21:36:07Z
2017-07-01,2017,7,Julio,19938.2,13.7,Índice base diciembre 2007=100 y variación mensual %,monthly,Banco Central de Venezuela,https://www.bcv.org.ve/sites/default/files/precios_consumidor/4_5_7_2.xls,2026-07-24T21:36:07Z
2017-08-01,2017,8,Agosto,23736.3,19.0,Índice base diciembre 2007=100 y variación mensual %,monthly,Banco Central de Venezuela,https://www.bcv.org.ve/sites/default/files/precios_consumidor/4_5_7_2.xls,2026-07-24T21:36:07Z
2017-09-01,2017,9,Septiembre,29921.9,26.1,Índice base diciembre 2007=100 y variación mensual %,monthly,Banco Central de Venezuela,https://www.bcv.org.ve/sites/default/files/precios_consumidor/4_5_7_2.xls,2026-07-24T21:36:07Z
2017-10-01,2017,10,Octubre,39473.9,31.9,Índice base diciembre 2007=100 y variación mensual %,monthly,Banco Central de Venezuela,https://www.bcv.org.ve/sites/default/files/precios_consumidor/4_5_7_2.xls,2026-07-24T21:36:07Z
2017-11-01,2017,11,Noviembre,54611.0,38.3,Índice base diciembre 2007=100 y variación mensual %,monthly,Banco Central de Venezuela,https://www.bcv.org.ve/sites/default/files/precios_consumidor/4_5_7_2.xls,2026-07-24T21:36:07Z
2017-12-01,2017,12,Diciembre,84970.3,55.6,Índice base diciembre 2007=100 y variación mensual %,monthly,Banco Central de Venezuela,https://www.bcv.org.ve/sites/default/files/precios_consumidor/4_5_7_2.xls,2026-07-24T21:36:07Z
2018-01-01,2018,1,Enero,141060.9,66.0,Índice base diciembre 2007=100 y variación mensual %,monthly,Banco Central de Venezuela,https://www.bcv.org.ve/sites/default/files/precios_consumidor/4_5_7_2.xls,2026-07-24T21:36:07Z
2018-02-01,2018,2,Febrero,204074.2,44.7,Índice base diciembre 2007=100 y variación mensual %,monthly,Banco Central de Venezuela,https://www.bcv.org.ve/sites/default/files/precios_consumidor/4_5_7_2.xls,2026-07-24T21:36:07Z
2018-03-01,2018,3,Marzo,287622.2,40.9,Índice base diciembre 2007=100 y variación mensual %,monthly,Banco Central de Venezuela,https://www.bcv.org.ve/sites/default/files/precios_consumidor/4_5_7_2.xls,2026-07-24T21:36:07Z
2018-04-01,2018,4,Abril,448124.0,55.8,Índice base diciembre 2007=100 y variación mensual %,monthly,Banco Central de Venezuela,https://www.bcv.org.ve/sites/default/files/precios_consumidor/4_5_7_2.xls,2026-07-24T21:36:07Z
2018-05-01,2018,5,Mayo,942481.0,110.3,Índice base diciembre 2007=100 y variación mensual %,monthly,Banco Central de Venezuela,https://www.bcv.org.ve/sites/default/files/precios_consumidor/4_5_7_2.xls,2026-07-24T21:36:07Z
2018-06-01,2018,6,Junio,1853869.6,96.7,Índice base diciembre 2007=100 y variación mensual %,monthly,Banco Central de Venezuela,https://www.bcv.org.ve/sites/default/files/precios_consumidor/4_5_7_2.xls,2026-07-24T21:36:07Z
2018-07-01,2018,7,Julio,3362789.7,81.4,Índice base diciembre 2007=100 y variación mensual %,monthly,Banco Central de Venezuela,https://www.bcv.org.ve/sites/default/files/precios_consumidor/4_5_7_2.xls,2026-07-24T21:36:07Z
2018-08-01,2018,8,Agosto,5919047.9,76.0,Índice base diciembre 2007=100 y variación mensual %,monthly,Banco Central de Venezuela,https://www.bcv.org.ve/sites/default/files/precios_consumidor/4_5_7_2.xls,2026-07-24T21:36:07Z
2018-09-01,2018,9,Septiembre,13479980.5,127.7,Índice base diciembre 2007=100 y variación mensual %,monthly,Banco Central de Venezuela,https://www.bcv.org.ve/sites/default/files/precios_consumidor/4_5_7_2.xls,2026-07-24T21:36:07Z
2018-10-01,2018,10,Octubre,25355573.7,88.1,Índice base diciembre 2007=100 y variación mensual %,monthly,Banco Central de Venezuela,https://www.bcv.org.ve/sites/default/files/precios_consumidor/4_5_7_2.xls,2026-07-24T21:36:07Z
2018-11-01,2018,11,Noviembre,56589583.5,123.2,Índice base diciembre 2007=100 y variación mensual %,monthly,Banco Central de Venezuela,https://www.bcv.org.ve/sites/default/files/precios_consumidor/4_5_7_2.xls,2026-07-24T21:36:07Z
2018-12-01,2018,12,Diciembre,110597550.2,95.4,Índice base diciembre 2007=100 y variación mensual %,monthly,Banco Central de Venezuela,https://www.bcv.org.ve/sites/default/files/precios_consumidor/4_5_7_2.xls,2026-07-24T21:36:07Z
2019-01-01,2019,1,Enero,328067725.1,196.6,Índice base diciembre 2007=100 y variación mensual %,monthly,Banco Central de Venezuela,https://www.bcv.org.ve/sites/default/files/precios_consumidor/4_5_7_2.xls,2026-07-24T21:36:07Z
2019-02-01,2019,2,Febrero,703259098.2,114.4,Índice base diciembre 2007=100 y variación mensual %,monthly,Banco Central de Venezuela,https://www.bcv.org.ve/sites/default/files/precios_consumidor/4_5_7_2.xls,2026-07-24T21:36:07Z
2019-03-01,2019,3,Marzo,948197209.5,34.8,Índice base diciembre 2007=100 y variación mensual %,monthly,Banco Central de Venezuela,https://www.bcv.org.ve/sites/default/files/precios_consumidor/4_5_7_2.xls,2026-07-24T21:36:07Z
2019-04-01,2019,4,Abril,1268517190.9,33.8,Índice base diciembre 2007=100 y variación mensual %,monthly,Banco Central de Venezuela,https://www.bcv.org.ve/sites/default/files/precios_consumidor/4_5_7_2.xls,2026-07-24T21:36:07Z
2019-05-01,2019,5,Mayo,1769365833.3,39.5,Índice base diciembre 2007=100 y variación mensual %,monthly,Banco Central de Venezuela,https://www.bcv.org.ve/sites/default/files/precios_consumidor/4_5_7_2.xls,2026-07-24T21:36:07Z
2019-06-01,2019,6,Junio,2160431069.8,22.1,Índice base diciembre 2007=100 y variación mensual %,monthly,Banco Central de Venezuela,https://www.bcv.org.ve/sites/default/files/precios_consumidor/4_5_7_2.xls,2026-07-24T21:36:07Z
2019-07-01,2019,7,Julio,2579165819.7,19.4,Índice base diciembre 2007=100 y variación mensual %,monthly,Banco Central de Venezuela,https://www.bcv.org.ve/sites/default/files/precios_consumidor/4_5_7_2.xls,2026-07-24T21:36:07Z
2019-08-01,2019,8,Agosto,3472176193.2,34.6,Índice base diciembre 2007=100 y variación mensual %,monthly,Banco Central de Venezuela,https://www.bcv.org.ve/sites/default/files/precios_consumidor/4_5_7_2.xls,2026-07-24T21:36:07Z
2019-09-01,2019,9,Septiembre,5286006314.7,52.2,Índice base diciembre 2007=100 y variación mensual %,monthly,Banco Central de Venezuela,https://www.bcv.org.ve/sites/default/files/precios_consumidor/4_5_7_2.xls,2026-07-24T21:36:07Z
2019-10-01,2019,10,Octubre,6478423619.2,22.6,Índice base diciembre 2007=100 y variación mensual %,monthly,Banco Central de Venezuela,https://www.bcv.org.ve/sites/default/files/precios_consumidor/4_5_7_2.xls,2026-07-24T21:36:07Z
2019-11-01,2019,11,Noviembre,8144026331.7,25.7,Índice base diciembre 2007=100 y variación mensual %,monthly,Banco Central de Venezuela,https://www.bcv.org.ve/sites/default/files/precios_consumidor/4_5_7_2.xls,2026-07-24T21:36:07Z
2019-12-01,2019,12,Diciembre,10711919274.4,31.5,Índice base diciembre 2007=100 y variación mensual %,monthly,Banco Central de Venezuela,https://www.bcv.org.ve/sites/default/files/precios_consumidor/4_5_7_2.xls,2026-07-24T21:36:07Z
2020-01-01,2020,1,Enero,17377625281.2,62.2,Índice base diciembre 2007=100 y variación mensual %,monthly,Banco Central de Venezuela,https://www.bcv.org.ve/sites/default/files/precios_consumidor/4_5_7_2.xls,2026-07-24T21:36:07Z
2020-02-01,2020,2,Febrero,21174462628.9,21.8,Índice base diciembre 2007=100 y variación mensual %,monthly,Banco Central de Venezuela,https://www.bcv.org.ve/sites/default/files/precios_consumidor/4_5_7_2.xls,2026-07-24T21:36:07Z
2020-03-01,2020,3,Marzo,23995112795.7,13.3,Índice base diciembre 2007=100 y variación mensual %,monthly,Banco Central de Venezuela,https://www.bcv.org.ve/sites/default/files/precios_consumidor/4_5_7_2.xls,2026-07-24T21:36:07Z
2020-04-01,2020,4,Abril,30594008765.7,27.5,Índice base diciembre 2007=100 y variación mensual %,monthly,Banco Central de Venezuela,https://www.bcv.org.ve/sites/default/files/precios_consumidor/4_5_7_2.xls,2026-07-24T21:36:07Z
2020-05-01,2020,5,Mayo,42404519909.6,38.6,Índice base diciembre 2007=100 y variación mensual %,monthly,Banco Central de Venezuela,https://www.bcv.org.ve/sites/default/files/precios_consumidor/4_5_7_2.xls,2026-07-24T21:36:07Z
2020-06-01,2020,6,Junio,53033212824.9,25.1,Índice base diciembre 2007=100 y variación mensual %,monthly,Banco Central de Venezuela,https://www.bcv.org.ve/sites/default/files/precios_consumidor/4_5_7_2.xls,2026-07-24T21:36:07Z
2020-07-01,2020,7,Julio,63408630581.9,19.6,Índice base diciembre 2007=100 y variación mensual %,monthly,Banco Central de Venezuela,https://www.bcv.org.ve/sites/default/files/precios_consumidor/4_5_7_2.xls,2026-07-24T21:36:07Z
2020-08-01,2020,8,Agosto,79061685127.4,24.7,Índice base diciembre 2007=100 y variación mensual %,monthly,Banco Central de Venezuela,https://www.bcv.org.ve/sites/default/files/precios_consumidor/4_5_7_2.xls,2026-07-24T21:36:07Z
2020-09-01,2020,9,Septiembre,101126220212.8,27.9,Índice base diciembre 2007=100 y variación mensual %,monthly,Banco Central de Venezuela,https://www.bcv.org.ve/sites/default/files/precios_consumidor/4_5_7_2.xls,2026-07-24T21:36:07Z
2020-10-01,2020,10,Octubre,131945447084.8,30.5,Índice base diciembre 2007=100 y variación mensual %,monthly,Banco Central de Venezuela,https://www.bcv.org.ve/sites/default/files/precios_consumidor/4_5_7_2.xls,2026-07-24T21:36:07Z
2020-11-01,2020,11,Noviembre,184682722830.1,40.0,Índice base diciembre 2007=100 y variación mensual %,monthly,Banco Central de Venezuela,https://www.bcv.org.ve/sites/default/files/precios_consumidor/4_5_7_2.xls,2026-07-24T21:36:07Z
2020-12-01,2020,12,Diciembre,327767509170.0,77.5,Índice base diciembre 2007=100 y variación mensual %,monthly,Banco Central de Venezuela,https://www.bcv.org.ve/sites/default/files/precios_consumidor/4_5_7_2.xls,2026-07-24T21:36:07Z
2021-01-01,2021,1,Enero,480553055894.4,46.6,Índice base diciembre 2007=100 y variación mensual %,monthly,Banco Central de Venezuela,https://www.bcv.org.ve/sites/default/files/precios_consumidor/4_5_7_2.xls,2026-07-24T21:36:07Z
2021-02-01,2021,2,Febrero,643008821970.1,33.8,Índice base diciembre 2007=100 y variación mensual %,monthly,Banco Central de Venezuela,https://www.bcv.org.ve/sites/default/files/precios_consumidor/4_5_7_2.xls,2026-07-24T21:36:07Z
2021-03-01,2021,3,Marzo,746784015747.9,16.1,Índice base diciembre 2007=100 y variación mensual %,monthly,Banco Central de Venezuela,https://www.bcv.org.ve/sites/default/files/precios_consumidor/4_5_7_2.xls,2026-07-24T21:36:07Z
2021-04-01,2021,4,Abril,930306187617.9,24.6,Índice base diciembre 2007=100 y variación mensual %,monthly,Banco Central de Venezuela,https://www.bcv.org.ve/sites/default/files/precios_consumidor/4_5_7_2.xls,2026-07-24T21:36:07Z
2021-05-01,2021,5,Mayo,1195582997017.2,28.5,Índice base diciembre 2007=100 y variación mensual %,monthly,Banco Central de Venezuela,https://www.bcv.org.ve/sites/default/files/precios_consumidor/4_5_7_2.xls,2026-07-24T21:36:07Z
2021-06-01,2021,6,Junio,1383038455119.5,15.7,Índice base diciembre 2007=100 y variación mensual %,monthly,Banco Central de Venezuela,https://www.bcv.org.ve/sites/default/files/precios_consumidor/4_5_7_2.xls,2026-07-24T21:36:07Z
2021-07-01,2021,7,Julio,1613383509819.7,16.7,Índice base diciembre 2007=100 y variación mensual %,monthly,Banco Central de Venezuela,https://www.bcv.org.ve/sites/default/files/precios_consumidor/4_5_7_2.xls,2026-07-24T21:36:07Z
2021-08-01,2021,8,Agosto,1932171957524.9,19.8,Índice base diciembre 2007=100 y variación mensual %,monthly,Banco Central de Venezuela,https://www.bcv.org.ve/sites/default/files/precios_consumidor/4_5_7_2.xls,2026-07-24T21:36:07Z
2021-09-01,2021,9,Septiembre,2069027697276.4,7.1,Índice base diciembre 2007=100 y variación mensual %,monthly,Banco Central de Venezuela,https://www.bcv.org.ve/sites/default/files/precios_consumidor/4_5_7_2.xls,2026-07-24T21:36:07Z
2021-10-01,2021,10,Octubre,2210425050108.3,6.8,Índice base diciembre 2007=100 y variación mensual %,monthly,Banco Central de Venezuela,https://www.bcv.org.ve/sites/default/files/precios_consumidor/4_5_7_2.xls,2026-07-24T21:36:07Z
2021-11-01,2021,11,Noviembre,2396255484070.9,8.4,Índice base diciembre 2007=100 y variación mensual %,monthly,Banco Central de Venezuela,https://www.bcv.org.ve/sites/default/files/precios_consumidor/4_5_7_2.xls,2026-07-24T21:36:07Z
2021-12-01,2021,12,Diciembre,2577508248886.0,7.6,Índice base diciembre 2007=100 y variación mensual %,monthly,Banco Central de Venezuela,https://www.bcv.org.ve/sites/default/files/precios_consumidor/4_5_7_2.xls,2026-07-24T21:36:07Z
2022-01-01,2022,1,Enero,2750974554036.0,6.7,Índice base diciembre 2007=100 y variación mensual %,monthly,Banco Central de Venezuela,https://www.bcv.org.ve/sites/default/files/precios_consumidor/4_5_7_2.xls,2026-07-24T21:36:07Z
2022-02-01,2022,2,Febrero,2832100793634.5,2.9,Índice base diciembre 2007=100 y variación mensual %,monthly,Banco Central de Venezuela,https://www.bcv.org.ve/sites/default/files/precios_consumidor/4_5_7_2.xls,2026-07-24T21:36:07Z
2022-03-01,2022,3,Marzo,2870702327451.8,1.4,Índice base diciembre 2007=100 y variación mensual %,monthly,Banco Central de Venezuela,https://www.bcv.org.ve/sites/default/files/precios_consumidor/4_5_7_2.xls,2026-07-24T21:36:07Z
2022-04-01,2022,4,Abril,2997960561627.7,4.4,Índice base diciembre 2007=100 y variación mensual %,monthly,Banco Central de Venezuela,https://www.bcv.org.ve/sites/default/files/precios_consumidor/4_5_7_2.xls,2026-07-24T21:36:07Z
2022-05-01,2022,5,Mayo,3194057161963.8003,6.5,Índice base diciembre 2007=100 y variación mensual %,monthly,Banco Central de Venezuela,https://www.bcv.org.ve/sites/default/files/precios_consumidor/4_5_7_2.xls,2026-07-24T21:36:07Z
2022-06-01,2022,6,Junio,3557760912588.8,11.4,Índice base diciembre 2007=100 y variación mensual %,monthly,Banco Central de Venezuela,https://www.bcv.org.ve/sites/default/files/precios_consumidor/4_5_7_2.xls,2026-07-24T21:36:07Z
2022-07-01,2022,7,Julio,3825157521197.5,7.5,Índice base diciembre 2007=100 y variación mensual %,monthly,Banco Central de Venezuela,https://www.bcv.org.ve/sites/default/files/precios_consumidor/4_5_7_2.xls,2026-07-24T21:36:07Z
2022-08-01,2022,8,Agosto,4137433044225.2,8.2,Índice base diciembre 2007=100 y variación mensual %,monthly,Banco Central de Venezuela,https://www.bcv.org.ve/sites/default/files/precios_consumidor/4_5_7_2.xls,2026-07-24T21:36:07Z
2022-09-01,2022,9,Septiembre,5326371620985.8,28.7,Índice base diciembre 2007=100 y variación mensual %,monthly,Banco Central de Venezuela,https://www.bcv.org.ve/sites/default/files/precios_consumidor/4_5_7_2.xls,2026-07-24T21:36:07Z
2022-10-01,2022,10,Octubre,5654207045137.4,6.2,Índice base diciembre 2007=100 y variación mensual %,monthly,Banco Central de Venezuela,https://www.bcv.org.ve/sites/default/files/precios_consumidor/4_5_7_2.xls,2026-07-24T21:36:07Z
2022-11-01,2022,11,Noviembre,6364445508067.7,12.6,Índice base diciembre 2007=100 y variación mensual %,monthly,Banco Central de Venezuela,https://www.bcv.org.ve/sites/default/files/precios_consumidor/4_5_7_2.xls,2026-07-24T21:36:07Z
2022-12-01,2022,12,Diciembre,8610897384090.4,35.3,Índice base diciembre 2007=100 y variación mensual %,monthly,Banco Central de Venezuela,https://www.bcv.org.ve/sites/default/files/precios_consumidor/4_5_7_2.xls,2026-07-24T21:36:07Z
2023-01-01,2023,1,Enero,12239280550707.2,42.1,Índice base diciembre 2007=100 y variación mensual %,monthly,Banco Central de Venezuela,https://www.bcv.org.ve/sites/default/files/precios_consumidor/4_5_7_2.xls,2026-07-24T21:36:07Z
2023-02-01,2023,2,Febrero,14601356012641.3,19.3,Índice base diciembre 2007=100 y variación mensual %,monthly,Banco Central de Venezuela,https://www.bcv.org.ve/sites/default/files/precios_consumidor/4_5_7_2.xls,2026-07-24T21:36:07Z
2023-03-01,2023,3,Marzo,15490514782940.4,6.1,Índice base diciembre 2007=100 y variación mensual %,monthly,Banco Central de Venezuela,https://www.bcv.org.ve/sites/default/files/precios_consumidor/4_5_7_2.xls,2026-07-24T21:36:07Z
2023-04-01,2023,4,Abril,16079339845626.0,3.8,Índice base diciembre 2007=100 y variación mensual %,monthly,Banco Central de Venezuela,https://www.bcv.org.ve/sites/default/files/precios_consumidor/4_5_7_2.xls,2026-07-24T21:36:07Z
2023-05-01,2023,5,Mayo,16903293865395.6,5.1,Índice base diciembre 2007=100 y variación mensual %,monthly,Banco Central de Venezuela,https://www.bcv.org.ve/sites/default/files/precios_consumidor/4_5_7_2.xls,2026-07-24T21:36:07Z
2023-06-01,2023,6,Junio,17944103145979.7,6.2,Índice base diciembre 2007=100 y variación mensual %,monthly,Banco Central de Venezuela,https://www.bcv.org.ve/sites/default/files/precios_consumidor/4_5_7_2.xls,2026-07-24T21:36:07Z
2023-07-01,2023,7,Julio,19056534940064.7,6.2,Índice base diciembre 2007=100 y variación mensual %,monthly,Banco Central de Venezuela,https://www.bcv.org.ve/sites/default/files/precios_consumidor/4_5_7_2.xls,2026-07-24T21:36:07Z
2023-08-01,2023,8,Agosto,20470345755220.7,7.4,Índice base diciembre 2007=100 y variación mensual %,monthly,Banco Central de Venezuela,https://www.bcv.org.ve/sites/default/files/precios_consumidor/4_5_7_2.xls,2026-07-24T21:36:07Z
2023-09-01,2023,9,Septiembre,22244633245832.3,8.7,Índice base diciembre 2007=100 y variación mensual %,monthly,Banco Central de Venezuela,https://www.bcv.org.ve/sites/default/files/precios_consumidor/4_5_7_2.xls,2026-07-24T21:36:07Z
2023-10-01,2023,10,Octubre,23547066398042.598,5.9,Índice base diciembre 2007=100 y variación mensual %,monthly,Banco Central de Venezuela,https://www.bcv.org.ve/sites/default/files/precios_consumidor/4_5_7_2.xls,2026-07-24T21:36:07Z
2023-11-01,2023,11,Noviembre,24361617825691.9,3.5,Índice base diciembre 2007=100 y variación mensual %,monthly,Banco Central de Venezuela,https://www.bcv.org.ve/sites/default/files/precios_consumidor/4_5_7_2.xls,2026-07-24T21:36:07Z
2023-12-01,2023,12,Diciembre,24952896762695.5,2.4,Índice base diciembre 2007=100 y variación mensual %,monthly,Banco Central de Venezuela,https://www.bcv.org.ve/sites/default/files/precios_consumidor/4_5_7_2.xls,2026-07-24T21:36:07Z
2024-01-01,2024,1,Enero,25379624724721.4,1.7,Índice base diciembre 2007=100 y variación mensual %,monthly,Banco Central de Venezuela,https://www.bcv.org.ve/sites/default/files/precios_consumidor/4_5_7_2.xls,2026-07-24T21:36:07Z
2024-02-01,2024,2,Febrero,25684975429035.5,1.2,Índice base diciembre 2007=100 y variación mensual %,monthly,Banco Central de Venezuela,https://www.bcv.org.ve/sites/default/files/precios_consumidor/4_5_7_2.xls,2026-07-24T21:36:07Z
2024-03-01,2024,3,Marzo,25986417377849.098,1.2,Índice base diciembre 2007=100 y variación mensual %,monthly,Banco Central de Venezuela,https://www.bcv.org.ve/sites/default/files/precios_consumidor/4_5_7_2.xls,2026-07-24T21:36:07Z
2024-04-01,2024,4,Abril,26516834159241.703,2.0,Índice base diciembre 2007=100 y variación mensual %,monthly,Banco Central de Venezuela,https://www.bcv.org.ve/sites/default/files/precios_consumidor/4_5_7_2.xls,2026-07-24T21:36:07Z
2024-05-01,2024,5,Mayo,26903972496868.1,1.5,Índice base diciembre 2007=100 y variación mensual %,monthly,Banco Central de Venezuela,https://www.bcv.org.ve/sites/default/files/precios_consumidor/4_5_7_2.xls,2026-07-24T21:36:07Z
2024-06-01,2024,6,Junio,27162536873498.1,1.0,Índice base diciembre 2007=100 y variación mensual %,monthly,Banco Central de Venezuela,https://www.bcv.org.ve/sites/default/files/precios_consumidor/4_5_7_2.xls,2026-07-24T21:36:07Z
2024-07-01,2024,7,Julio,27366064708317.6,0.7,Índice base diciembre 2007=100 y variación mensual %,monthly,Banco Central de Venezuela,https://www.bcv.org.ve/sites/default/files/precios_consumidor/4_5_7_2.xls,2026-07-24T21:36:07Z
2024-08-01,2024,8,Agosto,27746667522384.2,1.4,Índice base diciembre 2007=100 y variación mensual %,monthly,Banco Central de Venezuela,https://www.bcv.org.ve/sites/default/files/precios_consumidor/4_5_7_2.xls,2026-07-24T21:36:07Z
2024-09-01,2024,9,Septiembre,27972976631499.6,0.8,Índice base diciembre 2007=100 y variación mensual %,monthly,Banco Central de Venezuela,https://www.bcv.org.ve/sites/default/files/precios_consumidor/4_5_7_2.xls,2026-07-24T21:36:07Z
2024-10-01,2024,10,Octubre,29100339690082.1,4.0,Índice base diciembre 2007=100 y variación mensual %,monthly,Banco Central de Venezuela,https://www.bcv.org.ve/sites/default/files/precios_consumidor/4_5_7_2.xls,2026-07-24T21:36:07Z
2024-11-01,2024,11,Noviembre,33516689669759.098,15.2,Índice base diciembre 2007=100 y variación mensual %,monthly,Banco Central de Venezuela,https://www.bcv.org.ve/sites/default/files/precios_consumidor/4_5_7_2.xls,2026-07-24T21:36:07Z
2024-12-01,2024,12,Diciembre,36919909673224.9,10.2,Índice base diciembre 2007=100 y variación mensual %,monthly,Banco Central de Venezuela,https://www.bcv.org.ve/sites/default/files/precios_consumidor/4_5_7_2.xls,2026-07-24T21:36:07Z
2025-01-01,2025,1,Enero,40521840708458.305,9.8,Índice base diciembre 2007=100 y variación mensual %,monthly,Banco Central de Venezuela,https://www.bcv.org.ve/sites/default/files/precios_consumidor/4_5_7_2.xls,2026-07-24T21:36:07Z
2025-02-01,2025,2,Febrero,44948592993158.4,10.9,Índice base diciembre 2007=100 y variación mensual %,monthly,Banco Central de Venezuela,https://www.bcv.org.ve/sites/default/files/precios_consumidor/4_5_7_2.xls,2026-07-24T21:36:07Z
2025-03-01,2025,3,Marzo,48695941027700.9,8.3,Índice base diciembre 2007=100 y variación mensual %,monthly,Banco Central de Venezuela,https://www.bcv.org.ve/sites/default/files/precios_consumidor/4_5_7_2.xls,2026-07-24T21:36:07Z
2025-04-01,2025,4,Abril,56686369544411.3,16.4,Índice base diciembre 2007=100 y variación mensual %,monthly,Banco Central de Venezuela,https://www.bcv.org.ve/sites/default/files/precios_consumidor/4_5_7_2.xls,2026-07-24T21:36:07Z
2025-05-01,2025,5,Mayo,68691300824090.4,21.2,Índice base diciembre 2007=100 y variación mensual %,monthly,Banco Central de Venezuela,https://www.bcv.org.ve/sites/default/files/precios_consumidor/4_5_7_2.xls,2026-07-24T21:36:07Z
2025-06-01,2025,6,Junio,75780386243945.11,10.3,Índice base diciembre 2007=100 y variación mensual %,monthly,Banco Central de Venezuela,https://www.bcv.org.ve/sites/default/files/precios_consumidor/4_5_7_2.xls,2026-07-24T21:36:07Z
2025-07-01,2025,7,Julio,86578516564082.4,14.2,Índice base diciembre 2007=100 y variación mensual %,monthly,Banco Central de Venezuela,https://www.bcv.org.ve/sites/default/files/precios_consumidor/4_5_7_2.xls,2026-07-24T21:36:07Z
2025-08-01,2025,8,Agosto,100503985890335.98,16.1,Índice base diciembre 2007=100 y variación mensual %,monthly,Banco Central de Venezuela,https://www.bcv.org.ve/sites/default/files/precios_consumidor/4_5_7_2.xls,2026-07-24T21:36:07Z
2025-09-01,2025,9,Septiembre,122169616603138.98,21.556986542248453,Índice base diciembre 2007=100 y variación mensual %,monthly,Banco Central de Venezuela,https://www.bcv.org.ve/sites/default/files/precios_consumidor/4_5_7_2.xls,2026-07-24T21:36:07Z
2025-10-01,2025,10,Octubre,153849788402697.0,25.931301644720108,Índice base diciembre 2007=100 y variación mensual %,monthly,Banco Central de Venezuela,https://www.bcv.org.ve/sites/default/files/precios_consumidor/4_5_7_2.xls,2026-07-24T21:36:07Z
2025-11-01,2025,11,Noviembre,187021825372618.0,21.6,Índice base diciembre 2007=100 y variación mensual %,monthly,Banco Central de Venezuela,https://www.bcv.org.ve/sites/default/files/precios_consumidor/4_5_7_2.xls,2026-07-24T21:36:07Z
2025-12-01,2025,12,Diciembre,212393273459827.03,13.6,Índice base diciembre 2007=100 y variación mensual %,monthly,Banco Central de Venezuela,https://www.bcv.org.ve/sites/default/files/precios_consumidor/4_5_7_2.xls,2026-07-24T21:36:07Z
2026-01-01,2026,1,Enero,281565112063483.0,32.6,Índice base diciembre 2007=100 y variación mensual %,monthly,Banco Central de Venezuela,https://www.bcv.org.ve/sites/default/files/precios_consumidor/4_5_7_2.xls,2026-07-24T21:36:07Z
2026-02-01,2026,2,Febrero,322703709401564.0,14.6,Índice base diciembre 2007=100 y variación mensual %,monthly,Banco Central de Venezuela,https://www.bcv.org.ve/sites/default/files/precios_consumidor/4_5_7_2.xls,2026-07-24T21:36:07Z
2026-03-01,2026,3,Marzo,364960489482614.0,13.1,Índice base diciembre 2007=100 y variación mensual %,monthly,Banco Central de Venezuela,https://www.bcv.org.ve/sites/default/files/precios_consumidor/4_5_7_2.xls,2026-07-24T21:36:07Z
2026-04-01,2026,4,Abril,403528566746262.0,10.6,Índice base diciembre 2007=100 y variación mensual %,monthly,Banco Central de Venezuela,https://www.bcv.org.ve/sites/default/files/precios_consumidor/4_5_7_2.xls,2026-07-24T21:36:07Z
2026-05-01,2026,5,Mayo,428967191622142.06,6.3,Índice base diciembre 2007=100 y variación mensual %,monthly,Banco Central de Venezuela,https://www.bcv.org.ve/sites/default/files/precios_consumidor/4_5_7_2.xls,2026-07-24T21:36:07Z
2026-06-01,2026,6,Junio,488122054630450.06,13.8,Índice base diciembre 2007=100 y variación mensual %,monthly,Banco Central de Venezuela,https://www.bcv.org.ve/sites/default/files/precios_consumidor/4_5_7_2.xls,2026-07-24T21:36:07Z
