dataset_id,title,table,source_file,base,price_type,measure,frequency,period,year,quarter,classification,component,value,unit,status,source,source_url,fetched_at
bcv_pib_sector_institucional_anual,Producto interno bruto por sector institucional anual,PIB por sector institucional,5_2_1_anual.xls,1997,Precios constantes,Nivel,Anual,1997,1997,,Sector institucional,Impuestos netos sobre los productos,36937.54,Bolívares,,Banco Central de Venezuela,https://www.bcv.org.ve/sites/default/files/cuentas_macroeconomicas/5_2_1_anual.xls,2026-07-22T15:17:12Z
bcv_pib_sector_institucional_anual,Producto interno bruto por sector institucional anual,PIB por sector institucional,5_2_1_anual.xls,1997,Precios constantes,Nivel,Anual,1998,1998,,Sector institucional,Impuestos netos sobre los productos,38301.75,Bolívares,,Banco Central de Venezuela,https://www.bcv.org.ve/sites/default/files/cuentas_macroeconomicas/5_2_1_anual.xls,2026-07-22T15:17:12Z
bcv_pib_sector_institucional_anual,Producto interno bruto por sector institucional anual,PIB por sector institucional,5_2_1_anual.xls,1997,Precios constantes,Variación porcentual interanual,Anual,1998,1998,,Sector institucional,Impuestos netos sobre los productos,3.6932887246957904,Porcentaje,,Banco Central de Venezuela,https://www.bcv.org.ve/sites/default/files/cuentas_macroeconomicas/5_2_1_anual.xls,2026-07-22T15:17:12Z
bcv_pib_sector_institucional_anual,Producto interno bruto por sector institucional anual,PIB por sector institucional,5_2_1_anual.xls,1997,Precios constantes,Nivel,Anual,1999,1999,,Sector institucional,Impuestos netos sobre los productos,37148.43,Bolívares,,Banco Central de Venezuela,https://www.bcv.org.ve/sites/default/files/cuentas_macroeconomicas/5_2_1_anual.xls,2026-07-22T15:17:12Z
bcv_pib_sector_institucional_anual,Producto interno bruto por sector institucional anual,PIB por sector institucional,5_2_1_anual.xls,1997,Precios constantes,Variación porcentual interanual,Anual,1999,1999,,Sector institucional,Impuestos netos sobre los productos,-3.011141788560579,Porcentaje,,Banco Central de Venezuela,https://www.bcv.org.ve/sites/default/files/cuentas_macroeconomicas/5_2_1_anual.xls,2026-07-22T15:17:12Z
bcv_pib_sector_institucional_anual,Producto interno bruto por sector institucional anual,PIB por sector institucional,5_2_1_anual.xls,1997,Precios constantes,Nivel,Anual,2000,2000,,Sector institucional,Impuestos netos sobre los productos,38160.46000000001,Bolívares,,Banco Central de Venezuela,https://www.bcv.org.ve/sites/default/files/cuentas_macroeconomicas/5_2_1_anual.xls,2026-07-22T15:17:12Z
bcv_pib_sector_institucional_anual,Producto interno bruto por sector institucional anual,PIB por sector institucional,5_2_1_anual.xls,1997,Precios constantes,Variación porcentual interanual,Anual,2000,2000,,Sector institucional,Impuestos netos sobre los productos,2.724287405954982,Porcentaje,,Banco Central de Venezuela,https://www.bcv.org.ve/sites/default/files/cuentas_macroeconomicas/5_2_1_anual.xls,2026-07-22T15:17:12Z
bcv_pib_sector_institucional_anual,Producto interno bruto por sector institucional anual,PIB por sector institucional,5_2_1_anual.xls,1997,Precios constantes,Nivel,Anual,2001,2001,,Sector institucional,Impuestos netos sobre los productos,41015.19,Bolívares,,Banco Central de Venezuela,https://www.bcv.org.ve/sites/default/files/cuentas_macroeconomicas/5_2_1_anual.xls,2026-07-22T15:17:12Z
bcv_pib_sector_institucional_anual,Producto interno bruto por sector institucional anual,PIB por sector institucional,5_2_1_anual.xls,1997,Precios constantes,Variación porcentual interanual,Anual,2001,2001,,Sector institucional,Impuestos netos sobre los productos,7.480858459253369,Porcentaje,,Banco Central de Venezuela,https://www.bcv.org.ve/sites/default/files/cuentas_macroeconomicas/5_2_1_anual.xls,2026-07-22T15:17:12Z
bcv_pib_sector_institucional_anual,Producto interno bruto por sector institucional anual,PIB por sector institucional,5_2_1_anual.xls,1997,Precios constantes,Nivel,Anual,2002,2002,,Sector institucional,Impuestos netos sobre los productos,32649.89,Bolívares,,Banco Central de Venezuela,https://www.bcv.org.ve/sites/default/files/cuentas_macroeconomicas/5_2_1_anual.xls,2026-07-22T15:17:12Z
bcv_pib_sector_institucional_anual,Producto interno bruto por sector institucional anual,PIB por sector institucional,5_2_1_anual.xls,1997,Precios constantes,Variación porcentual interanual,Anual,2002,2002,,Sector institucional,Impuestos netos sobre los productos,-20.395614405297167,Porcentaje,,Banco Central de Venezuela,https://www.bcv.org.ve/sites/default/files/cuentas_macroeconomicas/5_2_1_anual.xls,2026-07-22T15:17:12Z
bcv_pib_sector_institucional_anual,Producto interno bruto por sector institucional anual,PIB por sector institucional,5_2_1_anual.xls,1997,Precios constantes,Nivel,Anual,2003,2003,,Sector institucional,Impuestos netos sobre los productos,25306.03,Bolívares,,Banco Central de Venezuela,https://www.bcv.org.ve/sites/default/files/cuentas_macroeconomicas/5_2_1_anual.xls,2026-07-22T15:17:12Z
bcv_pib_sector_institucional_anual,Producto interno bruto por sector institucional anual,PIB por sector institucional,5_2_1_anual.xls,1997,Precios constantes,Variación porcentual interanual,Anual,2003,2003,,Sector institucional,Impuestos netos sobre los productos,-22.49275571831943,Porcentaje,,Banco Central de Venezuela,https://www.bcv.org.ve/sites/default/files/cuentas_macroeconomicas/5_2_1_anual.xls,2026-07-22T15:17:12Z
bcv_pib_sector_institucional_anual,Producto interno bruto por sector institucional anual,PIB por sector institucional,5_2_1_anual.xls,1997,Precios constantes,Nivel,Anual,2004,2004,,Sector institucional,Impuestos netos sobre los productos,38774.520000000004,Bolívares,,Banco Central de Venezuela,https://www.bcv.org.ve/sites/default/files/cuentas_macroeconomicas/5_2_1_anual.xls,2026-07-22T15:17:12Z
bcv_pib_sector_institucional_anual,Producto interno bruto por sector institucional anual,PIB por sector institucional,5_2_1_anual.xls,1997,Precios constantes,Variación porcentual interanual,Anual,2004,2004,,Sector institucional,Impuestos netos sobre los productos,53.222453304607654,Porcentaje,,Banco Central de Venezuela,https://www.bcv.org.ve/sites/default/files/cuentas_macroeconomicas/5_2_1_anual.xls,2026-07-22T15:17:12Z
bcv_pib_sector_institucional_anual,Producto interno bruto por sector institucional anual,PIB por sector institucional,5_2_1_anual.xls,1997,Precios constantes,Nivel,Anual,2005,2005,,Sector institucional,Impuestos netos sobre los productos,45671.59,Bolívares,,Banco Central de Venezuela,https://www.bcv.org.ve/sites/default/files/cuentas_macroeconomicas/5_2_1_anual.xls,2026-07-22T15:17:12Z
bcv_pib_sector_institucional_anual,Producto interno bruto por sector institucional anual,PIB por sector institucional,5_2_1_anual.xls,1997,Precios constantes,Variación porcentual interanual,Anual,2005,2005,,Sector institucional,Impuestos netos sobre los productos,17.787634766336225,Porcentaje,,Banco Central de Venezuela,https://www.bcv.org.ve/sites/default/files/cuentas_macroeconomicas/5_2_1_anual.xls,2026-07-22T15:17:12Z
bcv_pib_sector_institucional_anual,Producto interno bruto por sector institucional anual,PIB por sector institucional,5_2_1_anual.xls,1997,Precios constantes,Nivel,Anual,2006,2006,,Sector institucional,Impuestos netos sobre los productos,55335.380000000005,Bolívares,,Banco Central de Venezuela,https://www.bcv.org.ve/sites/default/files/cuentas_macroeconomicas/5_2_1_anual.xls,2026-07-22T15:17:12Z
bcv_pib_sector_institucional_anual,Producto interno bruto por sector institucional anual,PIB por sector institucional,5_2_1_anual.xls,1997,Precios constantes,Variación porcentual interanual,Anual,2006,2006,,Sector institucional,Impuestos netos sobre los productos,21.159302752542672,Porcentaje,,Banco Central de Venezuela,https://www.bcv.org.ve/sites/default/files/cuentas_macroeconomicas/5_2_1_anual.xls,2026-07-22T15:17:12Z
bcv_pib_sector_institucional_anual,Producto interno bruto por sector institucional anual,PIB por sector institucional,5_2_1_anual.xls,1997,Precios constantes,Nivel,Anual,2007,2007,,Sector institucional,Impuestos netos sobre los productos,65069.28,Bolívares,,Banco Central de Venezuela,https://www.bcv.org.ve/sites/default/files/cuentas_macroeconomicas/5_2_1_anual.xls,2026-07-22T15:17:12Z
bcv_pib_sector_institucional_anual,Producto interno bruto por sector institucional anual,PIB por sector institucional,5_2_1_anual.xls,1997,Precios constantes,Variación porcentual interanual,Anual,2007,2007,,Sector institucional,Impuestos netos sobre los productos,17.590734896914057,Porcentaje,,Banco Central de Venezuela,https://www.bcv.org.ve/sites/default/files/cuentas_macroeconomicas/5_2_1_anual.xls,2026-07-22T15:17:12Z
bcv_pib_sector_institucional_anual,Producto interno bruto por sector institucional anual,PIB por sector institucional,5_2_1_anual.xls,1997,Precios constantes,Nivel,Anual,2008,2008,,Sector institucional,Impuestos netos sobre los productos,68505.88,Bolívares,Preliminar,Banco Central de Venezuela,https://www.bcv.org.ve/sites/default/files/cuentas_macroeconomicas/5_2_1_anual.xls,2026-07-22T15:17:12Z
bcv_pib_sector_institucional_anual,Producto interno bruto por sector institucional anual,PIB por sector institucional,5_2_1_anual.xls,1997,Precios constantes,Variación porcentual interanual,Anual,2008,2008,,Sector institucional,Impuestos netos sobre los productos,5.281447712345994,Porcentaje,Preliminar,Banco Central de Venezuela,https://www.bcv.org.ve/sites/default/files/cuentas_macroeconomicas/5_2_1_anual.xls,2026-07-22T15:17:12Z
bcv_pib_sector_institucional_anual,Producto interno bruto por sector institucional anual,Variaciones porcentuales,5_2_1_si_anual.xlsx,2007,Precios constantes,Variación porcentual interanual,Anual,2008,2008,,Sector institucional,Impuestos netos sobre los productos,-11.632659300368715,Porcentaje,,Banco Central de Venezuela,https://www.bcv.org.ve/sites/default/files/cuentas_macroeconomicas/5_2_1_si_anual.xlsx,2026-07-22T15:17:12Z
bcv_pib_sector_institucional_anual,Producto interno bruto por sector institucional anual,PIB por sector institucional,5_2_1_anual.xls,1997,Precios constantes,Nivel,Anual,2009,2009,,Sector institucional,Impuestos netos sobre los productos,62709.950000000004,Bolívares,Preliminar,Banco Central de Venezuela,https://www.bcv.org.ve/sites/default/files/cuentas_macroeconomicas/5_2_1_anual.xls,2026-07-22T15:17:12Z
bcv_pib_sector_institucional_anual,Producto interno bruto por sector institucional anual,PIB por sector institucional,5_2_1_anual.xls,1997,Precios constantes,Variación porcentual interanual,Anual,2009,2009,,Sector institucional,Impuestos netos sobre los productos,-8.46048543570275,Porcentaje,Preliminar,Banco Central de Venezuela,https://www.bcv.org.ve/sites/default/files/cuentas_macroeconomicas/5_2_1_anual.xls,2026-07-22T15:17:12Z
bcv_pib_sector_institucional_anual,Producto interno bruto por sector institucional anual,Variaciones porcentuales,5_2_1_si_anual.xlsx,2007,Precios constantes,Variación porcentual interanual,Anual,2009,2009,,Sector institucional,Impuestos netos sobre los productos,-7.0002017638285565,Porcentaje,,Banco Central de Venezuela,https://www.bcv.org.ve/sites/default/files/cuentas_macroeconomicas/5_2_1_si_anual.xlsx,2026-07-22T15:17:12Z
bcv_pib_sector_institucional_anual,Producto interno bruto por sector institucional anual,PIB por sector institucional,5_2_1_anual.xls,1997,Precios constantes,Nivel,Anual,2010,2010,,Sector institucional,Impuestos netos sobre los productos,61262.46000000001,Bolívares,Preliminar,Banco Central de Venezuela,https://www.bcv.org.ve/sites/default/files/cuentas_macroeconomicas/5_2_1_anual.xls,2026-07-22T15:17:12Z
bcv_pib_sector_institucional_anual,Producto interno bruto por sector institucional anual,PIB por sector institucional,5_2_1_anual.xls,1997,Precios constantes,Variación porcentual interanual,Anual,2010,2010,,Sector institucional,Impuestos netos sobre los productos,-2.3082301931352163,Porcentaje,Preliminar,Banco Central de Venezuela,https://www.bcv.org.ve/sites/default/files/cuentas_macroeconomicas/5_2_1_anual.xls,2026-07-22T15:17:12Z
bcv_pib_sector_institucional_anual,Producto interno bruto por sector institucional anual,Variaciones porcentuales,5_2_1_si_anual.xlsx,2007,Precios constantes,Variación porcentual interanual,Anual,2010,2010,,Sector institucional,Impuestos netos sobre los productos,-5.138340268965308,Porcentaje,,Banco Central de Venezuela,https://www.bcv.org.ve/sites/default/files/cuentas_macroeconomicas/5_2_1_si_anual.xlsx,2026-07-22T15:17:12Z
bcv_pib_sector_institucional_anual,Producto interno bruto por sector institucional anual,PIB por sector institucional,5_2_1_anual.xls,1997,Precios constantes,Nivel,Anual,2011,2011,,Sector institucional,Impuestos netos sobre los productos,64895.71000000001,Bolívares,Preliminar,Banco Central de Venezuela,https://www.bcv.org.ve/sites/default/files/cuentas_macroeconomicas/5_2_1_anual.xls,2026-07-22T15:17:12Z
bcv_pib_sector_institucional_anual,Producto interno bruto por sector institucional anual,PIB por sector institucional,5_2_1_anual.xls,1997,Precios constantes,Variación porcentual interanual,Anual,2011,2011,,Sector institucional,Impuestos netos sobre los productos,5.930630275049339,Porcentaje,Preliminar,Banco Central de Venezuela,https://www.bcv.org.ve/sites/default/files/cuentas_macroeconomicas/5_2_1_anual.xls,2026-07-22T15:17:12Z
bcv_pib_sector_institucional_anual,Producto interno bruto por sector institucional anual,Variaciones porcentuales,5_2_1_si_anual.xlsx,2007,Precios constantes,Variación porcentual interanual,Anual,2011,2011,,Sector institucional,Impuestos netos sobre los productos,6.861742760002713,Porcentaje,,Banco Central de Venezuela,https://www.bcv.org.ve/sites/default/files/cuentas_macroeconomicas/5_2_1_si_anual.xlsx,2026-07-22T15:17:12Z
bcv_pib_sector_institucional_anual,Producto interno bruto por sector institucional anual,PIB por sector institucional,5_2_1_anual.xls,1997,Precios constantes,Nivel,Anual,2012,2012,,Sector institucional,Impuestos netos sobre los productos,70780.15,Bolívares,Preliminar,Banco Central de Venezuela,https://www.bcv.org.ve/sites/default/files/cuentas_macroeconomicas/5_2_1_anual.xls,2026-07-22T15:17:12Z
bcv_pib_sector_institucional_anual,Producto interno bruto por sector institucional anual,PIB por sector institucional,5_2_1_anual.xls,1997,Precios constantes,Variación porcentual interanual,Anual,2012,2012,,Sector institucional,Impuestos netos sobre los productos,9.06753312353004,Porcentaje,Preliminar,Banco Central de Venezuela,https://www.bcv.org.ve/sites/default/files/cuentas_macroeconomicas/5_2_1_anual.xls,2026-07-22T15:17:12Z
bcv_pib_sector_institucional_anual,Producto interno bruto por sector institucional anual,Variaciones porcentuales,5_2_1_si_anual.xlsx,2007,Precios constantes,Variación porcentual interanual,Anual,2012,2012,,Sector institucional,Impuestos netos sobre los productos,13.283057281909876,Porcentaje,,Banco Central de Venezuela,https://www.bcv.org.ve/sites/default/files/cuentas_macroeconomicas/5_2_1_si_anual.xlsx,2026-07-22T15:17:12Z
bcv_pib_sector_institucional_anual,Producto interno bruto por sector institucional anual,PIB por sector institucional,5_2_1_anual.xls,1997,Precios constantes,Nivel,Anual,2013,2013,,Sector institucional,Impuestos netos sobre los productos,69772.25,Bolívares,Preliminar,Banco Central de Venezuela,https://www.bcv.org.ve/sites/default/files/cuentas_macroeconomicas/5_2_1_anual.xls,2026-07-22T15:17:12Z
bcv_pib_sector_institucional_anual,Producto interno bruto por sector institucional anual,PIB por sector institucional,5_2_1_anual.xls,1997,Precios constantes,Variación porcentual interanual,Anual,2013,2013,,Sector institucional,Impuestos netos sobre los productos,-1.4239868098612334,Porcentaje,Preliminar,Banco Central de Venezuela,https://www.bcv.org.ve/sites/default/files/cuentas_macroeconomicas/5_2_1_anual.xls,2026-07-22T15:17:12Z
bcv_pib_sector_institucional_anual,Producto interno bruto por sector institucional anual,Variaciones porcentuales,5_2_1_si_anual.xlsx,2007,Precios constantes,Variación porcentual interanual,Anual,2013,2013,,Sector institucional,Impuestos netos sobre los productos,-22.64166675835483,Porcentaje,,Banco Central de Venezuela,https://www.bcv.org.ve/sites/default/files/cuentas_macroeconomicas/5_2_1_si_anual.xlsx,2026-07-22T15:17:12Z
bcv_pib_sector_institucional_anual,Producto interno bruto por sector institucional anual,PIB por sector institucional,5_2_1_anual.xls,1997,Precios constantes,Nivel,Anual,2014,2014,,Sector institucional,Impuestos netos sobre los productos,63560.64,Bolívares,Preliminar,Banco Central de Venezuela,https://www.bcv.org.ve/sites/default/files/cuentas_macroeconomicas/5_2_1_anual.xls,2026-07-22T15:17:12Z
bcv_pib_sector_institucional_anual,Producto interno bruto por sector institucional anual,PIB por sector institucional,5_2_1_anual.xls,1997,Precios constantes,Variación porcentual interanual,Anual,2014,2014,,Sector institucional,Impuestos netos sobre los productos,-8.902694122663377,Porcentaje,Preliminar,Banco Central de Venezuela,https://www.bcv.org.ve/sites/default/files/cuentas_macroeconomicas/5_2_1_anual.xls,2026-07-22T15:17:12Z
bcv_pib_sector_institucional_anual,Producto interno bruto por sector institucional anual,Variaciones porcentuales,5_2_1_si_anual.xlsx,2007,Precios constantes,Variación porcentual interanual,Anual,2014,2014,,Sector institucional,Impuestos netos sobre los productos,-17.53852739598743,Porcentaje,,Banco Central de Venezuela,https://www.bcv.org.ve/sites/default/files/cuentas_macroeconomicas/5_2_1_si_anual.xlsx,2026-07-22T15:17:12Z
bcv_pib_sector_institucional_anual,Producto interno bruto por sector institucional anual,PIB por sector institucional,5_2_1_anual.xls,1997,Precios constantes,Nivel,Anual,2015,2015,,Sector institucional,Impuestos netos sobre los productos,56076.86,Bolívares,Preliminar,Banco Central de Venezuela,https://www.bcv.org.ve/sites/default/files/cuentas_macroeconomicas/5_2_1_anual.xls,2026-07-22T15:17:12Z
bcv_pib_sector_institucional_anual,Producto interno bruto por sector institucional anual,PIB por sector institucional,5_2_1_anual.xls,1997,Precios constantes,Variación porcentual interanual,Anual,2015,2015,,Sector institucional,Impuestos netos sobre los productos,-11.774236382767697,Porcentaje,Preliminar,Banco Central de Venezuela,https://www.bcv.org.ve/sites/default/files/cuentas_macroeconomicas/5_2_1_anual.xls,2026-07-22T15:17:12Z
bcv_pib_sector_institucional_anual,Producto interno bruto por sector institucional anual,Variaciones porcentuales,5_2_1_si_anual.xlsx,2007,Precios constantes,Variación porcentual interanual,Anual,2015,2015,,Sector institucional,Impuestos netos sobre los productos,28.141497254067247,Porcentaje,,Banco Central de Venezuela,https://www.bcv.org.ve/sites/default/files/cuentas_macroeconomicas/5_2_1_si_anual.xlsx,2026-07-22T15:17:12Z
bcv_pib_sector_institucional_anual,Producto interno bruto por sector institucional anual,PIB por sector institucional,5_2_1_anual.xls,1997,Precios constantes,Nivel,Anual,2016,2016,,Sector institucional,Impuestos netos sobre los productos,41331.86,Bolívares,Preliminar,Banco Central de Venezuela,https://www.bcv.org.ve/sites/default/files/cuentas_macroeconomicas/5_2_1_anual.xls,2026-07-22T15:17:12Z
bcv_pib_sector_institucional_anual,Producto interno bruto por sector institucional anual,PIB por sector institucional,5_2_1_anual.xls,1997,Precios constantes,Variación porcentual interanual,Anual,2016,2016,,Sector institucional,Impuestos netos sobre los productos,-26.294268259670744,Porcentaje,Preliminar,Banco Central de Venezuela,https://www.bcv.org.ve/sites/default/files/cuentas_macroeconomicas/5_2_1_anual.xls,2026-07-22T15:17:12Z
bcv_pib_sector_institucional_anual,Producto interno bruto por sector institucional anual,Variaciones porcentuales,5_2_1_si_anual.xlsx,2007,Precios constantes,Variación porcentual interanual,Anual,2016,2016,,Sector institucional,Impuestos netos sobre los productos,-39.93531767259181,Porcentaje,,Banco Central de Venezuela,https://www.bcv.org.ve/sites/default/files/cuentas_macroeconomicas/5_2_1_si_anual.xlsx,2026-07-22T15:17:12Z
bcv_pib_sector_institucional_anual,Producto interno bruto por sector institucional anual,PIB por sector institucional,5_2_1_anual.xls,1997,Precios constantes,Nivel,Anual,2017,2017,,Sector institucional,Impuestos netos sobre los productos,32994.68,Bolívares,Preliminar,Banco Central de Venezuela,https://www.bcv.org.ve/sites/default/files/cuentas_macroeconomicas/5_2_1_anual.xls,2026-07-22T15:17:12Z
bcv_pib_sector_institucional_anual,Producto interno bruto por sector institucional anual,PIB por sector institucional,5_2_1_anual.xls,1997,Precios constantes,Variación porcentual interanual,Anual,2017,2017,,Sector institucional,Impuestos netos sobre los productos,-20.17131578399811,Porcentaje,Preliminar,Banco Central de Venezuela,https://www.bcv.org.ve/sites/default/files/cuentas_macroeconomicas/5_2_1_anual.xls,2026-07-22T15:17:12Z
bcv_pib_sector_institucional_anual,Producto interno bruto por sector institucional anual,Variaciones porcentuales,5_2_1_si_anual.xlsx,2007,Precios constantes,Variación porcentual interanual,Anual,2017,2017,,Sector institucional,Impuestos netos sobre los productos,-24.74688279077823,Porcentaje,Preliminar,Banco Central de Venezuela,https://www.bcv.org.ve/sites/default/files/cuentas_macroeconomicas/5_2_1_si_anual.xlsx,2026-07-22T15:17:12Z
bcv_pib_sector_institucional_anual,Producto interno bruto por sector institucional anual,PIB por sector institucional,5_2_1_anual.xls,1997,Precios constantes,Nivel,Anual,2018,2018,,Sector institucional,Impuestos netos sobre los productos,26530.09,Bolívares,Preliminar,Banco Central de Venezuela,https://www.bcv.org.ve/sites/default/files/cuentas_macroeconomicas/5_2_1_anual.xls,2026-07-22T15:17:12Z
bcv_pib_sector_institucional_anual,Producto interno bruto por sector institucional anual,PIB por sector institucional,5_2_1_anual.xls,1997,Precios constantes,Variación porcentual interanual,Anual,2018,2018,,Sector institucional,Impuestos netos sobre los productos,-19.592825267588594,Porcentaje,Preliminar,Banco Central de Venezuela,https://www.bcv.org.ve/sites/default/files/cuentas_macroeconomicas/5_2_1_anual.xls,2026-07-22T15:17:12Z
bcv_pib_sector_institucional_anual,Producto interno bruto por sector institucional anual,Variaciones porcentuales,5_2_1_si_anual.xlsx,2007,Precios constantes,Variación porcentual interanual,Anual,2018,2018,,Sector institucional,Impuestos netos sobre los productos,-29.712287752920176,Porcentaje,Preliminar,Banco Central de Venezuela,https://www.bcv.org.ve/sites/default/files/cuentas_macroeconomicas/5_2_1_si_anual.xlsx,2026-07-22T15:17:12Z
bcv_pib_sector_institucional_anual,Producto interno bruto por sector institucional anual,Variaciones porcentuales,5_2_1_si_anual.xlsx,2007,Precios constantes,Variación porcentual interanual,Anual,2019,2019,,Sector institucional,Impuestos netos sobre los productos,-49.30567508575913,Porcentaje,Preliminar,Banco Central de Venezuela,https://www.bcv.org.ve/sites/default/files/cuentas_macroeconomicas/5_2_1_si_anual.xlsx,2026-07-22T15:17:12Z
bcv_pib_sector_institucional_anual,Producto interno bruto por sector institucional anual,Variaciones porcentuales,5_2_1_si_anual.xlsx,2007,Precios constantes,Variación porcentual interanual,Anual,2020,2020,,Sector institucional,Impuestos netos sobre los productos,17.398019532121324,Porcentaje,Preliminar,Banco Central de Venezuela,https://www.bcv.org.ve/sites/default/files/cuentas_macroeconomicas/5_2_1_si_anual.xlsx,2026-07-22T15:17:12Z
bcv_pib_sector_institucional_anual,Producto interno bruto por sector institucional anual,Variaciones porcentuales,5_2_1_si_anual.xlsx,2007,Precios constantes,Variación porcentual interanual,Anual,2021,2021,,Sector institucional,Impuestos netos sobre los productos,40.87124002569692,Porcentaje,Preliminar,Banco Central de Venezuela,https://www.bcv.org.ve/sites/default/files/cuentas_macroeconomicas/5_2_1_si_anual.xlsx,2026-07-22T15:17:12Z
bcv_pib_sector_institucional_anual,Producto interno bruto por sector institucional anual,Variaciones porcentuales,5_2_1_si_anual.xlsx,2007,Precios constantes,Variación porcentual interanual,Anual,2022,2022,,Sector institucional,Impuestos netos sobre los productos,23.989172055606772,Porcentaje,Preliminar,Banco Central de Venezuela,https://www.bcv.org.ve/sites/default/files/cuentas_macroeconomicas/5_2_1_si_anual.xlsx,2026-07-22T15:17:12Z
bcv_pib_sector_institucional_anual,Producto interno bruto por sector institucional anual,Variaciones porcentuales,5_2_1_si_anual.xlsx,2007,Precios constantes,Variación porcentual interanual,Anual,2023,2023,,Sector institucional,Impuestos netos sobre los productos,10.393826023546481,Porcentaje,Preliminar,Banco Central de Venezuela,https://www.bcv.org.ve/sites/default/files/cuentas_macroeconomicas/5_2_1_si_anual.xlsx,2026-07-22T15:17:12Z
bcv_pib_sector_institucional_anual,Producto interno bruto por sector institucional anual,Variaciones porcentuales,5_2_1_si_anual.xlsx,2007,Precios constantes,Variación porcentual interanual,Anual,2024,2024,,Sector institucional,Impuestos netos sobre los productos,21.87313192934819,Porcentaje,Preliminar,Banco Central de Venezuela,https://www.bcv.org.ve/sites/default/files/cuentas_macroeconomicas/5_2_1_si_anual.xlsx,2026-07-22T15:17:12Z
bcv_pib_sector_institucional_anual,Producto interno bruto por sector institucional anual,Variaciones porcentuales,5_2_1_si_anual.xlsx,2007,Precios constantes,Variación porcentual interanual,Anual,2025,2025,,Sector institucional,Impuestos netos sobre los productos,8.997774666835952,Porcentaje,Preliminar,Banco Central de Venezuela,https://www.bcv.org.ve/sites/default/files/cuentas_macroeconomicas/5_2_1_si_anual.xlsx,2026-07-22T15:17:12Z
bcv_pib_sector_institucional_anual,Producto interno bruto por sector institucional anual,PIB por sector institucional,5_2_1_anual.xls,1997,Precios constantes,Nivel,Anual,1997,1997,,Sector institucional,Sector privado,246694.424,Bolívares,,Banco Central de Venezuela,https://www.bcv.org.ve/sites/default/files/cuentas_macroeconomicas/5_2_1_anual.xls,2026-07-22T15:17:12Z
bcv_pib_sector_institucional_anual,Producto interno bruto por sector institucional anual,PIB por sector institucional,5_2_1_anual.xls,1997,Precios constantes,Nivel,Anual,1998,1998,,Sector institucional,Sector privado,249440.17,Bolívares,,Banco Central de Venezuela,https://www.bcv.org.ve/sites/default/files/cuentas_macroeconomicas/5_2_1_anual.xls,2026-07-22T15:17:12Z
bcv_pib_sector_institucional_anual,Producto interno bruto por sector institucional anual,PIB por sector institucional,5_2_1_anual.xls,1997,Precios constantes,Variación porcentual interanual,Anual,1998,1998,,Sector institucional,Sector privado,1.1130150229905524,Porcentaje,,Banco Central de Venezuela,https://www.bcv.org.ve/sites/default/files/cuentas_macroeconomicas/5_2_1_anual.xls,2026-07-22T15:17:12Z
bcv_pib_sector_institucional_anual,Producto interno bruto por sector institucional anual,PIB por sector institucional,5_2_1_anual.xls,1997,Precios constantes,Nivel,Anual,1999,1999,,Sector institucional,Sector privado,232346.31999999998,Bolívares,,Banco Central de Venezuela,https://www.bcv.org.ve/sites/default/files/cuentas_macroeconomicas/5_2_1_anual.xls,2026-07-22T15:17:12Z
bcv_pib_sector_institucional_anual,Producto interno bruto por sector institucional anual,PIB por sector institucional,5_2_1_anual.xls,1997,Precios constantes,Variación porcentual interanual,Anual,1999,1999,,Sector institucional,Sector privado,-6.852885804239165,Porcentaje,,Banco Central de Venezuela,https://www.bcv.org.ve/sites/default/files/cuentas_macroeconomicas/5_2_1_anual.xls,2026-07-22T15:17:12Z
bcv_pib_sector_institucional_anual,Producto interno bruto por sector institucional anual,PIB por sector institucional,5_2_1_anual.xls,1997,Precios constantes,Nivel,Anual,2000,2000,,Sector institucional,Sector privado,242141.8,Bolívares,,Banco Central de Venezuela,https://www.bcv.org.ve/sites/default/files/cuentas_macroeconomicas/5_2_1_anual.xls,2026-07-22T15:17:12Z
bcv_pib_sector_institucional_anual,Producto interno bruto por sector institucional anual,PIB por sector institucional,5_2_1_anual.xls,1997,Precios constantes,Variación porcentual interanual,Anual,2000,2000,,Sector institucional,Sector privado,4.215896339567607,Porcentaje,,Banco Central de Venezuela,https://www.bcv.org.ve/sites/default/files/cuentas_macroeconomicas/5_2_1_anual.xls,2026-07-22T15:17:12Z
bcv_pib_sector_institucional_anual,Producto interno bruto por sector institucional anual,PIB por sector institucional,5_2_1_anual.xls,1997,Precios constantes,Nivel,Anual,2001,2001,,Sector institucional,Sector privado,253960.41999999998,Bolívares,,Banco Central de Venezuela,https://www.bcv.org.ve/sites/default/files/cuentas_macroeconomicas/5_2_1_anual.xls,2026-07-22T15:17:12Z
bcv_pib_sector_institucional_anual,Producto interno bruto por sector institucional anual,PIB por sector institucional,5_2_1_anual.xls,1997,Precios constantes,Variación porcentual interanual,Anual,2001,2001,,Sector institucional,Sector privado,4.880867326500422,Porcentaje,,Banco Central de Venezuela,https://www.bcv.org.ve/sites/default/files/cuentas_macroeconomicas/5_2_1_anual.xls,2026-07-22T15:17:12Z
bcv_pib_sector_institucional_anual,Producto interno bruto por sector institucional anual,PIB por sector institucional,5_2_1_anual.xls,1997,Precios constantes,Nivel,Anual,2002,2002,,Sector institucional,Sector privado,239109.94,Bolívares,,Banco Central de Venezuela,https://www.bcv.org.ve/sites/default/files/cuentas_macroeconomicas/5_2_1_anual.xls,2026-07-22T15:17:12Z
bcv_pib_sector_institucional_anual,Producto interno bruto por sector institucional anual,PIB por sector institucional,5_2_1_anual.xls,1997,Precios constantes,Variación porcentual interanual,Anual,2002,2002,,Sector institucional,Sector privado,-5.847556875201249,Porcentaje,,Banco Central de Venezuela,https://www.bcv.org.ve/sites/default/files/cuentas_macroeconomicas/5_2_1_anual.xls,2026-07-22T15:17:12Z
bcv_pib_sector_institucional_anual,Producto interno bruto por sector institucional anual,PIB por sector institucional,5_2_1_anual.xls,1997,Precios constantes,Nivel,Anual,2003,2003,,Sector institucional,Sector privado,217928.28,Bolívares,,Banco Central de Venezuela,https://www.bcv.org.ve/sites/default/files/cuentas_macroeconomicas/5_2_1_anual.xls,2026-07-22T15:17:12Z
bcv_pib_sector_institucional_anual,Producto interno bruto por sector institucional anual,PIB por sector institucional,5_2_1_anual.xls,1997,Precios constantes,Variación porcentual interanual,Anual,2003,2003,,Sector institucional,Sector privado,-8.85854431647634,Porcentaje,,Banco Central de Venezuela,https://www.bcv.org.ve/sites/default/files/cuentas_macroeconomicas/5_2_1_anual.xls,2026-07-22T15:17:12Z
bcv_pib_sector_institucional_anual,Producto interno bruto por sector institucional anual,PIB por sector institucional,5_2_1_anual.xls,1997,Precios constantes,Nivel,Anual,2004,2004,,Sector institucional,Sector privado,255477.76,Bolívares,,Banco Central de Venezuela,https://www.bcv.org.ve/sites/default/files/cuentas_macroeconomicas/5_2_1_anual.xls,2026-07-22T15:17:12Z
bcv_pib_sector_institucional_anual,Producto interno bruto por sector institucional anual,PIB por sector institucional,5_2_1_anual.xls,1997,Precios constantes,Variación porcentual interanual,Anual,2004,2004,,Sector institucional,Sector privado,17.230200688042885,Porcentaje,,Banco Central de Venezuela,https://www.bcv.org.ve/sites/default/files/cuentas_macroeconomicas/5_2_1_anual.xls,2026-07-22T15:17:12Z
bcv_pib_sector_institucional_anual,Producto interno bruto por sector institucional anual,PIB por sector institucional,5_2_1_anual.xls,1997,Precios constantes,Nivel,Anual,2005,2005,,Sector institucional,Sector privado,288502.29000000004,Bolívares,,Banco Central de Venezuela,https://www.bcv.org.ve/sites/default/files/cuentas_macroeconomicas/5_2_1_anual.xls,2026-07-22T15:17:12Z
bcv_pib_sector_institucional_anual,Producto interno bruto por sector institucional anual,PIB por sector institucional,5_2_1_anual.xls,1997,Precios constantes,Variación porcentual interanual,Anual,2005,2005,,Sector institucional,Sector privado,12.926577248837631,Porcentaje,,Banco Central de Venezuela,https://www.bcv.org.ve/sites/default/files/cuentas_macroeconomicas/5_2_1_anual.xls,2026-07-22T15:17:12Z
bcv_pib_sector_institucional_anual,Producto interno bruto por sector institucional anual,PIB por sector institucional,5_2_1_anual.xls,1997,Precios constantes,Nivel,Anual,2006,2006,,Sector institucional,Sector privado,321230.22,Bolívares,,Banco Central de Venezuela,https://www.bcv.org.ve/sites/default/files/cuentas_macroeconomicas/5_2_1_anual.xls,2026-07-22T15:17:12Z
bcv_pib_sector_institucional_anual,Producto interno bruto por sector institucional anual,PIB por sector institucional,5_2_1_anual.xls,1997,Precios constantes,Variación porcentual interanual,Anual,2006,2006,,Sector institucional,Sector privado,11.344079799158592,Porcentaje,,Banco Central de Venezuela,https://www.bcv.org.ve/sites/default/files/cuentas_macroeconomicas/5_2_1_anual.xls,2026-07-22T15:17:12Z
bcv_pib_sector_institucional_anual,Producto interno bruto por sector institucional anual,PIB por sector institucional,5_2_1_anual.xls,1997,Precios constantes,Nivel,Anual,2007,2007,,Sector institucional,Sector privado,346087.71,Bolívares,,Banco Central de Venezuela,https://www.bcv.org.ve/sites/default/files/cuentas_macroeconomicas/5_2_1_anual.xls,2026-07-22T15:17:12Z
bcv_pib_sector_institucional_anual,Producto interno bruto por sector institucional anual,PIB por sector institucional,5_2_1_anual.xls,1997,Precios constantes,Variación porcentual interanual,Anual,2007,2007,,Sector institucional,Sector privado,7.738216535169087,Porcentaje,,Banco Central de Venezuela,https://www.bcv.org.ve/sites/default/files/cuentas_macroeconomicas/5_2_1_anual.xls,2026-07-22T15:17:12Z
bcv_pib_sector_institucional_anual,Producto interno bruto por sector institucional anual,PIB por sector institucional,5_2_1_anual.xls,1997,Precios constantes,Nivel,Anual,2008,2008,,Sector institucional,Sector privado,347593.74,Bolívares,Preliminar,Banco Central de Venezuela,https://www.bcv.org.ve/sites/default/files/cuentas_macroeconomicas/5_2_1_anual.xls,2026-07-22T15:17:12Z
bcv_pib_sector_institucional_anual,Producto interno bruto por sector institucional anual,PIB por sector institucional,5_2_1_anual.xls,1997,Precios constantes,Variación porcentual interanual,Anual,2008,2008,,Sector institucional,Sector privado,0.4351584747114998,Porcentaje,Preliminar,Banco Central de Venezuela,https://www.bcv.org.ve/sites/default/files/cuentas_macroeconomicas/5_2_1_anual.xls,2026-07-22T15:17:12Z
bcv_pib_sector_institucional_anual,Producto interno bruto por sector institucional anual,Variaciones porcentuales,5_2_1_si_anual.xlsx,2007,Precios constantes,Variación porcentual interanual,Anual,2008,2008,,Sector institucional,Sector privado,-4.719403361133246,Porcentaje,,Banco Central de Venezuela,https://www.bcv.org.ve/sites/default/files/cuentas_macroeconomicas/5_2_1_si_anual.xlsx,2026-07-22T15:17:12Z
bcv_pib_sector_institucional_anual,Producto interno bruto por sector institucional anual,PIB por sector institucional,5_2_1_anual.xls,1997,Precios constantes,Nivel,Anual,2009,2009,,Sector institucional,Sector privado,332731.01,Bolívares,Preliminar,Banco Central de Venezuela,https://www.bcv.org.ve/sites/default/files/cuentas_macroeconomicas/5_2_1_anual.xls,2026-07-22T15:17:12Z
bcv_pib_sector_institucional_anual,Producto interno bruto por sector institucional anual,PIB por sector institucional,5_2_1_anual.xls,1997,Precios constantes,Variación porcentual interanual,Anual,2009,2009,,Sector institucional,Sector privado,-4.275891159604882,Porcentaje,Preliminar,Banco Central de Venezuela,https://www.bcv.org.ve/sites/default/files/cuentas_macroeconomicas/5_2_1_anual.xls,2026-07-22T15:17:12Z
bcv_pib_sector_institucional_anual,Producto interno bruto por sector institucional anual,Variaciones porcentuales,5_2_1_si_anual.xlsx,2007,Precios constantes,Variación porcentual interanual,Anual,2009,2009,,Sector institucional,Sector privado,-5.2811570904018055,Porcentaje,,Banco Central de Venezuela,https://www.bcv.org.ve/sites/default/files/cuentas_macroeconomicas/5_2_1_si_anual.xlsx,2026-07-22T15:17:12Z
bcv_pib_sector_institucional_anual,Producto interno bruto por sector institucional anual,PIB por sector institucional,5_2_1_anual.xls,1997,Precios constantes,Nivel,Anual,2010,2010,,Sector institucional,Sector privado,325675.79,Bolívares,Preliminar,Banco Central de Venezuela,https://www.bcv.org.ve/sites/default/files/cuentas_macroeconomicas/5_2_1_anual.xls,2026-07-22T15:17:12Z
bcv_pib_sector_institucional_anual,Producto interno bruto por sector institucional anual,PIB por sector institucional,5_2_1_anual.xls,1997,Precios constantes,Variación porcentual interanual,Anual,2010,2010,,Sector institucional,Sector privado,-2.120397494660935,Porcentaje,Preliminar,Banco Central de Venezuela,https://www.bcv.org.ve/sites/default/files/cuentas_macroeconomicas/5_2_1_anual.xls,2026-07-22T15:17:12Z
bcv_pib_sector_institucional_anual,Producto interno bruto por sector institucional anual,Variaciones porcentuales,5_2_1_si_anual.xlsx,2007,Precios constantes,Variación porcentual interanual,Anual,2010,2010,,Sector institucional,Sector privado,-1.4514545123192448,Porcentaje,,Banco Central de Venezuela,https://www.bcv.org.ve/sites/default/files/cuentas_macroeconomicas/5_2_1_si_anual.xlsx,2026-07-22T15:17:12Z
bcv_pib_sector_institucional_anual,Producto interno bruto por sector institucional anual,PIB por sector institucional,5_2_1_anual.xls,1997,Precios constantes,Nivel,Anual,2011,2011,,Sector institucional,Sector privado,336278.8,Bolívares,Preliminar,Banco Central de Venezuela,https://www.bcv.org.ve/sites/default/files/cuentas_macroeconomicas/5_2_1_anual.xls,2026-07-22T15:17:12Z
bcv_pib_sector_institucional_anual,Producto interno bruto por sector institucional anual,PIB por sector institucional,5_2_1_anual.xls,1997,Precios constantes,Variación porcentual interanual,Anual,2011,2011,,Sector institucional,Sector privado,3.2556948737270375,Porcentaje,Preliminar,Banco Central de Venezuela,https://www.bcv.org.ve/sites/default/files/cuentas_macroeconomicas/5_2_1_anual.xls,2026-07-22T15:17:12Z
bcv_pib_sector_institucional_anual,Producto interno bruto por sector institucional anual,Variaciones porcentuales,5_2_1_si_anual.xlsx,2007,Precios constantes,Variación porcentual interanual,Anual,2011,2011,,Sector institucional,Sector privado,2.91550823349867,Porcentaje,,Banco Central de Venezuela,https://www.bcv.org.ve/sites/default/files/cuentas_macroeconomicas/5_2_1_si_anual.xlsx,2026-07-22T15:17:12Z
bcv_pib_sector_institucional_anual,Producto interno bruto por sector institucional anual,PIB por sector institucional,5_2_1_anual.xls,1997,Precios constantes,Nivel,Anual,2012,2012,,Sector institucional,Sector privado,356351.85,Bolívares,Preliminar,Banco Central de Venezuela,https://www.bcv.org.ve/sites/default/files/cuentas_macroeconomicas/5_2_1_anual.xls,2026-07-22T15:17:12Z
bcv_pib_sector_institucional_anual,Producto interno bruto por sector institucional anual,PIB por sector institucional,5_2_1_anual.xls,1997,Precios constantes,Variación porcentual interanual,Anual,2012,2012,,Sector institucional,Sector privado,5.969169034741412,Porcentaje,Preliminar,Banco Central de Venezuela,https://www.bcv.org.ve/sites/default/files/cuentas_macroeconomicas/5_2_1_anual.xls,2026-07-22T15:17:12Z
bcv_pib_sector_institucional_anual,Producto interno bruto por sector institucional anual,Variaciones porcentuales,5_2_1_si_anual.xlsx,2007,Precios constantes,Variación porcentual interanual,Anual,2012,2012,,Sector institucional,Sector privado,5.158444788063221,Porcentaje,,Banco Central de Venezuela,https://www.bcv.org.ve/sites/default/files/cuentas_macroeconomicas/5_2_1_si_anual.xlsx,2026-07-22T15:17:12Z
bcv_pib_sector_institucional_anual,Producto interno bruto por sector institucional anual,PIB por sector institucional,5_2_1_anual.xls,1997,Precios constantes,Nivel,Anual,2013,2013,,Sector institucional,Sector privado,360800.82,Bolívares,Preliminar,Banco Central de Venezuela,https://www.bcv.org.ve/sites/default/files/cuentas_macroeconomicas/5_2_1_anual.xls,2026-07-22T15:17:12Z
bcv_pib_sector_institucional_anual,Producto interno bruto por sector institucional anual,PIB por sector institucional,5_2_1_anual.xls,1997,Precios constantes,Variación porcentual interanual,Anual,2013,2013,,Sector institucional,Sector privado,1.2484767512782753,Porcentaje,Preliminar,Banco Central de Venezuela,https://www.bcv.org.ve/sites/default/files/cuentas_macroeconomicas/5_2_1_anual.xls,2026-07-22T15:17:12Z
bcv_pib_sector_institucional_anual,Producto interno bruto por sector institucional anual,Variaciones porcentuales,5_2_1_si_anual.xlsx,2007,Precios constantes,Variación porcentual interanual,Anual,2013,2013,,Sector institucional,Sector privado,-0.20324132765566105,Porcentaje,,Banco Central de Venezuela,https://www.bcv.org.ve/sites/default/files/cuentas_macroeconomicas/5_2_1_si_anual.xlsx,2026-07-22T15:17:12Z
bcv_pib_sector_institucional_anual,Producto interno bruto por sector institucional anual,PIB por sector institucional,5_2_1_anual.xls,1997,Precios constantes,Nivel,Anual,2014,2014,,Sector institucional,Sector privado,342693.17000000004,Bolívares,Preliminar,Banco Central de Venezuela,https://www.bcv.org.ve/sites/default/files/cuentas_macroeconomicas/5_2_1_anual.xls,2026-07-22T15:17:12Z
bcv_pib_sector_institucional_anual,Producto interno bruto por sector institucional anual,PIB por sector institucional,5_2_1_anual.xls,1997,Precios constantes,Variación porcentual interanual,Anual,2014,2014,,Sector institucional,Sector privado,-5.018738593775922,Porcentaje,Preliminar,Banco Central de Venezuela,https://www.bcv.org.ve/sites/default/files/cuentas_macroeconomicas/5_2_1_anual.xls,2026-07-22T15:17:12Z
bcv_pib_sector_institucional_anual,Producto interno bruto por sector institucional anual,Variaciones porcentuales,5_2_1_si_anual.xlsx,2007,Precios constantes,Variación porcentual interanual,Anual,2014,2014,,Sector institucional,Sector privado,-1.875445690090757,Porcentaje,,Banco Central de Venezuela,https://www.bcv.org.ve/sites/default/files/cuentas_macroeconomicas/5_2_1_si_anual.xlsx,2026-07-22T15:17:12Z
bcv_pib_sector_institucional_anual,Producto interno bruto por sector institucional anual,PIB por sector institucional,5_2_1_anual.xls,1997,Precios constantes,Nivel,Anual,2015,2015,,Sector institucional,Sector privado,310616.57000000007,Bolívares,Preliminar,Banco Central de Venezuela,https://www.bcv.org.ve/sites/default/files/cuentas_macroeconomicas/5_2_1_anual.xls,2026-07-22T15:17:12Z
bcv_pib_sector_institucional_anual,Producto interno bruto por sector institucional anual,PIB por sector institucional,5_2_1_anual.xls,1997,Precios constantes,Variación porcentual interanual,Anual,2015,2015,,Sector institucional,Sector privado,-9.36015153147055,Porcentaje,Preliminar,Banco Central de Venezuela,https://www.bcv.org.ve/sites/default/files/cuentas_macroeconomicas/5_2_1_anual.xls,2026-07-22T15:17:12Z
bcv_pib_sector_institucional_anual,Producto interno bruto por sector institucional anual,Variaciones porcentuales,5_2_1_si_anual.xlsx,2007,Precios constantes,Variación porcentual interanual,Anual,2015,2015,,Sector institucional,Sector privado,-8.395199179579066,Porcentaje,,Banco Central de Venezuela,https://www.bcv.org.ve/sites/default/files/cuentas_macroeconomicas/5_2_1_si_anual.xlsx,2026-07-22T15:17:12Z
bcv_pib_sector_institucional_anual,Producto interno bruto por sector institucional anual,PIB por sector institucional,5_2_1_anual.xls,1997,Precios constantes,Nivel,Anual,2016,2016,,Sector institucional,Sector privado,239218.91999999998,Bolívares,Preliminar,Banco Central de Venezuela,https://www.bcv.org.ve/sites/default/files/cuentas_macroeconomicas/5_2_1_anual.xls,2026-07-22T15:17:12Z
bcv_pib_sector_institucional_anual,Producto interno bruto por sector institucional anual,PIB por sector institucional,5_2_1_anual.xls,1997,Precios constantes,Variación porcentual interanual,Anual,2016,2016,,Sector institucional,Sector privado,-22.985782761042046,Porcentaje,Preliminar,Banco Central de Venezuela,https://www.bcv.org.ve/sites/default/files/cuentas_macroeconomicas/5_2_1_anual.xls,2026-07-22T15:17:12Z
bcv_pib_sector_institucional_anual,Producto interno bruto por sector institucional anual,Variaciones porcentuales,5_2_1_si_anual.xlsx,2007,Precios constantes,Variación porcentual interanual,Anual,2016,2016,,Sector institucional,Sector privado,-22.064707265460413,Porcentaje,,Banco Central de Venezuela,https://www.bcv.org.ve/sites/default/files/cuentas_macroeconomicas/5_2_1_si_anual.xlsx,2026-07-22T15:17:12Z
bcv_pib_sector_institucional_anual,Producto interno bruto por sector institucional anual,PIB por sector institucional,5_2_1_anual.xls,1997,Precios constantes,Nivel,Anual,2017,2017,,Sector institucional,Sector privado,188092.19,Bolívares,Preliminar,Banco Central de Venezuela,https://www.bcv.org.ve/sites/default/files/cuentas_macroeconomicas/5_2_1_anual.xls,2026-07-22T15:17:12Z
bcv_pib_sector_institucional_anual,Producto interno bruto por sector institucional anual,PIB por sector institucional,5_2_1_anual.xls,1997,Precios constantes,Variación porcentual interanual,Anual,2017,2017,,Sector institucional,Sector privado,-21.372360513959336,Porcentaje,Preliminar,Banco Central de Venezuela,https://www.bcv.org.ve/sites/default/files/cuentas_macroeconomicas/5_2_1_anual.xls,2026-07-22T15:17:12Z
bcv_pib_sector_institucional_anual,Producto interno bruto por sector institucional anual,Variaciones porcentuales,5_2_1_si_anual.xlsx,2007,Precios constantes,Variación porcentual interanual,Anual,2017,2017,,Sector institucional,Sector privado,-18.61679965906552,Porcentaje,Preliminar,Banco Central de Venezuela,https://www.bcv.org.ve/sites/default/files/cuentas_macroeconomicas/5_2_1_si_anual.xlsx,2026-07-22T15:17:12Z
bcv_pib_sector_institucional_anual,Producto interno bruto por sector institucional anual,PIB por sector institucional,5_2_1_anual.xls,1997,Precios constantes,Nivel,Anual,2018,2018,,Sector institucional,Sector privado,142473.38,Bolívares,Preliminar,Banco Central de Venezuela,https://www.bcv.org.ve/sites/default/files/cuentas_macroeconomicas/5_2_1_anual.xls,2026-07-22T15:17:12Z
bcv_pib_sector_institucional_anual,Producto interno bruto por sector institucional anual,PIB por sector institucional,5_2_1_anual.xls,1997,Precios constantes,Variación porcentual interanual,Anual,2018,2018,,Sector institucional,Sector privado,-24.253431256236638,Porcentaje,Preliminar,Banco Central de Venezuela,https://www.bcv.org.ve/sites/default/files/cuentas_macroeconomicas/5_2_1_anual.xls,2026-07-22T15:17:12Z
bcv_pib_sector_institucional_anual,Producto interno bruto por sector institucional anual,Variaciones porcentuales,5_2_1_si_anual.xlsx,2007,Precios constantes,Variación porcentual interanual,Anual,2018,2018,,Sector institucional,Sector privado,-23.039584470492272,Porcentaje,Preliminar,Banco Central de Venezuela,https://www.bcv.org.ve/sites/default/files/cuentas_macroeconomicas/5_2_1_si_anual.xlsx,2026-07-22T15:17:12Z
bcv_pib_sector_institucional_anual,Producto interno bruto por sector institucional anual,Variaciones porcentuales,5_2_1_si_anual.xlsx,2007,Precios constantes,Variación porcentual interanual,Anual,2019,2019,,Sector institucional,Sector privado,-26.873836075966366,Porcentaje,Preliminar,Banco Central de Venezuela,https://www.bcv.org.ve/sites/default/files/cuentas_macroeconomicas/5_2_1_si_anual.xlsx,2026-07-22T15:17:12Z
bcv_pib_sector_institucional_anual,Producto interno bruto por sector institucional anual,Variaciones porcentuales,5_2_1_si_anual.xlsx,2007,Precios constantes,Variación porcentual interanual,Anual,2020,2020,,Sector institucional,Sector privado,-23.80480228360061,Porcentaje,Preliminar,Banco Central de Venezuela,https://www.bcv.org.ve/sites/default/files/cuentas_macroeconomicas/5_2_1_si_anual.xlsx,2026-07-22T15:17:12Z
bcv_pib_sector_institucional_anual,Producto interno bruto por sector institucional anual,Variaciones porcentuales,5_2_1_si_anual.xlsx,2007,Precios constantes,Variación porcentual interanual,Anual,2021,2021,,Sector institucional,Sector privado,0.6966104354267202,Porcentaje,Preliminar,Banco Central de Venezuela,https://www.bcv.org.ve/sites/default/files/cuentas_macroeconomicas/5_2_1_si_anual.xlsx,2026-07-22T15:17:12Z
bcv_pib_sector_institucional_anual,Producto interno bruto por sector institucional anual,Variaciones porcentuales,5_2_1_si_anual.xlsx,2007,Precios constantes,Variación porcentual interanual,Anual,2022,2022,,Sector institucional,Sector privado,15.629331275817492,Porcentaje,Preliminar,Banco Central de Venezuela,https://www.bcv.org.ve/sites/default/files/cuentas_macroeconomicas/5_2_1_si_anual.xlsx,2026-07-22T15:17:12Z
bcv_pib_sector_institucional_anual,Producto interno bruto por sector institucional anual,Variaciones porcentuales,5_2_1_si_anual.xlsx,2007,Precios constantes,Variación porcentual interanual,Anual,2023,2023,,Sector institucional,Sector privado,6.065288029039735,Porcentaje,Preliminar,Banco Central de Venezuela,https://www.bcv.org.ve/sites/default/files/cuentas_macroeconomicas/5_2_1_si_anual.xlsx,2026-07-22T15:17:12Z
bcv_pib_sector_institucional_anual,Producto interno bruto por sector institucional anual,Variaciones porcentuales,5_2_1_si_anual.xlsx,2007,Precios constantes,Variación porcentual interanual,Anual,2024,2024,,Sector institucional,Sector privado,7.65171447182567,Porcentaje,Preliminar,Banco Central de Venezuela,https://www.bcv.org.ve/sites/default/files/cuentas_macroeconomicas/5_2_1_si_anual.xlsx,2026-07-22T15:17:12Z
bcv_pib_sector_institucional_anual,Producto interno bruto por sector institucional anual,Variaciones porcentuales,5_2_1_si_anual.xlsx,2007,Precios constantes,Variación porcentual interanual,Anual,2025,2025,,Sector institucional,Sector privado,8.479288465243556,Porcentaje,Preliminar,Banco Central de Venezuela,https://www.bcv.org.ve/sites/default/files/cuentas_macroeconomicas/5_2_1_si_anual.xlsx,2026-07-22T15:17:12Z
bcv_pib_sector_institucional_anual,Producto interno bruto por sector institucional anual,PIB por sector institucional,5_2_1_anual.xls,1997,Precios constantes,Nivel,Anual,1997,1997,,Sector institucional,Sector público,135799.55,Bolívares,,Banco Central de Venezuela,https://www.bcv.org.ve/sites/default/files/cuentas_macroeconomicas/5_2_1_anual.xls,2026-07-22T15:17:12Z
bcv_pib_sector_institucional_anual,Producto interno bruto por sector institucional anual,PIB por sector institucional,5_2_1_anual.xls,1997,Precios constantes,Nivel,Anual,1998,1998,,Sector institucional,Sector público,132922.95,Bolívares,,Banco Central de Venezuela,https://www.bcv.org.ve/sites/default/files/cuentas_macroeconomicas/5_2_1_anual.xls,2026-07-22T15:17:12Z
bcv_pib_sector_institucional_anual,Producto interno bruto por sector institucional anual,PIB por sector institucional,5_2_1_anual.xls,1997,Precios constantes,Variación porcentual interanual,Anual,1998,1998,,Sector institucional,Sector público,-2.1182691695222644,Porcentaje,,Banco Central de Venezuela,https://www.bcv.org.ve/sites/default/files/cuentas_macroeconomicas/5_2_1_anual.xls,2026-07-22T15:17:12Z
bcv_pib_sector_institucional_anual,Producto interno bruto por sector institucional anual,PIB por sector institucional,5_2_1_anual.xls,1997,Precios constantes,Nivel,Anual,1999,1999,,Sector institucional,Sector público,126054.5,Bolívares,,Banco Central de Venezuela,https://www.bcv.org.ve/sites/default/files/cuentas_macroeconomicas/5_2_1_anual.xls,2026-07-22T15:17:12Z
bcv_pib_sector_institucional_anual,Producto interno bruto por sector institucional anual,PIB por sector institucional,5_2_1_anual.xls,1997,Precios constantes,Variación porcentual interanual,Anual,1999,1999,,Sector institucional,Sector público,-5.167241623812899,Porcentaje,,Banco Central de Venezuela,https://www.bcv.org.ve/sites/default/files/cuentas_macroeconomicas/5_2_1_anual.xls,2026-07-22T15:17:12Z
bcv_pib_sector_institucional_anual,Producto interno bruto por sector institucional anual,PIB por sector institucional,5_2_1_anual.xls,1997,Precios constantes,Nivel,Anual,2000,2000,,Sector institucional,Sector público,129830.67,Bolívares,,Banco Central de Venezuela,https://www.bcv.org.ve/sites/default/files/cuentas_macroeconomicas/5_2_1_anual.xls,2026-07-22T15:17:12Z
bcv_pib_sector_institucional_anual,Producto interno bruto por sector institucional anual,PIB por sector institucional,5_2_1_anual.xls,1997,Precios constantes,Variación porcentual interanual,Anual,2000,2000,,Sector institucional,Sector público,2.995664573656626,Porcentaje,,Banco Central de Venezuela,https://www.bcv.org.ve/sites/default/files/cuentas_macroeconomicas/5_2_1_anual.xls,2026-07-22T15:17:12Z
bcv_pib_sector_institucional_anual,Producto interno bruto por sector institucional anual,PIB por sector institucional,5_2_1_anual.xls,1997,Precios constantes,Nivel,Anual,2001,2001,,Sector institucional,Sector público,129078.2,Bolívares,,Banco Central de Venezuela,https://www.bcv.org.ve/sites/default/files/cuentas_macroeconomicas/5_2_1_anual.xls,2026-07-22T15:17:12Z
bcv_pib_sector_institucional_anual,Producto interno bruto por sector institucional anual,PIB por sector institucional,5_2_1_anual.xls,1997,Precios constantes,Variación porcentual interanual,Anual,2001,2001,,Sector institucional,Sector público,-0.579577999558964,Porcentaje,,Banco Central de Venezuela,https://www.bcv.org.ve/sites/default/files/cuentas_macroeconomicas/5_2_1_anual.xls,2026-07-22T15:17:12Z
bcv_pib_sector_institucional_anual,Producto interno bruto por sector institucional anual,PIB por sector institucional,5_2_1_anual.xls,1997,Precios constantes,Nivel,Anual,2002,2002,,Sector institucional,Sector público,114741.26999999999,Bolívares,,Banco Central de Venezuela,https://www.bcv.org.ve/sites/default/files/cuentas_macroeconomicas/5_2_1_anual.xls,2026-07-22T15:17:12Z
bcv_pib_sector_institucional_anual,Producto interno bruto por sector institucional anual,PIB por sector institucional,5_2_1_anual.xls,1997,Precios constantes,Variación porcentual interanual,Anual,2002,2002,,Sector institucional,Sector público,-11.1071660435302,Porcentaje,,Banco Central de Venezuela,https://www.bcv.org.ve/sites/default/files/cuentas_macroeconomicas/5_2_1_anual.xls,2026-07-22T15:17:12Z
bcv_pib_sector_institucional_anual,Producto interno bruto por sector institucional anual,PIB por sector institucional,5_2_1_anual.xls,1997,Precios constantes,Nivel,Anual,2003,2003,,Sector institucional,Sector público,113292.47,Bolívares,,Banco Central de Venezuela,https://www.bcv.org.ve/sites/default/files/cuentas_macroeconomicas/5_2_1_anual.xls,2026-07-22T15:17:12Z
bcv_pib_sector_institucional_anual,Producto interno bruto por sector institucional anual,PIB por sector institucional,5_2_1_anual.xls,1997,Precios constantes,Variación porcentual interanual,Anual,2003,2003,,Sector institucional,Sector público,-1.2626668678148576,Porcentaje,,Banco Central de Venezuela,https://www.bcv.org.ve/sites/default/files/cuentas_macroeconomicas/5_2_1_anual.xls,2026-07-22T15:17:12Z
bcv_pib_sector_institucional_anual,Producto interno bruto por sector institucional anual,PIB por sector institucional,5_2_1_anual.xls,1997,Precios constantes,Nivel,Anual,2004,2004,,Sector institucional,Sector público,127471.15000000001,Bolívares,,Banco Central de Venezuela,https://www.bcv.org.ve/sites/default/files/cuentas_macroeconomicas/5_2_1_anual.xls,2026-07-22T15:17:12Z
bcv_pib_sector_institucional_anual,Producto interno bruto por sector institucional anual,PIB por sector institucional,5_2_1_anual.xls,1997,Precios constantes,Variación porcentual interanual,Anual,2004,2004,,Sector institucional,Sector público,12.515112434215638,Porcentaje,,Banco Central de Venezuela,https://www.bcv.org.ve/sites/default/files/cuentas_macroeconomicas/5_2_1_anual.xls,2026-07-22T15:17:12Z
bcv_pib_sector_institucional_anual,Producto interno bruto por sector institucional anual,PIB por sector institucional,5_2_1_anual.xls,1997,Precios constantes,Nivel,Anual,2005,2005,,Sector institucional,Sector público,131062.48000000001,Bolívares,,Banco Central de Venezuela,https://www.bcv.org.ve/sites/default/files/cuentas_macroeconomicas/5_2_1_anual.xls,2026-07-22T15:17:12Z
bcv_pib_sector_institucional_anual,Producto interno bruto por sector institucional anual,PIB por sector institucional,5_2_1_anual.xls,1997,Precios constantes,Variación porcentual interanual,Anual,2005,2005,,Sector institucional,Sector público,2.8173669100812333,Porcentaje,,Banco Central de Venezuela,https://www.bcv.org.ve/sites/default/files/cuentas_macroeconomicas/5_2_1_anual.xls,2026-07-22T15:17:12Z
bcv_pib_sector_institucional_anual,Producto interno bruto por sector institucional anual,PIB por sector institucional,5_2_1_anual.xls,1997,Precios constantes,Nivel,Anual,2006,2006,,Sector institucional,Sector público,134600.16999999998,Bolívares,,Banco Central de Venezuela,https://www.bcv.org.ve/sites/default/files/cuentas_macroeconomicas/5_2_1_anual.xls,2026-07-22T15:17:12Z
bcv_pib_sector_institucional_anual,Producto interno bruto por sector institucional anual,PIB por sector institucional,5_2_1_anual.xls,1997,Precios constantes,Variación porcentual interanual,Anual,2006,2006,,Sector institucional,Sector público,2.699239324633538,Porcentaje,,Banco Central de Venezuela,https://www.bcv.org.ve/sites/default/files/cuentas_macroeconomicas/5_2_1_anual.xls,2026-07-22T15:17:12Z
bcv_pib_sector_institucional_anual,Producto interno bruto por sector institucional anual,PIB por sector institucional,5_2_1_anual.xls,1997,Precios constantes,Nivel,Anual,2007,2007,,Sector institucional,Sector público,144753.6,Bolívares,,Banco Central de Venezuela,https://www.bcv.org.ve/sites/default/files/cuentas_macroeconomicas/5_2_1_anual.xls,2026-07-22T15:17:12Z
bcv_pib_sector_institucional_anual,Producto interno bruto por sector institucional anual,PIB por sector institucional,5_2_1_anual.xls,1997,Precios constantes,Variación porcentual interanual,Anual,2007,2007,,Sector institucional,Sector público,7.5434005766857695,Porcentaje,,Banco Central de Venezuela,https://www.bcv.org.ve/sites/default/files/cuentas_macroeconomicas/5_2_1_anual.xls,2026-07-22T15:17:12Z
bcv_pib_sector_institucional_anual,Producto interno bruto por sector institucional anual,PIB por sector institucional,5_2_1_anual.xls,1997,Precios constantes,Nivel,Anual,2008,2008,,Sector institucional,Sector público,169151.12,Bolívares,Preliminar,Banco Central de Venezuela,https://www.bcv.org.ve/sites/default/files/cuentas_macroeconomicas/5_2_1_anual.xls,2026-07-22T15:17:12Z
bcv_pib_sector_institucional_anual,Producto interno bruto por sector institucional anual,PIB por sector institucional,5_2_1_anual.xls,1997,Precios constantes,Variación porcentual interanual,Anual,2008,2008,,Sector institucional,Sector público,16.854516917023133,Porcentaje,Preliminar,Banco Central de Venezuela,https://www.bcv.org.ve/sites/default/files/cuentas_macroeconomicas/5_2_1_anual.xls,2026-07-22T15:17:12Z
bcv_pib_sector_institucional_anual,Producto interno bruto por sector institucional anual,Variaciones porcentuales,5_2_1_si_anual.xlsx,2007,Precios constantes,Variación porcentual interanual,Anual,2008,2008,,Sector institucional,Sector público,18.752415825882764,Porcentaje,,Banco Central de Venezuela,https://www.bcv.org.ve/sites/default/files/cuentas_macroeconomicas/5_2_1_si_anual.xlsx,2026-07-22T15:17:12Z
bcv_pib_sector_institucional_anual,Producto interno bruto por sector institucional anual,PIB por sector institucional,5_2_1_anual.xls,1997,Precios constantes,Nivel,Anual,2009,2009,,Sector institucional,Sector público,171068.27999999997,Bolívares,Preliminar,Banco Central de Venezuela,https://www.bcv.org.ve/sites/default/files/cuentas_macroeconomicas/5_2_1_anual.xls,2026-07-22T15:17:12Z
bcv_pib_sector_institucional_anual,Producto interno bruto por sector institucional anual,PIB por sector institucional,5_2_1_anual.xls,1997,Precios constantes,Variación porcentual interanual,Anual,2009,2009,,Sector institucional,Sector público,1.133400712924626,Porcentaje,Preliminar,Banco Central de Venezuela,https://www.bcv.org.ve/sites/default/files/cuentas_macroeconomicas/5_2_1_anual.xls,2026-07-22T15:17:12Z
bcv_pib_sector_institucional_anual,Producto interno bruto por sector institucional anual,Variaciones porcentuales,5_2_1_si_anual.xlsx,2007,Precios constantes,Variación porcentual interanual,Anual,2009,2009,,Sector institucional,Sector público,-2.19495361995844,Porcentaje,,Banco Central de Venezuela,https://www.bcv.org.ve/sites/default/files/cuentas_macroeconomicas/5_2_1_si_anual.xlsx,2026-07-22T15:17:12Z
bcv_pib_sector_institucional_anual,Producto interno bruto por sector institucional anual,PIB por sector institucional,5_2_1_anual.xls,1997,Precios constantes,Nivel,Anual,2010,2010,,Sector institucional,Sector público,171136.84999999998,Bolívares,Preliminar,Banco Central de Venezuela,https://www.bcv.org.ve/sites/default/files/cuentas_macroeconomicas/5_2_1_anual.xls,2026-07-22T15:17:12Z
bcv_pib_sector_institucional_anual,Producto interno bruto por sector institucional anual,PIB por sector institucional,5_2_1_anual.xls,1997,Precios constantes,Variación porcentual interanual,Anual,2010,2010,,Sector institucional,Sector público,0.040083409969398076,Porcentaje,Preliminar,Banco Central de Venezuela,https://www.bcv.org.ve/sites/default/files/cuentas_macroeconomicas/5_2_1_anual.xls,2026-07-22T15:17:12Z
bcv_pib_sector_institucional_anual,Producto interno bruto por sector institucional anual,Variaciones porcentuales,5_2_1_si_anual.xlsx,2007,Precios constantes,Variación porcentual interanual,Anual,2010,2010,,Sector institucional,Sector público,0.8392554872464615,Porcentaje,,Banco Central de Venezuela,https://www.bcv.org.ve/sites/default/files/cuentas_macroeconomicas/5_2_1_si_anual.xlsx,2026-07-22T15:17:12Z
bcv_pib_sector_institucional_anual,Producto interno bruto por sector institucional anual,PIB por sector institucional,5_2_1_anual.xls,1997,Precios constantes,Nivel,Anual,2011,2011,,Sector institucional,Sector público,180208.18,Bolívares,Preliminar,Banco Central de Venezuela,https://www.bcv.org.ve/sites/default/files/cuentas_macroeconomicas/5_2_1_anual.xls,2026-07-22T15:17:12Z
bcv_pib_sector_institucional_anual,Producto interno bruto por sector institucional anual,PIB por sector institucional,5_2_1_anual.xls,1997,Precios constantes,Variación porcentual interanual,Anual,2011,2011,,Sector institucional,Sector público,5.3006292917042686,Porcentaje,Preliminar,Banco Central de Venezuela,https://www.bcv.org.ve/sites/default/files/cuentas_macroeconomicas/5_2_1_anual.xls,2026-07-22T15:17:12Z
bcv_pib_sector_institucional_anual,Producto interno bruto por sector institucional anual,Variaciones porcentuales,5_2_1_si_anual.xlsx,2007,Precios constantes,Variación porcentual interanual,Anual,2011,2011,,Sector institucional,Sector público,2.0688840543199944,Porcentaje,,Banco Central de Venezuela,https://www.bcv.org.ve/sites/default/files/cuentas_macroeconomicas/5_2_1_si_anual.xlsx,2026-07-22T15:17:12Z
bcv_pib_sector_institucional_anual,Producto interno bruto por sector institucional anual,PIB por sector institucional,5_2_1_anual.xls,1997,Precios constantes,Nivel,Anual,2012,2012,,Sector institucional,Sector público,186959.02999999997,Bolívares,Preliminar,Banco Central de Venezuela,https://www.bcv.org.ve/sites/default/files/cuentas_macroeconomicas/5_2_1_anual.xls,2026-07-22T15:17:12Z
bcv_pib_sector_institucional_anual,Producto interno bruto por sector institucional anual,PIB por sector institucional,5_2_1_anual.xls,1997,Precios constantes,Variación porcentual interanual,Anual,2012,2012,,Sector institucional,Sector público,3.746139603651713,Porcentaje,Preliminar,Banco Central de Venezuela,https://www.bcv.org.ve/sites/default/files/cuentas_macroeconomicas/5_2_1_anual.xls,2026-07-22T15:17:12Z
bcv_pib_sector_institucional_anual,Producto interno bruto por sector institucional anual,Variaciones porcentuales,5_2_1_si_anual.xlsx,2007,Precios constantes,Variación porcentual interanual,Anual,2012,2012,,Sector institucional,Sector público,2.1123338737432107,Porcentaje,,Banco Central de Venezuela,https://www.bcv.org.ve/sites/default/files/cuentas_macroeconomicas/5_2_1_si_anual.xlsx,2026-07-22T15:17:12Z
bcv_pib_sector_institucional_anual,Producto interno bruto por sector institucional anual,PIB por sector institucional,5_2_1_anual.xls,1997,Precios constantes,Nivel,Anual,2013,2013,,Sector institucional,Sector público,191765.77999999997,Bolívares,Preliminar,Banco Central de Venezuela,https://www.bcv.org.ve/sites/default/files/cuentas_macroeconomicas/5_2_1_anual.xls,2026-07-22T15:17:12Z
bcv_pib_sector_institucional_anual,Producto interno bruto por sector institucional anual,PIB por sector institucional,5_2_1_anual.xls,1997,Precios constantes,Variación porcentual interanual,Anual,2013,2013,,Sector institucional,Sector público,2.571017832088657,Porcentaje,Preliminar,Banco Central de Venezuela,https://www.bcv.org.ve/sites/default/files/cuentas_macroeconomicas/5_2_1_anual.xls,2026-07-22T15:17:12Z
bcv_pib_sector_institucional_anual,Producto interno bruto por sector institucional anual,Variaciones porcentuales,5_2_1_si_anual.xlsx,2007,Precios constantes,Variación porcentual interanual,Anual,2013,2013,,Sector institucional,Sector público,3.16780012244233,Porcentaje,,Banco Central de Venezuela,https://www.bcv.org.ve/sites/default/files/cuentas_macroeconomicas/5_2_1_si_anual.xlsx,2026-07-22T15:17:12Z
bcv_pib_sector_institucional_anual,Producto interno bruto por sector institucional anual,PIB por sector institucional,5_2_1_anual.xls,1997,Precios constantes,Nivel,Anual,2014,2014,,Sector institucional,Sector público,191848.76,Bolívares,Preliminar,Banco Central de Venezuela,https://www.bcv.org.ve/sites/default/files/cuentas_macroeconomicas/5_2_1_anual.xls,2026-07-22T15:17:12Z
bcv_pib_sector_institucional_anual,Producto interno bruto por sector institucional anual,PIB por sector institucional,5_2_1_anual.xls,1997,Precios constantes,Variación porcentual interanual,Anual,2014,2014,,Sector institucional,Sector público,0.04327153676742057,Porcentaje,Preliminar,Banco Central de Venezuela,https://www.bcv.org.ve/sites/default/files/cuentas_macroeconomicas/5_2_1_anual.xls,2026-07-22T15:17:12Z
bcv_pib_sector_institucional_anual,Producto interno bruto por sector institucional anual,Variaciones porcentuales,5_2_1_si_anual.xlsx,2007,Precios constantes,Variación porcentual interanual,Anual,2014,2014,,Sector institucional,Sector público,-1.4760212886392452,Porcentaje,,Banco Central de Venezuela,https://www.bcv.org.ve/sites/default/files/cuentas_macroeconomicas/5_2_1_si_anual.xlsx,2026-07-22T15:17:12Z
bcv_pib_sector_institucional_anual,Producto interno bruto por sector institucional anual,PIB por sector institucional,5_2_1_anual.xls,1997,Precios constantes,Nivel,Anual,2015,2015,,Sector institucional,Sector público,194198.96,Bolívares,Preliminar,Banco Central de Venezuela,https://www.bcv.org.ve/sites/default/files/cuentas_macroeconomicas/5_2_1_anual.xls,2026-07-22T15:17:12Z
bcv_pib_sector_institucional_anual,Producto interno bruto por sector institucional anual,PIB por sector institucional,5_2_1_anual.xls,1997,Precios constantes,Variación porcentual interanual,Anual,2015,2015,,Sector institucional,Sector público,1.2250274643422046,Porcentaje,Preliminar,Banco Central de Venezuela,https://www.bcv.org.ve/sites/default/files/cuentas_macroeconomicas/5_2_1_anual.xls,2026-07-22T15:17:12Z
bcv_pib_sector_institucional_anual,Producto interno bruto por sector institucional anual,Variaciones porcentuales,5_2_1_si_anual.xlsx,2007,Precios constantes,Variación porcentual interanual,Anual,2015,2015,,Sector institucional,Sector público,-0.6180013916541185,Porcentaje,,Banco Central de Venezuela,https://www.bcv.org.ve/sites/default/files/cuentas_macroeconomicas/5_2_1_si_anual.xlsx,2026-07-22T15:17:12Z
bcv_pib_sector_institucional_anual,Producto interno bruto por sector institucional anual,PIB por sector institucional,5_2_1_anual.xls,1997,Precios constantes,Nivel,Anual,2016,2016,,Sector institucional,Sector público,184763.66999999998,Bolívares,Preliminar,Banco Central de Venezuela,https://www.bcv.org.ve/sites/default/files/cuentas_macroeconomicas/5_2_1_anual.xls,2026-07-22T15:17:12Z
bcv_pib_sector_institucional_anual,Producto interno bruto por sector institucional anual,PIB por sector institucional,5_2_1_anual.xls,1997,Precios constantes,Variación porcentual interanual,Anual,2016,2016,,Sector institucional,Sector público,-4.858568758555663,Porcentaje,Preliminar,Banco Central de Venezuela,https://www.bcv.org.ve/sites/default/files/cuentas_macroeconomicas/5_2_1_anual.xls,2026-07-22T15:17:12Z
bcv_pib_sector_institucional_anual,Producto interno bruto por sector institucional anual,Variaciones porcentuales,5_2_1_si_anual.xlsx,2007,Precios constantes,Variación porcentual interanual,Anual,2016,2016,,Sector institucional,Sector público,-8.886179930075087,Porcentaje,,Banco Central de Venezuela,https://www.bcv.org.ve/sites/default/files/cuentas_macroeconomicas/5_2_1_si_anual.xlsx,2026-07-22T15:17:12Z
bcv_pib_sector_institucional_anual,Producto interno bruto por sector institucional anual,PIB por sector institucional,5_2_1_anual.xls,1997,Precios constantes,Nivel,Anual,2017,2017,,Sector institucional,Sector público,171306.25,Bolívares,Preliminar,Banco Central de Venezuela,https://www.bcv.org.ve/sites/default/files/cuentas_macroeconomicas/5_2_1_anual.xls,2026-07-22T15:17:12Z
bcv_pib_sector_institucional_anual,Producto interno bruto por sector institucional anual,PIB por sector institucional,5_2_1_anual.xls,1997,Precios constantes,Variación porcentual interanual,Anual,2017,2017,,Sector institucional,Sector público,-7.283585566361609,Porcentaje,Preliminar,Banco Central de Venezuela,https://www.bcv.org.ve/sites/default/files/cuentas_macroeconomicas/5_2_1_anual.xls,2026-07-22T15:17:12Z
bcv_pib_sector_institucional_anual,Producto interno bruto por sector institucional anual,Variaciones porcentuales,5_2_1_si_anual.xlsx,2007,Precios constantes,Variación porcentual interanual,Anual,2017,2017,,Sector institucional,Sector público,-9.621490470958037,Porcentaje,Preliminar,Banco Central de Venezuela,https://www.bcv.org.ve/sites/default/files/cuentas_macroeconomicas/5_2_1_si_anual.xlsx,2026-07-22T15:17:12Z
bcv_pib_sector_institucional_anual,Producto interno bruto por sector institucional anual,PIB por sector institucional,5_2_1_anual.xls,1997,Precios constantes,Nivel,Anual,2018,2018,,Sector institucional,Sector público,146396.41999999998,Bolívares,Preliminar,Banco Central de Venezuela,https://www.bcv.org.ve/sites/default/files/cuentas_macroeconomicas/5_2_1_anual.xls,2026-07-22T15:17:12Z
bcv_pib_sector_institucional_anual,Producto interno bruto por sector institucional anual,PIB por sector institucional,5_2_1_anual.xls,1997,Precios constantes,Variación porcentual interanual,Anual,2018,2018,,Sector institucional,Sector público,-14.54110985442739,Porcentaje,Preliminar,Banco Central de Venezuela,https://www.bcv.org.ve/sites/default/files/cuentas_macroeconomicas/5_2_1_anual.xls,2026-07-22T15:17:12Z
bcv_pib_sector_institucional_anual,Producto interno bruto por sector institucional anual,Variaciones porcentuales,5_2_1_si_anual.xlsx,2007,Precios constantes,Variación porcentual interanual,Anual,2018,2018,,Sector institucional,Sector público,-19.493408135814732,Porcentaje,Preliminar,Banco Central de Venezuela,https://www.bcv.org.ve/sites/default/files/cuentas_macroeconomicas/5_2_1_si_anual.xlsx,2026-07-22T15:17:12Z
bcv_pib_sector_institucional_anual,Producto interno bruto por sector institucional anual,Variaciones porcentuales,5_2_1_si_anual.xlsx,2007,Precios constantes,Variación porcentual interanual,Anual,2019,2019,,Sector institucional,Sector público,-29.84374360505535,Porcentaje,Preliminar,Banco Central de Venezuela,https://www.bcv.org.ve/sites/default/files/cuentas_macroeconomicas/5_2_1_si_anual.xlsx,2026-07-22T15:17:12Z
bcv_pib_sector_institucional_anual,Producto interno bruto por sector institucional anual,Variaciones porcentuales,5_2_1_si_anual.xlsx,2007,Precios constantes,Variación porcentual interanual,Anual,2020,2020,,Sector institucional,Sector público,-43.21962123216706,Porcentaje,Preliminar,Banco Central de Venezuela,https://www.bcv.org.ve/sites/default/files/cuentas_macroeconomicas/5_2_1_si_anual.xlsx,2026-07-22T15:17:12Z
bcv_pib_sector_institucional_anual,Producto interno bruto por sector institucional anual,Variaciones porcentuales,5_2_1_si_anual.xlsx,2007,Precios constantes,Variación porcentual interanual,Anual,2021,2021,,Sector institucional,Sector público,-1.1603576082480203,Porcentaje,Preliminar,Banco Central de Venezuela,https://www.bcv.org.ve/sites/default/files/cuentas_macroeconomicas/5_2_1_si_anual.xlsx,2026-07-22T15:17:12Z
bcv_pib_sector_institucional_anual,Producto interno bruto por sector institucional anual,Variaciones porcentuales,5_2_1_si_anual.xlsx,2007,Precios constantes,Variación porcentual interanual,Anual,2022,2022,,Sector institucional,Sector público,13.158402044268016,Porcentaje,Preliminar,Banco Central de Venezuela,https://www.bcv.org.ve/sites/default/files/cuentas_macroeconomicas/5_2_1_si_anual.xlsx,2026-07-22T15:17:12Z
bcv_pib_sector_institucional_anual,Producto interno bruto por sector institucional anual,Variaciones porcentuales,5_2_1_si_anual.xlsx,2007,Precios constantes,Variación porcentual interanual,Anual,2023,2023,,Sector institucional,Sector público,3.434733713894218,Porcentaje,Preliminar,Banco Central de Venezuela,https://www.bcv.org.ve/sites/default/files/cuentas_macroeconomicas/5_2_1_si_anual.xlsx,2026-07-22T15:17:12Z
bcv_pib_sector_institucional_anual,Producto interno bruto por sector institucional anual,Variaciones porcentuales,5_2_1_si_anual.xlsx,2007,Precios constantes,Variación porcentual interanual,Anual,2024,2024,,Sector institucional,Sector público,9.27832874741246,Porcentaje,Preliminar,Banco Central de Venezuela,https://www.bcv.org.ve/sites/default/files/cuentas_macroeconomicas/5_2_1_si_anual.xlsx,2026-07-22T15:17:12Z
bcv_pib_sector_institucional_anual,Producto interno bruto por sector institucional anual,Variaciones porcentuales,5_2_1_si_anual.xlsx,2007,Precios constantes,Variación porcentual interanual,Anual,2025,2025,,Sector institucional,Sector público,9.5183677158347,Porcentaje,Preliminar,Banco Central de Venezuela,https://www.bcv.org.ve/sites/default/files/cuentas_macroeconomicas/5_2_1_si_anual.xlsx,2026-07-22T15:17:12Z
bcv_pib_sector_institucional_anual,Producto interno bruto por sector institucional anual,PIB por sector institucional,5_2_1_anual.xls,1997,Precios constantes,Nivel,Anual,1997,1997,,Sector institucional,Total,419431.51399999997,Bolívares,,Banco Central de Venezuela,https://www.bcv.org.ve/sites/default/files/cuentas_macroeconomicas/5_2_1_anual.xls,2026-07-22T15:17:12Z
bcv_pib_sector_institucional_anual,Producto interno bruto por sector institucional anual,PIB por sector institucional,5_2_1_anual.xls,1997,Precios constantes,Nivel,Anual,1998,1998,,Sector institucional,Total,420664.87,Bolívares,,Banco Central de Venezuela,https://www.bcv.org.ve/sites/default/files/cuentas_macroeconomicas/5_2_1_anual.xls,2026-07-22T15:17:12Z
bcv_pib_sector_institucional_anual,Producto interno bruto por sector institucional anual,PIB por sector institucional,5_2_1_anual.xls,1997,Precios constantes,Variación porcentual interanual,Anual,1998,1998,,Sector institucional,Total,0.29405420404341953,Porcentaje,,Banco Central de Venezuela,https://www.bcv.org.ve/sites/default/files/cuentas_macroeconomicas/5_2_1_anual.xls,2026-07-22T15:17:12Z
bcv_pib_sector_institucional_anual,Producto interno bruto por sector institucional anual,PIB por sector institucional,5_2_1_anual.xls,1997,Precios constantes,Nivel,Anual,1999,1999,,Sector institucional,Total,395549.24999999994,Bolívares,,Banco Central de Venezuela,https://www.bcv.org.ve/sites/default/files/cuentas_macroeconomicas/5_2_1_anual.xls,2026-07-22T15:17:12Z
bcv_pib_sector_institucional_anual,Producto interno bruto por sector institucional anual,PIB por sector institucional,5_2_1_anual.xls,1997,Precios constantes,Variación porcentual interanual,Anual,1999,1999,,Sector institucional,Total,-5.97045814641001,Porcentaje,,Banco Central de Venezuela,https://www.bcv.org.ve/sites/default/files/cuentas_macroeconomicas/5_2_1_anual.xls,2026-07-22T15:17:12Z
bcv_pib_sector_institucional_anual,Producto interno bruto por sector institucional anual,PIB por sector institucional,5_2_1_anual.xls,1997,Precios constantes,Nivel,Anual,2000,2000,,Sector institucional,Total,410132.93,Bolívares,,Banco Central de Venezuela,https://www.bcv.org.ve/sites/default/files/cuentas_macroeconomicas/5_2_1_anual.xls,2026-07-22T15:17:12Z
bcv_pib_sector_institucional_anual,Producto interno bruto por sector institucional anual,PIB por sector institucional,5_2_1_anual.xls,1997,Precios constantes,Variación porcentual interanual,Anual,2000,2000,,Sector institucional,Total,3.6869441668768275,Porcentaje,,Banco Central de Venezuela,https://www.bcv.org.ve/sites/default/files/cuentas_macroeconomicas/5_2_1_anual.xls,2026-07-22T15:17:12Z
bcv_pib_sector_institucional_anual,Producto interno bruto por sector institucional anual,PIB por sector institucional,5_2_1_anual.xls,1997,Precios constantes,Nivel,Anual,2001,2001,,Sector institucional,Total,424053.81,Bolívares,,Banco Central de Venezuela,https://www.bcv.org.ve/sites/default/files/cuentas_macroeconomicas/5_2_1_anual.xls,2026-07-22T15:17:12Z
bcv_pib_sector_institucional_anual,Producto interno bruto por sector institucional anual,PIB por sector institucional,5_2_1_anual.xls,1997,Precios constantes,Variación porcentual interanual,Anual,2001,2001,,Sector institucional,Total,3.3942361077907037,Porcentaje,,Banco Central de Venezuela,https://www.bcv.org.ve/sites/default/files/cuentas_macroeconomicas/5_2_1_anual.xls,2026-07-22T15:17:12Z
bcv_pib_sector_institucional_anual,Producto interno bruto por sector institucional anual,PIB por sector institucional,5_2_1_anual.xls,1997,Precios constantes,Nivel,Anual,2002,2002,,Sector institucional,Total,386501.1,Bolívares,,Banco Central de Venezuela,https://www.bcv.org.ve/sites/default/files/cuentas_macroeconomicas/5_2_1_anual.xls,2026-07-22T15:17:12Z
bcv_pib_sector_institucional_anual,Producto interno bruto por sector institucional anual,PIB por sector institucional,5_2_1_anual.xls,1997,Precios constantes,Variación porcentual interanual,Anual,2002,2002,,Sector institucional,Total,-8.855647352867791,Porcentaje,,Banco Central de Venezuela,https://www.bcv.org.ve/sites/default/files/cuentas_macroeconomicas/5_2_1_anual.xls,2026-07-22T15:17:12Z
bcv_pib_sector_institucional_anual,Producto interno bruto por sector institucional anual,PIB por sector institucional,5_2_1_anual.xls,1997,Precios constantes,Nivel,Anual,2003,2003,,Sector institucional,Total,356526.78,Bolívares,,Banco Central de Venezuela,https://www.bcv.org.ve/sites/default/files/cuentas_macroeconomicas/5_2_1_anual.xls,2026-07-22T15:17:12Z
bcv_pib_sector_institucional_anual,Producto interno bruto por sector institucional anual,PIB por sector institucional,5_2_1_anual.xls,1997,Precios constantes,Variación porcentual interanual,Anual,2003,2003,,Sector institucional,Total,-7.755300049598816,Porcentaje,,Banco Central de Venezuela,https://www.bcv.org.ve/sites/default/files/cuentas_macroeconomicas/5_2_1_anual.xls,2026-07-22T15:17:12Z
bcv_pib_sector_institucional_anual,Producto interno bruto por sector institucional anual,PIB por sector institucional,5_2_1_anual.xls,1997,Precios constantes,Nivel,Anual,2004,2004,,Sector institucional,Total,421723.43000000005,Bolívares,,Banco Central de Venezuela,https://www.bcv.org.ve/sites/default/files/cuentas_macroeconomicas/5_2_1_anual.xls,2026-07-22T15:17:12Z
bcv_pib_sector_institucional_anual,Producto interno bruto por sector institucional anual,PIB por sector institucional,5_2_1_anual.xls,1997,Precios constantes,Variación porcentual interanual,Anual,2004,2004,,Sector institucional,Total,18.286606689124454,Porcentaje,,Banco Central de Venezuela,https://www.bcv.org.ve/sites/default/files/cuentas_macroeconomicas/5_2_1_anual.xls,2026-07-22T15:17:12Z
bcv_pib_sector_institucional_anual,Producto interno bruto por sector institucional anual,PIB por sector institucional,5_2_1_anual.xls,1997,Precios constantes,Nivel,Anual,2005,2005,,Sector institucional,Total,465236.36,Bolívares,,Banco Central de Venezuela,https://www.bcv.org.ve/sites/default/files/cuentas_macroeconomicas/5_2_1_anual.xls,2026-07-22T15:17:12Z
bcv_pib_sector_institucional_anual,Producto interno bruto por sector institucional anual,PIB por sector institucional,5_2_1_anual.xls,1997,Precios constantes,Variación porcentual interanual,Anual,2005,2005,,Sector institucional,Total,10.317882978424976,Porcentaje,,Banco Central de Venezuela,https://www.bcv.org.ve/sites/default/files/cuentas_macroeconomicas/5_2_1_anual.xls,2026-07-22T15:17:12Z
bcv_pib_sector_institucional_anual,Producto interno bruto por sector institucional anual,PIB por sector institucional,5_2_1_anual.xls,1997,Precios constantes,Nivel,Anual,2006,2006,,Sector institucional,Total,511165.76999999996,Bolívares,,Banco Central de Venezuela,https://www.bcv.org.ve/sites/default/files/cuentas_macroeconomicas/5_2_1_anual.xls,2026-07-22T15:17:12Z
bcv_pib_sector_institucional_anual,Producto interno bruto por sector institucional anual,PIB por sector institucional,5_2_1_anual.xls,1997,Precios constantes,Variación porcentual interanual,Anual,2006,2006,,Sector institucional,Total,9.872274385432817,Porcentaje,,Banco Central de Venezuela,https://www.bcv.org.ve/sites/default/files/cuentas_macroeconomicas/5_2_1_anual.xls,2026-07-22T15:17:12Z
bcv_pib_sector_institucional_anual,Producto interno bruto por sector institucional anual,PIB por sector institucional,5_2_1_anual.xls,1997,Precios constantes,Nivel,Anual,2007,2007,,Sector institucional,Total,555910.5900000001,Bolívares,,Banco Central de Venezuela,https://www.bcv.org.ve/sites/default/files/cuentas_macroeconomicas/5_2_1_anual.xls,2026-07-22T15:17:12Z
bcv_pib_sector_institucional_anual,Producto interno bruto por sector institucional anual,PIB por sector institucional,5_2_1_anual.xls,1997,Precios constantes,Variación porcentual interanual,Anual,2007,2007,,Sector institucional,Total,8.753485195223476,Porcentaje,,Banco Central de Venezuela,https://www.bcv.org.ve/sites/default/files/cuentas_macroeconomicas/5_2_1_anual.xls,2026-07-22T15:17:12Z
bcv_pib_sector_institucional_anual,Producto interno bruto por sector institucional anual,PIB por sector institucional,5_2_1_anual.xls,1997,Precios constantes,Nivel,Anual,2008,2008,,Sector institucional,Total,585250.74,Bolívares,Preliminar,Banco Central de Venezuela,https://www.bcv.org.ve/sites/default/files/cuentas_macroeconomicas/5_2_1_anual.xls,2026-07-22T15:17:12Z
bcv_pib_sector_institucional_anual,Producto interno bruto por sector institucional anual,PIB por sector institucional,5_2_1_anual.xls,1997,Precios constantes,Variación porcentual interanual,Anual,2008,2008,,Sector institucional,Total,5.277854123987808,Porcentaje,Preliminar,Banco Central de Venezuela,https://www.bcv.org.ve/sites/default/files/cuentas_macroeconomicas/5_2_1_anual.xls,2026-07-22T15:17:12Z
bcv_pib_sector_institucional_anual,Producto interno bruto por sector institucional anual,Variaciones porcentuales,5_2_1_si_anual.xlsx,2007,Precios constantes,Variación porcentual interanual,Anual,2008,2008,,Sector institucional,Total,3.276408308619679,Porcentaje,,Banco Central de Venezuela,https://www.bcv.org.ve/sites/default/files/cuentas_macroeconomicas/5_2_1_si_anual.xlsx,2026-07-22T15:17:12Z
bcv_pib_sector_institucional_anual,Producto interno bruto por sector institucional anual,PIB por sector institucional,5_2_1_anual.xls,1997,Precios constantes,Nivel,Anual,2009,2009,,Sector institucional,Total,566509.24,Bolívares,Preliminar,Banco Central de Venezuela,https://www.bcv.org.ve/sites/default/files/cuentas_macroeconomicas/5_2_1_anual.xls,2026-07-22T15:17:12Z
bcv_pib_sector_institucional_anual,Producto interno bruto por sector institucional anual,PIB por sector institucional,5_2_1_anual.xls,1997,Precios constantes,Variación porcentual interanual,Anual,2009,2009,,Sector institucional,Total,-3.202302657490023,Porcentaje,Preliminar,Banco Central de Venezuela,https://www.bcv.org.ve/sites/default/files/cuentas_macroeconomicas/5_2_1_anual.xls,2026-07-22T15:17:12Z
bcv_pib_sector_institucional_anual,Producto interno bruto por sector institucional anual,Variaciones porcentuales,5_2_1_si_anual.xlsx,2007,Precios constantes,Variación porcentual interanual,Anual,2009,2009,,Sector institucional,Total,-4.095858699654258,Porcentaje,,Banco Central de Venezuela,https://www.bcv.org.ve/sites/default/files/cuentas_macroeconomicas/5_2_1_si_anual.xlsx,2026-07-22T15:17:12Z
bcv_pib_sector_institucional_anual,Producto interno bruto por sector institucional anual,PIB por sector institucional,5_2_1_anual.xls,1997,Precios constantes,Nivel,Anual,2010,2010,,Sector institucional,Total,558075.1,Bolívares,Preliminar,Banco Central de Venezuela,https://www.bcv.org.ve/sites/default/files/cuentas_macroeconomicas/5_2_1_anual.xls,2026-07-22T15:17:12Z
bcv_pib_sector_institucional_anual,Producto interno bruto por sector institucional anual,PIB por sector institucional,5_2_1_anual.xls,1997,Precios constantes,Variación porcentual interanual,Anual,2010,2010,,Sector institucional,Total,-1.4887912507834784,Porcentaje,Preliminar,Banco Central de Venezuela,https://www.bcv.org.ve/sites/default/files/cuentas_macroeconomicas/5_2_1_anual.xls,2026-07-22T15:17:12Z
bcv_pib_sector_institucional_anual,Producto interno bruto por sector institucional anual,Variaciones porcentuales,5_2_1_si_anual.xlsx,2007,Precios constantes,Variación porcentual interanual,Anual,2010,2010,,Sector institucional,Total,-0.6620080132279327,Porcentaje,,Banco Central de Venezuela,https://www.bcv.org.ve/sites/default/files/cuentas_macroeconomicas/5_2_1_si_anual.xlsx,2026-07-22T15:17:12Z
bcv_pib_sector_institucional_anual,Producto interno bruto por sector institucional anual,PIB por sector institucional,5_2_1_anual.xls,1997,Precios constantes,Nivel,Anual,2011,2011,,Sector institucional,Total,581382.69,Bolívares,Preliminar,Banco Central de Venezuela,https://www.bcv.org.ve/sites/default/files/cuentas_macroeconomicas/5_2_1_anual.xls,2026-07-22T15:17:12Z
bcv_pib_sector_institucional_anual,Producto interno bruto por sector institucional anual,PIB por sector institucional,5_2_1_anual.xls,1997,Precios constantes,Variación porcentual interanual,Anual,2011,2011,,Sector institucional,Total,4.176425359239275,Porcentaje,Preliminar,Banco Central de Venezuela,https://www.bcv.org.ve/sites/default/files/cuentas_macroeconomicas/5_2_1_anual.xls,2026-07-22T15:17:12Z
bcv_pib_sector_institucional_anual,Producto interno bruto por sector institucional anual,Variaciones porcentuales,5_2_1_si_anual.xlsx,2007,Precios constantes,Variación porcentual interanual,Anual,2011,2011,,Sector institucional,Total,2.7289428836952254,Porcentaje,,Banco Central de Venezuela,https://www.bcv.org.ve/sites/default/files/cuentas_macroeconomicas/5_2_1_si_anual.xlsx,2026-07-22T15:17:12Z
bcv_pib_sector_institucional_anual,Producto interno bruto por sector institucional anual,PIB por sector institucional,5_2_1_anual.xls,1997,Precios constantes,Nivel,Anual,2012,2012,,Sector institucional,Total,614091.0299999999,Bolívares,Preliminar,Banco Central de Venezuela,https://www.bcv.org.ve/sites/default/files/cuentas_macroeconomicas/5_2_1_anual.xls,2026-07-22T15:17:12Z
bcv_pib_sector_institucional_anual,Producto interno bruto por sector institucional anual,PIB por sector institucional,5_2_1_anual.xls,1997,Precios constantes,Variación porcentual interanual,Anual,2012,2012,,Sector institucional,Total,5.62595697508641,Porcentaje,Preliminar,Banco Central de Venezuela,https://www.bcv.org.ve/sites/default/files/cuentas_macroeconomicas/5_2_1_anual.xls,2026-07-22T15:17:12Z
bcv_pib_sector_institucional_anual,Producto interno bruto por sector institucional anual,Variaciones porcentuales,5_2_1_si_anual.xlsx,2007,Precios constantes,Variación porcentual interanual,Anual,2012,2012,,Sector institucional,Total,4.2433000303055906,Porcentaje,,Banco Central de Venezuela,https://www.bcv.org.ve/sites/default/files/cuentas_macroeconomicas/5_2_1_si_anual.xlsx,2026-07-22T15:17:12Z
bcv_pib_sector_institucional_anual,Producto interno bruto por sector institucional anual,PIB por sector institucional,5_2_1_anual.xls,1997,Precios constantes,Nivel,Anual,2013,2013,,Sector institucional,Total,622338.85,Bolívares,Preliminar,Banco Central de Venezuela,https://www.bcv.org.ve/sites/default/files/cuentas_macroeconomicas/5_2_1_anual.xls,2026-07-22T15:17:12Z
bcv_pib_sector_institucional_anual,Producto interno bruto por sector institucional anual,PIB por sector institucional,5_2_1_anual.xls,1997,Precios constantes,Variación porcentual interanual,Anual,2013,2013,,Sector institucional,Total,1.3430940360747599,Porcentaje,Preliminar,Banco Central de Venezuela,https://www.bcv.org.ve/sites/default/files/cuentas_macroeconomicas/5_2_1_anual.xls,2026-07-22T15:17:12Z
bcv_pib_sector_institucional_anual,Producto interno bruto por sector institucional anual,Variaciones porcentuales,5_2_1_si_anual.xlsx,2007,Precios constantes,Variación porcentual interanual,Anual,2013,2013,,Sector institucional,Total,0.07771331367443679,Porcentaje,,Banco Central de Venezuela,https://www.bcv.org.ve/sites/default/files/cuentas_macroeconomicas/5_2_1_si_anual.xlsx,2026-07-22T15:17:12Z
bcv_pib_sector_institucional_anual,Producto interno bruto por sector institucional anual,PIB por sector institucional,5_2_1_anual.xls,1997,Precios constantes,Nivel,Anual,2014,2014,,Sector institucional,Total,598102.5700000001,Bolívares,Preliminar,Banco Central de Venezuela,https://www.bcv.org.ve/sites/default/files/cuentas_macroeconomicas/5_2_1_anual.xls,2026-07-22T15:17:12Z
bcv_pib_sector_institucional_anual,Producto interno bruto por sector institucional anual,PIB por sector institucional,5_2_1_anual.xls,1997,Precios constantes,Variación porcentual interanual,Anual,2014,2014,,Sector institucional,Total,-3.8943864745065895,Porcentaje,Preliminar,Banco Central de Venezuela,https://www.bcv.org.ve/sites/default/files/cuentas_macroeconomicas/5_2_1_anual.xls,2026-07-22T15:17:12Z
bcv_pib_sector_institucional_anual,Producto interno bruto por sector institucional anual,Variaciones porcentuales,5_2_1_si_anual.xlsx,2007,Precios constantes,Variación porcentual interanual,Anual,2014,2014,,Sector institucional,Total,-2.3058071825233384,Porcentaje,,Banco Central de Venezuela,https://www.bcv.org.ve/sites/default/files/cuentas_macroeconomicas/5_2_1_si_anual.xlsx,2026-07-22T15:17:12Z
bcv_pib_sector_institucional_anual,Producto interno bruto por sector institucional anual,PIB por sector institucional,5_2_1_anual.xls,1997,Precios constantes,Nivel,Anual,2015,2015,,Sector institucional,Total,560892.39,Bolívares,Preliminar,Banco Central de Venezuela,https://www.bcv.org.ve/sites/default/files/cuentas_macroeconomicas/5_2_1_anual.xls,2026-07-22T15:17:12Z
bcv_pib_sector_institucional_anual,Producto interno bruto por sector institucional anual,PIB por sector institucional,5_2_1_anual.xls,1997,Precios constantes,Variación porcentual interanual,Anual,2015,2015,,Sector institucional,Total,-6.221371026712035,Porcentaje,Preliminar,Banco Central de Venezuela,https://www.bcv.org.ve/sites/default/files/cuentas_macroeconomicas/5_2_1_anual.xls,2026-07-22T15:17:12Z
bcv_pib_sector_institucional_anual,Producto interno bruto por sector institucional anual,Variaciones porcentuales,5_2_1_si_anual.xlsx,2007,Precios constantes,Variación porcentual interanual,Anual,2015,2015,,Sector institucional,Total,-3.868720967947553,Porcentaje,,Banco Central de Venezuela,https://www.bcv.org.ve/sites/default/files/cuentas_macroeconomicas/5_2_1_si_anual.xlsx,2026-07-22T15:17:12Z
bcv_pib_sector_institucional_anual,Producto interno bruto por sector institucional anual,PIB por sector institucional,5_2_1_anual.xls,1997,Precios constantes,Nivel,Anual,2016,2016,,Sector institucional,Total,465314.44999999995,Bolívares,Preliminar,Banco Central de Venezuela,https://www.bcv.org.ve/sites/default/files/cuentas_macroeconomicas/5_2_1_anual.xls,2026-07-22T15:17:12Z
bcv_pib_sector_institucional_anual,Producto interno bruto por sector institucional anual,PIB por sector institucional,5_2_1_anual.xls,1997,Precios constantes,Variación porcentual interanual,Anual,2016,2016,,Sector institucional,Total,-17.040334599654685,Porcentaje,Preliminar,Banco Central de Venezuela,https://www.bcv.org.ve/sites/default/files/cuentas_macroeconomicas/5_2_1_anual.xls,2026-07-22T15:17:12Z
bcv_pib_sector_institucional_anual,Producto interno bruto por sector institucional anual,Variaciones porcentuales,5_2_1_si_anual.xlsx,2007,Precios constantes,Variación porcentual interanual,Anual,2016,2016,,Sector institucional,Total,-16.97801742690727,Porcentaje,,Banco Central de Venezuela,https://www.bcv.org.ve/sites/default/files/cuentas_macroeconomicas/5_2_1_si_anual.xlsx,2026-07-22T15:17:12Z
bcv_pib_sector_institucional_anual,Producto interno bruto por sector institucional anual,PIB por sector institucional,5_2_1_anual.xls,1997,Precios constantes,Nivel,Anual,2017,2017,,Sector institucional,Total,392393.12,Bolívares,Preliminar,Banco Central de Venezuela,https://www.bcv.org.ve/sites/default/files/cuentas_macroeconomicas/5_2_1_anual.xls,2026-07-22T15:17:12Z
bcv_pib_sector_institucional_anual,Producto interno bruto por sector institucional anual,PIB por sector institucional,5_2_1_anual.xls,1997,Precios constantes,Variación porcentual interanual,Anual,2017,2017,,Sector institucional,Total,-15.671408872000427,Porcentaje,Preliminar,Banco Central de Venezuela,https://www.bcv.org.ve/sites/default/files/cuentas_macroeconomicas/5_2_1_anual.xls,2026-07-22T15:17:12Z
bcv_pib_sector_institucional_anual,Producto interno bruto por sector institucional anual,Variaciones porcentuales,5_2_1_si_anual.xlsx,2007,Precios constantes,Variación porcentual interanual,Anual,2017,2017,,Sector institucional,Total,-14.420107217382423,Porcentaje,Preliminar,Banco Central de Venezuela,https://www.bcv.org.ve/sites/default/files/cuentas_macroeconomicas/5_2_1_si_anual.xlsx,2026-07-22T15:17:12Z
bcv_pib_sector_institucional_anual,Producto interno bruto por sector institucional anual,PIB por sector institucional,5_2_1_anual.xls,1997,Precios constantes,Nivel,Anual,2018,2018,,Sector institucional,Total,315399.89,Bolívares,Preliminar,Banco Central de Venezuela,https://www.bcv.org.ve/sites/default/files/cuentas_macroeconomicas/5_2_1_anual.xls,2026-07-22T15:17:12Z
bcv_pib_sector_institucional_anual,Producto interno bruto por sector institucional anual,PIB por sector institucional,5_2_1_anual.xls,1997,Precios constantes,Variación porcentual interanual,Anual,2018,2018,,Sector institucional,Total,-19.621452588159542,Porcentaje,Preliminar,Banco Central de Venezuela,https://www.bcv.org.ve/sites/default/files/cuentas_macroeconomicas/5_2_1_anual.xls,2026-07-22T15:17:12Z
bcv_pib_sector_institucional_anual,Producto interno bruto por sector institucional anual,Variaciones porcentuales,5_2_1_si_anual.xlsx,2007,Precios constantes,Variación porcentual interanual,Anual,2018,2018,,Sector institucional,Total,-21.39586857963141,Porcentaje,Preliminar,Banco Central de Venezuela,https://www.bcv.org.ve/sites/default/files/cuentas_macroeconomicas/5_2_1_si_anual.xlsx,2026-07-22T15:17:12Z
bcv_pib_sector_institucional_anual,Producto interno bruto por sector institucional anual,Variaciones porcentuales,5_2_1_si_anual.xlsx,2007,Precios constantes,Variación porcentual interanual,Anual,2019,2019,,Sector institucional,Total,-28.991458295234224,Porcentaje,Preliminar,Banco Central de Venezuela,https://www.bcv.org.ve/sites/default/files/cuentas_macroeconomicas/5_2_1_si_anual.xlsx,2026-07-22T15:17:12Z
bcv_pib_sector_institucional_anual,Producto interno bruto por sector institucional anual,Variaciones porcentuales,5_2_1_si_anual.xlsx,2007,Precios constantes,Variación porcentual interanual,Anual,2020,2020,,Sector institucional,Total,-33.20381272402878,Porcentaje,Preliminar,Banco Central de Venezuela,https://www.bcv.org.ve/sites/default/files/cuentas_macroeconomicas/5_2_1_si_anual.xlsx,2026-07-22T15:17:12Z
bcv_pib_sector_institucional_anual,Producto interno bruto por sector institucional anual,Variaciones porcentuales,5_2_1_si_anual.xlsx,2007,Precios constantes,Variación porcentual interanual,Anual,2021,2021,,Sector institucional,Total,1.1110162502640435,Porcentaje,Preliminar,Banco Central de Venezuela,https://www.bcv.org.ve/sites/default/files/cuentas_macroeconomicas/5_2_1_si_anual.xlsx,2026-07-22T15:17:12Z
bcv_pib_sector_institucional_anual,Producto interno bruto por sector institucional anual,Variaciones porcentuales,5_2_1_si_anual.xlsx,2007,Precios constantes,Variación porcentual interanual,Anual,2022,2022,,Sector institucional,Total,14.917680227650166,Porcentaje,Preliminar,Banco Central de Venezuela,https://www.bcv.org.ve/sites/default/files/cuentas_macroeconomicas/5_2_1_si_anual.xlsx,2026-07-22T15:17:12Z
bcv_pib_sector_institucional_anual,Producto interno bruto por sector institucional anual,Variaciones porcentuales,5_2_1_si_anual.xlsx,2007,Precios constantes,Variación porcentual interanual,Anual,2023,2023,,Sector institucional,Total,5.143618581513593,Porcentaje,Preliminar,Banco Central de Venezuela,https://www.bcv.org.ve/sites/default/files/cuentas_macroeconomicas/5_2_1_si_anual.xlsx,2026-07-22T15:17:12Z
bcv_pib_sector_institucional_anual,Producto interno bruto por sector institucional anual,Variaciones porcentuales,5_2_1_si_anual.xlsx,2007,Precios constantes,Variación porcentual interanual,Anual,2024,2024,,Sector institucional,Total,9.025539143402,Porcentaje,Preliminar,Banco Central de Venezuela,https://www.bcv.org.ve/sites/default/files/cuentas_macroeconomicas/5_2_1_si_anual.xlsx,2026-07-22T15:17:12Z
bcv_pib_sector_institucional_anual,Producto interno bruto por sector institucional anual,Variaciones porcentuales,5_2_1_si_anual.xlsx,2007,Precios constantes,Variación porcentual interanual,Anual,2025,2025,,Sector institucional,Total,8.944487326024571,Porcentaje,Preliminar,Banco Central de Venezuela,https://www.bcv.org.ve/sites/default/files/cuentas_macroeconomicas/5_2_1_si_anual.xlsx,2026-07-22T15:17:12Z
